#,Hotel Name (English),Hotel Name (Arabic),City,License Number,Classification,Status,Hotel ID
1,Dar Al Iman InterContinental,فندق دار الايمان انتركونتنتال,Madina,1988,2-Star,Active,219338
2,SHAKIR AL GHAZA HOTEL,فندق شاكر الغزة الفندقية,Makkah,10009449,1-Star,Active,221575
3,Dar Al Wafedeen Hotel,فندق دار الوافدين الفندقية,Makkah,10009484,1-Star,Active,239458
4,nuzul rawabi alwahaj,نزل روابي الوهج للنزل السياحيه,Makkah,10009499,Unclassified/Other,Active,243035
5,LULAH AJYAD HOTEL,فندق لؤلؤة اجياد للايواء السياحي,Makkah,10009498,1-Star,Active,221005
6,ethar alwahaj hotel,فندق إيثار الوهج الفندقية,Makkah,10009500,1-Star,Active,241174
7,Park Royal Hotel Company,شركة بارك رويال الفندقية,Makkah,10009547,3-Star,Active,209536
8,Asrar Al-Ti Service Company for Hotel Services,شركة اسرار التيسير للخدمات الفندقيه,Makkah,10009556,1-Star,Active,230579
9,Kanf Hotel,شركة كنف الفندقية,Makkah,10009553,1-Star,Active,259375
10,Company EJIAD ALBAET Hotel,شركة اجياد البيت الفندقية,Makkah,10002275,3-Star,Active,210077
11,DIAFAT ALRAJAA HOTEL,فندق ضيافة الرجاء,Makkah,10001158,3-Star,Active,45518
12,BORJ AL DEAFAH HOTEL,فندق برج الضيافة الفندقية,Makkah,10001435,1-Star,Active,224579
13,Novotel Thakher Hotel,فندق نوفوتيل ذاخر الفندقية,Makkah,10002107,4-Star,Active,220403
14,Makarem Umm Al Qura Hotel,فندق مكارم أم القرى,Makkah,10002241,Unclassified/Other,Active,220998
15,MASARAT AL KHALIL HOTEL,شركة مسارات الخليل,Makkah,10002446,Unclassified/Other,Active,221978
16,MASARAT SILVER HOTEL,فندق مسارات الفضي الفندقية,Makkah,10002441,Unclassified/Other,Active,221856
17,Snood Al Rayyan Hotel,فندق سنود الريان للخدمات الفندقيه,Makkah,10001983,2-Star,Active,254520
18,al ahbab al kobra hotel,فندق الاحباب الكبرى الفندقية,Makkah,10002233,1-Star,Active,246588
19,Mysk Albalad Rawafed,شركة البلد روافد الفندقية,Madina,10002215,3-Star,Active,230278
20,Mira Mar Hotel,فندق ميرا مار الفندقية,Madina,10002161,1-Star,Active,269340
21,Makkah Hotel & Towers,شركة فندق ابراج شركة مكه الفندقية شركة شخص واحد,Makkah,10000983,1-Star,Active,219628
22,alekhwa tabarak hotel,فندق الاخوة تبارك الفندقية,Makkah,10002062,1-Star,Active,290679
23,Hajar Tower Real Estate Company Limited Movenpick,شركة برج هاجر العقارية المحدودة,Makkah,10001330,4-Star,Active,33661
24,Ajwad Ajyad Hotel,فندق أجواد أجياد,Makkah,10001556,1-Star,Active,218429
25,funduq jawharat alshariea,فندق جوهرة الشريعة الفندقية,Makkah,10002483,1-Star,Active,219117
26,Hasanah suites,شقق أجنحة حسنة للشقق المخدومة,Madina,10002000,2-Star,Active,254995
27,Odest Hotel,فندق اوديست المدينة,Madina,10001866,Unclassified/Other,Active,235749
28,ABEER AL DEAFAH HOTEL,فندق عبير الضيافة الفندقية,Makkah,10001875,1-Star,Active,228120
29,nusl hotel company,شركة فندق نسك المدينة المحدودة,Madina,10000988,1-Star,Active,239197
30,Nour Al Raqia for Serviced Apartments,شقق نور الراقية للوحدات السكنية,Madina,10001835,2-Star,Active,259361
31,Jawad Al Taj Hotel,فندق جواد التاج الفندقية,Makkah,10001850,Unclassified/Other,Active,221395
32,Nada Alsalam Hotel,فندق ندى السلام الفندقية,Madina,10002329,1-Star,Active,274138
33,Company Pradais Ness Hotel,شركة برادايس نيس الفندقية,Makkah,10001130,1-Star,Active,241441
34,alZhil alAjnihah Hotel Hotel Establishment,مؤسسة فندق الظل الأجنحة الفندقية,Makkah,10001692,Unclassified/Other,Active,302756
35,Violet Three Hotel,فندق فيوليت ثلاثة الفندقية,Makkah,10000966,2-Star,Active,211570
36,Tharawat Al-Khalil Hotel,فندق ثروات الخليل,Makkah,10002200,1-Star,Active,244436
37,Suleiman Musa Al-Olayan Diamond Hotel,فندق سليمان موسى العليان الفندقية,Makkah,10002506,1-Star,Active,253964
38,Nuzhat Al Naseem Hotel,فندق نزهة النسيم الفندقية,Makkah,10001665,1-Star,Active,282793
39,TAIF ALNEBRAS HOTEL,فندق طيف النبراس الفندقية,Madina,10002279,Unclassified/Other,Active,287499
40,DIARY HOTEL COMPANY,شركة دياري الفندقية شركة شخص واحد,Makkah,10002093,1-Star,Active,107094
41,wahat al deafah hotel,فندق واحة الضيافة الفندقية,Makkah,10002047,2-Star,Active,95495
42,Ajyad Aljiwar Hotel,فندق أجياد الجوار الفندقية,Makkah,10002267,1-Star,Active,220571
43,SEDAIR KARAH HOTEL,فندق سدير كرم الفندقية,Makkah,10001652,1-Star,Active,211733
44,SYOOF ALSHUHADAA HOTEL,فندق سيوف الشهداء الفندقية,Makkah,10000538,1-Star,Active,221024
45,MAATHER ALDIYAFA,شركة مأثر الضيافة لخدمات المعتمرين  ,Makkah,10001669,4-Star,Active,254106
46,Rawdat Al shrroq hotel,فندق روضة الشروق الفندقية,Makkah,10002156,Unclassified/Other,Active,289335
47,Ghala Al Taj Hotel,فندق غلا التاج ,Makkah,10001865,Unclassified/Other,Active,290137
48,amal abdullazez,شقق مسكن الجواد للشقق المخدومة,Madina,10001284,Code 27,Active,301475
49,Afraa Hotel,فندق عفراء الفندقية,Makkah,10000993,3-Star,Active,218631
50,Al Masa Private Limited Company,شركة الماسة الخاصة المحدودة,Makkah,10002514,3-Star,Active,219022
51,Areej Alwafa Hotel,فندق أريج الوفاء الفندقية,Makkah,10002505,Unclassified/Other,Active,232382
52,Holiday inn Hotel,فندق هوليدي إن بكة الفندقية,Makkah,10002352,Unclassified/Other,Active,221117
53,REHAB AL MOHABBAH HOTEL,فندق رحاب المحبة,Makkah,10002170,1-Star,Active,94815
54,Jabal Omar Hilton Suite,فندق جبل عمر اجنحة هيلتون,Makkah,10002500,4-Star,Active,219569
55,Rabwah Al Safwa Hotel,فندق ربوة الصفوة فرع شركة الريان المكية المحدودة,Makkah,10001671,Unclassified/Other,Active,291776
56,manazil alrahma hotel,فندق منازل الرحمة الفندقية,Madina,10002137,Unclassified/Other,Active,289295
57,Makkah Royal Hotel,فندق مكة رويال,Makkah,10002100,1-Star,Active,289155
58,manar al sheroq hotel,فندق منار الشروق الفندقية,Makkah,10002204,Unclassified/Other,Active,293357
59,Jayan Hotel,فندق جيان فرع شركة جيان العالمية المحدودة,Makkah,10001992,1-Star,Active,211514
60,ANJUM HOTELS,شركة أنجم لتشغيل الفنادق,Makkah,10001487,5-Star,Active,219501
61,Hayah Grand Hotel,فندق حياة جراند,Madina,10001329,Unclassified/Other,Active,290055
62,RAMADA by Wyndham Makkah Zad Plus,شركة رمادا زاد بلس الفندقية,Makkah,10002141,4-Star,Active,213720
63,Altalaea Hotels,شركة الطلائع الفندقية,Makkah,10005693,Unclassified/Other,Active,289015
64,Arafat Golden Company,شركة عرفات الذهبية,Makkah,10002004,2-Star,Active,219402
65,Bright Hotel,فندق برايت الفندقية,Makkah,10005125,2-Star,Active,222092
66,Saraya Al-Sultans Hotel,فندق سرايا السلاطين الفندقية,Makkah,10004431,1-Star,Active,248543
67,Doubletree By Hilton Jabal Omar Makkah,فندق جبل عمر دبل تري باي هيلتون,Makkah,10002349,4-Star,Active,219590
68,ALZAHRA ALRAQI HOTEL,فندق الزهراء الراقي للايواء السياحي,Madina,10001821,Unclassified/Other,Active,292235
69,Mohammed Al-Sbitani Hotel Apartments,شقق محمد السبيتاني للشقق الفندقية,Makkah,10001343,2-Star,Active,271415
70,Retaj Al Hayat Hotel Operations Company,مؤسسة رتاج الحياة لتشغيل الفنادق,Makkah,10002213,1-Star,Active,209614
71,Azka ALmaqam hotel,فندق أزكى المقام الفندقية,Makkah,10002212,1-Star,Active,197448
72,Golden Falah Homes Hotel,فندق منازل الفلاح الذهبي الفندقية,Madina,10001735,Unclassified/Other,Active,259315
73,GRAND SAFI HOTEL,جراند الصافي,Madina,10002298,1-Star,Active,235835
74,Riyadh Deafah Hotel,فندق رياض الضيافة الفندقية,Makkah,10001869,1-Star,Active,217964
75,Hotel Hareth Mohammed Bahareth,فندق حارث محمد باحارث الفندقية,Makkah,10001710,Unclassified/Other,Active,234469
76,Manasik Alnoor Co,شركة مناسك النور لإدارة وتشغيل المباني ,Makkah,10001496,1-Star,Active,218697
77,RAWDHAT ALTAWHEED,فندق روضة التوحيد الفندقية,Makkah,10003172,1-Star,Active,291275
78,Makarem Diafa One House Hotel,فندق مكارم ضيافة البيت واحد الفندقية,Makkah,10002368,1-Star,Active,255018
79,Shamoukh Saad Hotel for Tourist Accommodation,فندق شموخ سعد للايواء السياحي,Makkah,10006286,1-Star,Active,223552
80,Mead Al Majd Hotel,فندق ميعاد المجد الفندقية,Makkah,10002277,Unclassified/Other,Active,246584
81,Safwat Al Bait Hotel,فندق صفوة البيت الفندقية,Makkah,10002869,1-Star,Active,241155
82,Maghreb Hotel,فندق المغاربي للشقق الفندقية,Madina,10001433,2-Star,Active,242930
83,HOTEL THREE POINT ALKAWTHER,فندق ثلاثة نقاط الكوثر,Madina,10001761,Unclassified/Other,Active,235880
84,Qasr AlsharqTower Hotel Services Company,شركة برج قصر الشرق للخدمات الفندقيه,Makkah,10002036,Unclassified/Other,Active,291035
85,Nebras Alhuda,شركة نبراس الهدي للسفر و السياحة شخص واحد,Makkah,10001042,Unclassified/Other,Active,271695
86,Four Points by Sheraton Hotel,فندق فور بوينتس باي شيراتون الفندقية,Makkah,10000643,4-Star,Active,212529
87,DAR UMM ALQURA  GOLDEN,فندق دار أم القرى الذهبي الفندقية,Makkah,10001087,1-Star,Active,230013
88,BOSPHORUS HOTELS,فندق البسفور(1),Madina,10001335,3-Star,Active,235826
89,Zamzam Pullman Makkah Hotel,فندق زمزم بولمان مكة,Makkah,10001442,4-Star,Active,211654
90,Zahra Al Saad Arbaa Hotel Hotel Establishment,مؤسسة فندق زهرة السعد اربعة الفندقية,Makkah,10002087,1-Star,Active,294035
91,funduq luluat almadina Company Hotel,شركة فندق لؤلؤة المدينة الفندقية,Madina,10002268,1-Star,Active,289275
92,Ajyad Hotel Services Company,شركة اجياد للخدمات الفندقية,Makkah,10002536,3-Star,Active,218151
93,Burj Al Fouad Hotel,فندق برج الفؤاد الفندقية,Makkah,10002543,1-Star,Active,220073
94,HUDA TAIBAH HOTEL,فندق هدى طيبة الفندقية,Madina,10001640,Unclassified/Other,Active,287452
95,HOTEL AL-ANDALUS AL-MASI,فندق الاندلس الماسي,Madina,10001907,Unclassified/Other,Active,235830
96,Rabwat Al Safwa Golden Hotel Services Company,شركة ربوة الصفوة الذهبي للخدمات الفندقيه,Madina,10002152,1-Star,Active,225006
97,PALESTINE HOTEL,فندق فلسطين الفندقية,Makkah,10001899,3-Star,Active,46638
98,Biab Al-Azizia Hotel Company,شركة بياب العزيزية الفندقية,Makkah,10001309,Unclassified/Other,Active,220784
99,Makarem Al-Bayt Hotel,فندق مكارم البيت,Makkah,10001301,4-Star,Active,210148
100,Makarim Zubaydah Hotel,فندق مكارم زبيدة الفندقية,Makkah,10001727,1-Star,Active,250258
101,Maden Al Rawda Hotel,شركة مادن الروضة للخدمات الفندقيه,Madina,10001362,Unclassified/Other,Active,254955
102,Safwat Al Khair Al Mahbas Hotel Foundation,مؤسسة فندق صفوة الخير المحبس الفندقية,Makkah,10002013,1-Star,Active,250240
103,AMLAQ ALMSHRQ HOTEL,شركة عملاق المشرق التجارية,Makkah,10001864,2-Star,Active,222057
104,artal taibah hotel,فندق ارتال طيبة,Madina,10000526,1-Star,Active,235883
105,Janadriyah Towers Hotel,فندق أبراج الجنادرية الفندقية,Makkah,10001998,1-Star,Active,253961
106,aboaljoud,فندق حياة الذهبي الفندقية,Madina,10001333,Unclassified/Other,Active,286801
107,MIRAGE TIBA HOTEL,فندق مراج طيبة الفندقية,Madina,10002031,1-Star,Active,235825
108,Tabah Towers Limited Company,شركة أبراج طابة المحدودة (شركة شخص واحد),Madina,10001834,Unclassified/Other,Active,254975
109,Diyar Al Taqwa Hotel Operation Company,شركة ديار التقوى لتشغيل الفنادق  ذات مسئولية محدودة,Makkah,10006186,1-Star,Active,301815
110,maad touism company,شركة معاد العالمية الفندقية المحدودة,Makkah,10006217,4-Star,Active,52398
111,Al Ghadeer Ajyad Hotel,فندق الغدير أجياد الفندقية,Makkah,10002159,1-Star,Active,241146
112,Midan Hotel Company Branch,فرع شركة فندق ميدان الفندقية,Makkah,10000987,3-Star,Active,218655
113,Platinum First Hotel,فندق بلاتينيوم الاولى الفندقية,Madina,10000739,1-Star,Active,258995
114,Nada Al Deafah hotel,فندق ندى الضيافة الفندقية,Makkah,10001870,2-Star,Active,213946
115,Al Dar Hotel,فندق الدار روافد الفندقية,Madina,10000787,3-Star,Active,238827
116,Le Meridien Medina Hotel,فندق المدينة مريديان,Madina,10000954,1-Star,Active,291235
117,Jabal Omar Hyatt Regency,فندق جبل عمر حياة ريجنسي,Makkah,10000596,5-Star,Active,219530
118,Ruqa Al-Walid Hotel,فندق رقي الوليد الفندقية,Makkah,10000724,1-Star,Active,248522
119,Aljoudhotel,فندق الجود,Makkah,10002226,3-Star,Active,244318
120,M Hotel Makkah by Millennium,فندق ام من ميلينوم فرع شركة النبلاء العالمية لاستثمارالعقاري,Makkah,10002236,Unclassified/Other,Active,220573
121,BATOUL AJYAD,شركة بتول اجياد الفندقية,Makkah,10001395,3-Star,Active,223461
122,Alzahraa Hotel,فندق الزهراء,Madina,10002284,1-Star,Active,235897
123,Jood al makan serviced apartments,شقق جود المكان للشقق المخدومة,Madina,10001674,2-Star,Active,269835
124,Shuail Batha Quraish Apartments for Residential Un,شقق شعيل بطحاء قريش للوحدات السكنية,Makkah,10001322,2-Star,Active,246586
125,Al Masa Private Limited Company,شركة الماسة الخاصة المحدودة,Makkah,10002510,3-Star,Active,219511
126,WINNER INN ALKHIER HOTEL,فندق وينر إن آلخير,Madina,10001670,3-Star,Active,239175
127,Hotel Alebaa Hotel,فندق الإباء الفندقية,Makkah,10002124,3-Star,Active,218577
128,Aldyafa Alraqyah,شركة الضيافة الراقية الفندقية,Makkah,10002085,Unclassified/Other,Active,256696
129,Mujahed saaed Al shareef hotel,فندق مجاهد سعيد الشريف,Makkah,10002195,1-Star,Active,292555
130,Dar Al Ajyal,فندق دار الاجيآل الفندقية,Madina,10002006,1-Star,Active,289115
131,Le MeridienTowers Makkah,فندق أبراج المريديان فرع الشركةالمتحدةللإستثماروالتطويرالعقاري المتحد,Makkah,10000557,3-Star,Active,33058
132,Rua Al Hijrah Hotel Services Company,شركة رؤى الهجرة للخدمات الفندقية,Madina,10002136,2-Star,Active,239
133,Rua Al Hijrah Hotel Services Company,شركة رؤى الهجرة للخدمات الفندقية,Madina,10002136,1-Star,Active,235760
134,AL MOKHTARA GOLDEN HOTEL,فندق المختارة الذهبي فرع شركة منازل المختارة التجارية,Madina,10002245,Unclassified/Other,Active,258775
135,Romance Awan Hotel Services Company,شركة رومانس اوان للخدمات الفندقيه,Makkah,10001156,Unclassified/Other,Active,244596
136,Millennium Alaqeeq Company,شركة ميلينيوم العقيق,Madina,10000755,4-Star,Active,248757
137,Mohammadia Alzahraa Hotel,فندق محمدية الزهراء الفندقية,Madina,10001716,1-Star,Active,230901
138,Emaar Grand Hotel,فندق اعمار جراند الفندقية,Makkah,10002106,Unclassified/Other,Active,219627
139,Sama Al Samah Hotel,فندق سما السماح الفندقية,Makkah,10002567,1-Star,Active,197435
140,Al Fajr Al Badaiya Six Hotel Services Company,شركة الفجر البديع ستة للخدمات الفندقيه,Makkah,10001413,3-Star,Active,20179
141,luluat altawhid wahid Hotel Hotel,فندق لؤلؤة التوحيد واحد الفندقية,Makkah,10002027,Unclassified/Other,Active,301096
142,burj alsaif,فندق برج السيف الفندقية,Makkah,10002099,1-Star,Active,219235
143,Abdul Rahman Al Qurashi Hotel,فندق عبدالرحمن بن عطيه بن خضر القرشى الفندقية,Makkah,10002238,Unclassified/Other,Active,290895
144,slsabil Hamudah 2 Hotel,فندق سلسبيل حموده اثنين الفندقية,Makkah,10001876,Unclassified/Other,Active,222729
145,Arej Al Falah Hotel,فندق أريج الفلاح الفندقية,Makkah,10002142,Unclassified/Other,Active,220423
146,ALBALAD ALTAYEB AJYAD HOTEL,فندق البلد الطيب اجياد الفندقية,Makkah,10001185,2-Star,Active,223563
147,ALKIRAM HOTEL,فندق الكرام الفندقية,Makkah,10002104,2-Star,Active,232022
148,Infinity Hotel,فندق أنفينتي,Makkah,10001422,5-Star,Active,218022
149,TAIBA FRONT HOTEL,شركة واجهة طيبة الفندقية,Madina,10001622,3-Star,Active,241464
150,AL Jaad Mahbass,فندق الجاد المحبس الفندقية وقف الشيخ امين عمر جاد يرحمه الله,Makkah,10001248,3-Star,Active,230520
151,BADER AL HADETH HOTEL,فندق بدر الحديث الفندقية,Makkah,10002163,Unclassified/Other,Active,290035
152,Manazel Al Taqwa Hotel,فندق منازل التقوى الفندقية,Madina,10002289,1-Star,Active,258716
153,Kanooz AlDiyafa Company,شركة كنوز الضيافه,Makkah,10002248,1-Star,Active,241144
154,shaqaq al'ansar bilus For serviced apartments,شقق الأنصار بلس للشقق المخدومة,Madina,10002214,2-Star,Active,258737
155,SEDRAT AL EHSAN HOTEL,سدرة الإحسان ,Makkah,10004540,2-Star,Active,223558
156,Manazil Alaswaf Hotel,فندق منازل الاسواف,Madina,10002242,1-Star,Active,227826
157,MADEN HOTEL,شركة مادن للخدمات الفندقية,Madina,10001387,4-Star,Active,235796
158,Hilton Jabal Omar Hilton,فندق جبل عمر هيلتون,Makkah,10001038,5-Star,Active,219527
159,ZAMZAM PULLMAN AMDINA HOTEL,فندق زمزم بولمان المدينة,Madina,10001808,Unclassified/Other,Active,235841
160,Zahra Al Saad Khamsa Hotel Hotel Establishment,مؤسسة فندق زهرة السعد خمسة الفندقية,Makkah,10001088,1-Star,Active,294256
161,nokhba alkhir hotel,فندق نخبة الخير للايواء السياحي,Makkah,10001922,1-Star,Active,230662
162,Violet Hotel TWO,فندق فيوليت اثنين الفندقية,Makkah,10001702,1-Star,Active,223434
163,Alolayan alkhalil hotel,شركة سليمان بن موسى العليان الفندقية شخص واحد,Makkah,10001838,1-Star,Active,219838
164,Eidah ahmed abdullah althibiti hotel,فندق عيضه بن احمد بن عبدالله الثبيتي الفندقية,Makkah,10002028,1-Star,Active,255116
165,Manazel Al Marjan Hotel Madinah Hotel,شركة منازل المرجان المدينة للخدمات الفندقية,Madina,10010730,1-Star,Active,257082
166,Three Points Hotel Company,شركة نقاط ثلاثة الرضا الفندقية,Madina,10002022,Unclassified/Other,Active,287498
167,Dallah Taibah Hotel,شركة دله للفنادق والمنتجعات السياحيه فندق دلة طيبة,Madina,10001873,4-Star,Active,226985
168,jawharat al misfalah hotel,فندق جوهرة المسفلة الفندقية,Makkah,10002519,1-Star,Active,220603
169,zharat muna hotel,فندق زهرة منى الفندقية,Makkah,10002084,1-Star,Active,217977
170,Diamond Immigration Hotel,فندق الهجرة الماسي الفندقية,Makkah,10002537,1-Star,Active,220772
171,Al Rawda Makkah Hotel,فندق الروضة المكية فرع شركة الروضة المكية,Makkah,10001921,1-Star,Active,211561
172,Zahrat Al saad Hotel,فندق زهرة السعد الفندقية,Makkah,10001438,Unclassified/Other,Active,244335
173,0,فندق الرحابه المكيه الفندقية,Makkah,10001721,1-Star,Active,244320
174,Dar Al Tawhid Intercontinental Hotel,فندق دار التوحيد انتركونتننتال الفندقية,Makkah,10002130,5-Star,Active,218056
175,Narsyan Taiba Apartments for Residential Units,شقق نرسيان طيبة للوحدات السكنية,Madina,10001874,2-Star,Active,255016
176,borj alkhir hoel,شركة برج الخير للخدمات الفندقيه,Makkah,10001928,1-Star,Active,239213
177,Baraa Taiba Hotel,فندق براء طيبة الفندقية,Madina,10002145,Unclassified/Other,Active,289256
178,LULLUAT ALTAWHEED 2 HOTEL,فندق لؤلؤة التوحيد,Makkah,10002020,1-Star,Active,290138
179,Millennium Taiba Company,شركة ميلينيوم طيبة,Madina,10000792,4-Star,Active,249216
180,Snood Al Azma Hotel,فندق سنود العظمة الفندقية,Makkah,10001955,2-Star,Active,258916
181,Zahrat Al Saad Three Hotel,فندق زهرة السعد ثلاثة الفندقية,Makkah,10001336,Unclassified/Other,Active,290155
182,Qasser alazhar hotel,فندق قصر الازهر الفندقية,Makkah,10001527,1-Star,Active,218011
183,hootel algale,فندق ضيف الله مسلم الحربي الفندقية,Makkah,10002581,Unclassified/Other,Active,221455
184,Nawara Shams Hotel 2,مؤسسة فندق نوارة شمس الفندقية,Makkah,10002573,1-Star,Active,288678
185,Al Jawhara Tower Hotel Company is a one person com,شركة برج الجوهرة الفندقية شركة شخص واحد,Makkah,10001911,2-Star,Active,8972
186,DAR BONYAN HOTEL,فندق دار بنيان ,Makkah,10002563,1-Star,Active,243060
187,HOTEL RAWABI ZAMZAM,فندق روابي زمزم شركة الأندلس لصيانةوإدارةوتشغيل الفنادق والقصورالسكنية,Makkah,10002572,Unclassified/Other,Active,259318
188,Al Masa Private Limited Company,شركة الماسة الخاصة المحدودة,Makkah,10002588,3-Star,Active,90941
189,ABDELHAFEZ ABDULLA ALHUMAIDAN HOTEL,فندق عبدالحافظ بن عبدالله بن سليمان آل حميدان الفندقية,Makkah,10002111,1-Star,Active,239295
190,Le Meridien Makkah Hotel,فندق مريديان مكة فرع الشركة المتحدة للإستثمار والتطوير العقاري المتحد,Makkah,10000533,3-Star,Active,220290
191,AZKA ALSAFA HOTEL,فندق ازكى الصفا,Makkah,10001950,3-Star,Active,18263
192,Green Oasis Hotel Company,شركة الواحة الخضراء الفندقية شركة شخص واحد,Madina,10000617,1-Star,Active,256417
193,Nibras AlHuda Travel and Tourism Company,شركة نبراس الهدي للسفر و السياحة,Makkah,10001971,Unclassified/Other,Active,223526
194,Bussan Hotel,فندق بيسان الفندقية,Makkah,10002332,1-Star,Active,254602
195,Parkinn,فندق بارك إن,Makkah,10000559,Unclassified/Other,Active,31526
196,ALBALAD ALTAYEB HOTEL,فندق البلد الطيب الفندقية,Makkah,10001666,2-Star,Active,221989
197,ROYA AL ANDALUS COMPANY,شركة رؤيا الأندلس لتشغيل الفنادق شخص واحد,Madina,10001560,2-Star,Active,234952
198,Upscale hotel hospitality company,شركة الضيافة الراقية الفندقية,Makkah,10002308,Unclassified/Other,Active,287615
199,Durrat albayan hotel,فندق درة البيان الفندقية,Makkah,10002425,Unclassified/Other,Active,293855
200,Tiba Rose Hotel,فندق طيبة روز,Madina,10002235,Unclassified/Other,Active,235744
201,Dorrat Alsalheen,شقق درة الصالحين للوحدات السكنية المفروشة لصاحبها طارق صالح ريس,Makkah,10000682,2-Star,Active,268298
202,HOTEL THREE POINT ALAMEEN,نقاط ثلاثة الامين الفندقية,Madina,10002211,1-Star,Active,235813
203,Mujahid bin Saeed bin Abdul Mohsen Al Sharif Hotel,فندق مجاهد بن سعيد بن عبدالمحسن الشريف للايواء ,Makkah,10009443,1-Star,Active,222495
204,GOLDEN ERGWAN HOTEL,فندق ارجوان الذهبي,Madina,10001767,Unclassified/Other,Active,287515
205,Riyad Alzahraa Hotel,فندق رياض الزهراء الفندقية,Madina,10001868,1-Star,Active,239135
206,RAZANA AL RAWDA HOTEL,شركة رزانه الفندقية,Makkah,10002336,1-Star,Active,239317
207,Crowne Plaza Madinah,فندق كراون بلازا المدينة,Madina,10002117,Unclassified/Other,Active,235742
208,Kul Al Ayaim Hotels,فندق كل الأيام الفندقية,Makkah,10001530,1-Star,Active,289415
209,AL SHAKREEN GOLDEN TULIP,فندق الشاكرين جولدن توليب الفندقية,Madina,10001493,3-Star,Active,228406
210,alolayan hotels,فندق قصر العليان للشقق الفندقية,Makkah,10002176,1-Star,Active,241139
211,njoom al madina,فندق نجوم المدينة الفندقية,Madina,10002220,Unclassified/Other,Active,291180
212,Address Hotel Feelings Hotel,فندق عنوان المشاعر الفندقية,Makkah,10002288,1-Star,Active,220695
213,Mona Concorde Hotel,فندق منى كونكورد,Makkah,10002379,1-Star,Active,222059
214,Arjwan Alsalam Hotel,فندق ارجوان السلام,Madina,10001637,Unclassified/Other,Active,235839
215,Mohamed saif hotel,فندق محمد سيف حسن اليماني الفندقية,Makkah,10002278,Unclassified/Other,Active,221956
216,Al Jazeera Trading Company,شركة تداول الجزيره للمقاولات والتنمية المحدودة,Makkah,10002074,4-Star,Active,219192
217,Al Fajr Al Badi Five Hotel Services Company,شركة الفجر البديع خمسة للخدمات الفندقيه,Makkah,10001398,3-Star,Active,250
218,Amjad AL deafah Hotel,فندق أمجاد الضيافة الفندقية,Makkah,10001750,1-Star,Active,221982
219,MALAK ALSAFWA HOTEL,فندق ملاك الصفوة,Makkah,10001845,1-Star,Active,239455
220,Al_ghufran Safwah,فندق صفوة الغفران الفندقية,Makkah,10001354,5-Star,Active,17445
221,Al Aa Al Mashaer Foundation,مؤسسة الآء المشاعر لحجز وحدات الضيافة,Makkah,10002185,2-Star,Active,290316
222,Sukoon Hotel,فندق سكون,Madina,10002089,Unclassified/Other,Active,234495
223,Makarem Ajyad Makkah Hotel,فندق مكارم اجياد مكة,Makkah,10001021,5-Star,Active,220369
224,Danat Al Deyafh Hotel,فندق دانة الضيافة الفندقية,Makkah,10002412,1-Star,Active,288915
225,aljuhani ajyad hotel,شركة فندق الجهني أجياد,Makkah,10001872,1-Star,Active,244476
226,Dar Al Azhar Hotel Est,فندق دار الازهر الفندقية,Makkah,10001956,1-Star,Active,290142
227,gelnar alraqi,فندق جلنار الراقي للايواء السياحي,Madina,10000801,Unclassified/Other,Active,254455
228,SALIH AL SULAMI,فندق الرحابة المكية لصاحبها صالح وصل السلمي,Makkah,10001780,1-Star,Active,243028
229,Violet Hotel,فندق فيوليت الفندقية,Makkah,10000998,3-Star,Active,44033
230,Manar Al Azhar Hotel,فندق منار الأزهر الفندقية,Makkah,10001918,2-Star,Active,218971
231,LAMAR HOTEL,فندق لمار أجياد الأول,Makkah,10001171,3-Star,Active,224928
232,Park inn By Radisson Makkah Aziziyah,فندق بارك إن راديسون العزيزية الفندقية,Makkah,10002386,Unclassified/Other,Active,220177
233,Hibba almuhajreen hotel,فندق هبة المهاجرين الفندقية,Makkah,10006268,1-Star,Active,244518
234,Jabal Omar Jumeirah hotel,فندق جبل عمر جميرا الفندقية,Makkah,10002521,5-Star,Active,219704
235,ORVANA Company,شركة أورفانا,Makkah,10009444,1-Star,Active,288695
236,City Hospitality Trading Company,شركة ضيافة المدينة للتجارة,Makkah,10009510,1-Star,Active,219287
237,Tilal Hotel,شركة تلال الفندقية,Makkah,10000423,5-Star,Active,218635
238,Dyar AL deafah Hotel,فندق ديار الضيافة,Makkah,10007618,1-Star,Active,218207
239,Safwat Al Hijaz Hotel,فندق صفوة الحجاز للخدمات الفندقيه,Makkah,10007617,1-Star,Active,241170
240,JAWHRAT MANAR HOTEL,فندق جوهرة منار الفندقية,Makkah,10007615,1-Star,Active,192737
241,REEF GLOBAL HOTEL . branch of REEF GLOBAL CO . itd,فندق ريف العالمية فرع شركة ريف العالمية المحدودة,Makkah,10007614,1-Star,Active,244696
242,Shorouk Al-Mask Hotel Company,شركة شروق المسك الفندقية,Makkah,10007605,1-Star,Active,237434
243,MEEZAB ANWAR MAKKAH HOTEL,شركة ميزاب الفندقية شركة شخص واحد,Makkah,10007644,1-Star,Active,242804
244,Al Bustan Albostan Hotel,فندق البستان الماسي الفندقية,Makkah,10007649,1-Star,Active,218001
245,JANNAH ALSHAB HOTEL,فندق جنة الشعب للخدمات الفندقيه,Makkah,10007673,1-Star,Active,288755
246,Visitors Hotel Two,مؤسسة الرواد للسياحة,Makkah,10007672,1-Star,Active,241196
247,Manazel AlZaereen,فندق منازل الزائرين الفندقية,Makkah,10007670,1-Star,Active,239364
248,Anwar Al Deafah,أنوار ضيافة الفندقية,Makkah,10007665,1-Star,Active,213712
249,Company ZOHRA ALMADAIN Hotel,شركة زهرة المدائن الفندقية شركة شخص واحد,Makkah,10007664,1-Star,Active,239319
250,KNOWS OUMAR HOTEL,فندق كنوز عمر الفندقية,Makkah,10007663,1-Star,Active,220178
251,ALNUZHA PLUS HOTEL,فندق النزهة بلس الفندقية,Makkah,10007662,1-Star,Active,289375
252,Mercure Hibatullah Hotel,فندق هبة الله ميركيور الفندقية,Makkah,10007675,3-Star,Active,218075
253,Al wissam hotel Apartmets,مؤسسة منازل الوسام الفندقية,Makkah,10007683,1-Star,Active,220980
254,Al Safwa Hotel Towers,فندق أبراج الصفوة الفندقية,Makkah,10007681,1-Star,Active,219787
255,Durrat Taiba Limited Company,شركة درة طيبة المحدودة شركة شخص واحد,Makkah,10007988,1-Star,Active,222095
256,Sama Al Maqam Hotel,فندق سما المقام الفندقية,Makkah,10008013,1-Star,Active,239275
257,burg safat,فندق برج صافات للخدمات الفندقيه,Makkah,10008012,1-Star,Active,239396
258,Owais United Hotel Services Company,شركة أويس المتحدة للخدمات الفندقيه,Makkah,10008007,1-Star,Active,241390
259,HOTEL RASHID AL FADHI HOTEL,فندق رشيد الفضي الفندقية,Makkah,10008004,1-Star,Active,239459
260,SAFWAT ALTALAAYIE HOTEL,شركة صفوة الطلائع للضيافة السياحي,Makkah,10008020,1-Star,Active,218171
261,Yousuf Abdul Majeed Ali Al Ahmadi Establishment,مؤسسة يوسف عبدالمجيد بن علي الاحمدي الفندقية,Makkah,10008025,1-Star,Active,220359
262,Kairouan MECHAAR Hotel,فندق قيروان المشاعر للخدمات الفندقية,Makkah,10008034,1-Star,Active,242855
263,alolayan alharam hotel,فندق العليان الحرم الفندقية,Makkah,10002405,1-Star,Active,219056
264,MANAR AL TAQWA HOTEL,فندق منار التقوى الفندقية,Makkah,10007679,1-Star,Active,221108
265,RAWABI MINA HOTEL,فندق روابي منى الفندقية,Makkah,10007676,1-Star,Active,253968
266,JOURY ALHADA HOTEL,شركة جوري الهدا للخدمات الفندقيه,Makkah,10007688,1-Star,Active,241413
267,Hotel NAJMA MECHAAR Hotel,فندق نجمة المشاعر الفندقية,Makkah,10007687,1-Star,Active,292589
268,WINNER INN COMPANY,شركة وينر إن,Makkah,10007694,1-Star,Active,207960
269,Sama AL Deafah Hotel,فندق سما الضيافه الفندقية,Makkah,10007693,1-Star,Active,231965
270,Sharia Hotel,فندق الشريعه الفندقية,Makkah,10007690,1-Star,Active,219278
271,DURRAT ALSAADA HOTEL,فندق درة السعادة للايواء السياحي,Makkah,10007696,1-Star,Active,290235
272,Alabraj Hafawa Hotel Company,شركة الابراج حفاوة الفندقية,Makkah,10007695,1-Star,Active,272455
273,Tara Sedqi Hotel,فندق تارا صدقي الفندقية,Makkah,10008037,1-Star,Active,100929
274,Company QUMA ATLAS THLATHA For Hotel Services,شركة القمة أطلس ثلاثة للخدمات الفندقيه,Makkah,10008045,1-Star,Active,244327
275,Snaf Inn Hotel,فندق سناف إن فرع شركة سناف السعوديه للإستثمار التجاري والتنميه المحدوده,Makkah,10008042,Unclassified/Other,Active,246970
276,Bait al-Hajeej Hotel,فندق بيت الحجيج,Makkah,10008055,1-Star,Active,271678
277,Rowaa Alaziza Hotel,فندق رواء العزيزية للضيافة السياحي,Makkah,10008054,1-Star,Active,218232
278,emaar altaqwa hotel,فندق اعمار التقوى الفندقيه,Makkah,10008063,1-Star,Active,239119
279,Concrete alsahab Company,شركة كون كريت السحاب للخدمات الفندقيه شخص واحد,Makkah,10007705,1-Star,Active,240030
280,FANDAK RAZON AL-MISK (One Partner),شركة فندق رزون المسك للضيافة السياحي,Makkah,10007704,1-Star,Active,218706
281,MAKARIM ALMASHAAIR HOTEL,فندق مكارم المشاعر الفندقية,Makkah,10007703,1-Star,Active,244497
282,Al Azhar AlNozh Hotel,فندق الازهر النزهة الفندقية,Makkah,10007702,1-Star,Active,218509
283,Amar Al-Sabaa Hotel,فندق امار السابعة الفندقية,Makkah,10007719,3-Star,Active,209205
284,Raed Mohammed Abdel Rahman Hotel Manager,فندق رشاد محمد عبدالرحمن نقيب الفندقية,Makkah,10008072,1-Star,Active,254103
285,Diouf ALtawhid Company,شركة ضيوف التوحيد المحدودة,Makkah,10008067,1-Star,Active,271460
286,Pearl Al Noor Hotel,فندق لؤلؤة النوير الفندقية,Makkah,10008083,1-Star,Active,219750
287,dar alhamd hotel,شركة العطلات الاقتصاديه لتنظيم الرحلات,Makkah,10008079,1-Star,Active,218569
288,AlAlaa Company Limited,شركة العلاء المحدودة,Makkah,10008090,1-Star,Active,292892
289,ZAZA HOTEL,فندق ظاظا الفندقية,Makkah,10008095,1-Star,Active,254920
290,AL DIWAN AJIAD  HOTEL,فندق الديوان اجياد للخدمات الفندقيه شخص واحد,Makkah,10008094,1-Star,Active,240186
291,Mahd Al-Risalah Hotel Company,شركة مهد الرسالة الفندقية,Makkah,10007716,1-Star,Active,230515
292,AL FANAR AL AZIZIA HOTEL,شركة الفنار العزيزية الفندقية,Makkah,10007713,1-Star,Active,292458
293,HOTEL NAJMAT ALABRAR,فندق نجمة الابرار الفندقية,Makkah,10007723,1-Star,Active,288855
294,Lima Silver Hotel,فندق ليمة الفضية الفندقية,Makkah,10007721,1-Star,Active,293579
295,Makkah Concorde Hotel,فندق مكة كونكورد الفندقية,Makkah,10007732,1-Star,Active,241148
296,Al Asalah Hotel Houses Corporation,مؤسسة منازل الأصاله الفندقية,Makkah,10007727,1-Star,Active,220648
297,al rifaa al omrani compani,شركة فيفيان للخدمات الفندقية,Makkah,10008109,1-Star,Active,219528
298,ALBURAQ ALMASSY HOTEL,فندق البراق الماسي الفندقية,Makkah,10007753,1-Star,Active,237490
299,Emaar Furom,فندق اعمار فورم الفندقية,Makkah,10007752,1-Star,Active,218140
300,Burj Alrayan Ethnan,فندق برج الريان أثنان الفندقية,Makkah,10007751,1-Star,Active,220570
301,Naseem alhadigah hotel,فندق نسيم الحديقة,Makkah,10007747,1-Star,Active,219173
302,Ajnadin Tourist Hospitality Hotel,فندق أجنادين للضيافة السياحي,Makkah,10007746,1-Star,Active,292345
303,Najamat Ajyad Hotel,فندق نجمة أجياد الفندقية,Makkah,10007745,1-Star,Active,258836
304,Gulf Sands Tourist Hostel Corporation,مؤسسة رمال الخليج للنزل السياحيه,Makkah,10007744,1-Star,Active,290475
305,Jiwar Al bait hotel,فندق جوار البيت الفندقية,Makkah,10007742,1-Star,Active,255563
306,Retaj Al Hayat Hospitality Tourist Hotel,فندق رتاج الحياة للضيافة السياحي,Makkah,10007741,1-Star,Active,254922
307,Tawfiq Blaza Hotel,فندق توفيق بلازا للضيافة السياحي,Makkah,10007757,1-Star,Active,209382
308,wardat tulen hotel,فندق وردة تولين الفندقية,Makkah,10007603,1-Star,Active,218296
309,Karmak Hotel,فندق كرمك الفندقية,Makkah,10007669,1-Star,Active,244298
310,Hieba Hejrah Hotel,فندق هبة الهجرة ستة الفندقية,Makkah,10007653,1-Star,Active,246531
311,BURJ RAWDAK HOTEL,فندق برج رودك الفندقية,Makkah,10007634,1-Star,Active,244519
312,rayhanat almakan Company,شركة ريحانة المكان,Makkah,10007771,1-Star,Active,259458
313,Company Saja Almasafi Hotel,شركة سجى المصافي للخدمات الفندقيه,Makkah,10007767,1-Star,Active,254935
314,HASSAD AL MASHAER HOTEL,فندق حصاد المشاعر الفندقية,Makkah,10007766,1-Star,Active,244326
315,Al Fajr Al Badi Arbaa Hotel Services Company,شركة الفجر البديع اربعة للخدمات الفندقيه,Makkah,10007765,1-Star,Active,7501
316,MASARAT AL SAMAH HOTEL,فندق مسارات السماح الفندقية,Makkah,10007763,1-Star,Active,239441
317,Address Ajyad Hotel company,شركة العنوان اجياد الفندقية شخص واحد,Makkah,10008129,1-Star,Active,225276
318,sari altalaayie hotel,شركة ساري الطلائع للضيافة السياحي,Makkah,10008121,1-Star,Active,219122
319,Al Rayyan Towers Makkah Hotel,فندق ابراج الريان المكية,Makkah,10008119,Unclassified/Other,Active,226180
320,Al Refa  Al Aziziah Hotel,فندق الرفاع العزيزية,Makkah,10008136,1-Star,Active,271936
321,QASR ALAZIZIZH HOTEL,فندق قصر العزيزية الفندقية,Makkah,10008149,1-Star,Active,230573
322,dar alsalah hotel,شركة العطلات الاقتصاديه لتنظيم الرحلات,Makkah,10008145,1-Star,Active,218010
323,Al-Wafada Al-Raqiyya Serviced Apartments,شقق الوفادة الراقية للشقق المخدومة,Makkah,10008142,2-Star,Active,218214
324,Musk Oasis Hotel,فندق واحة المسك,Makkah,10007784,1-Star,Active,242808
325,Snood Al Baraka Hotel,شركة سنود البركة للخدمات الفندقيه,Makkah,10007782,1-Star,Active,259456
326,MASARAT AL MASA HOTEL,فندق مسارات الماسة الفندقية,Makkah,10007781,1-Star,Active,239375
327,WARDAH NAAMAN For Hotel Services,فندق ورده نعمان للخدمات الفندقيه,Makkah,10007778,1-Star,Active,218290
328,Ashraqt Hotel,شركة اشرقت الفندقية,Makkah,10007793,1-Star,Active,239461
329,Company ZOHRA ALMADAIN Hotel,شركة زهرة المدائن الفندقية شركة شخص واحد,Makkah,10007791,1-Star,Active,239395
330,Romance Elite Hotel Company,شركة رومانس ايليت الفندقية,Makkah,10007790,1-Star,Active,252055
331,Saja Hotel Services Company,شركة سجى للخدمات الفندقيه,Makkah,10008164,3-Star,Active,199041
332,MEEZAB ALDYAFAH 3 HOTEL,شركة ميزاب الفندقية شركة شخص واحد,Makkah,10007789,1-Star,Active,289175
333,Shaza Al Musk Hotel,فندق شذا المسك الفندقية,Makkah,10007787,1-Star,Active,244499
334,Najmat Rahaf Hotel,فندق نجمة رهف الفندقية,Makkah,10007804,1-Star,Active,299787
335,Zad Al-Mashaer Hotel Operations Establishment,فندق السكرية للضيافة السياحي,Makkah,10007806,1-Star,Active,221135
336,Durrat Al Salah Hotel for Tourist Accommodation,فندق درة الصلاح للايواء السياحي,Makkah,10007803,1-Star,Active,234481
337,Dafla Hotel for Hospatality and Tourism,فندق دفلى للضيافة السياحي,Makkah,10007802,3-Star,Active,289695
338,abraj almisk hotel,شركة واحة المسك للخدمات الفندقية,Makkah,10007814,1-Star,Active,271517
339,Wardat Quraish Hostel,نزل وردة قريش للايواء السياحي,Makkah,10007769,Unclassified/Other,Active,220066
340,Nadwat Quraish Hostel,نزل ندوة قريش للايواء السياحي,Makkah,10007882,Unclassified/Other,Active,219925
341,SEDRAT ALMAHBAS HOTEL SERVICES CO,شركة سدرة المحبس للخدمات الفندقيه غير ربحية خاصة,Makkah,10007813,1-Star,Active,254108
342,Hotel RAWHA MOKAM For Hotel Services,فندق روحة المقام للخدمات الفندقيه,Makkah,10007811,3-Star,Active,218285
343,Burhan Al Huda Hotel,شركة برهان الهدى للايواء السياحي,Makkah,10007810,3-Star,Active,252044
344,Altamor Company,شركة التامور للخدمات الفندقيه شخص واحد,Makkah,10007809,1-Star,Active,258835
345,Sadan Alwataniyah Hotel,فندق سدن الوطنية,Makkah,10007825,1-Star,Active,243067
346,Mashaer Wings Limited Company,شركة اجنحة المشاعر المحدودة,Makkah,10007816,1-Star,Active,240123
347,Alaa Al Bait Hotel,فندق آلاء البيت للضيافة السياحي,Makkah,10007829,1-Star,Active,271437
348,Meezab ALDYAFAH 2 Hotel,شركة ميزاب الفندقية شركة شخص واحد,Makkah,10007828,1-Star,Active,286604
349,Durrat AlYasser Hotel,فندق درة الياسر الفندقية,Makkah,10007836,1-Star,Active,239460
350,Mahd Al-Risalah Hotel Company,شركة مهد الرسالة الفندقية,Makkah,10007857,1-Star,Active,237751
351,alolayan golden hotel,فندق العليان الذهبي الفندقية,Makkah,10002406,3-Star,Active,219160
352,Almas ALmaghreb Hotel,فندق ألماس المغرب العربي للضيافة السياحي,Makkah,10007853,1-Star,Active,288295
353,shata alaziziah,شركة شتاء العزيزية للخدمات الفندقيه,Makkah,10007851,1-Star,Active,244321
354,DIAFAT ALTALAAYIE FOR SERVED APARTMENTS,شركة ضيافة الطلائع للشقق المخدومة,Makkah,10007849,2-Star,Active,218327
355,Snood Al Marwa Hotel,شركة سنود المروة للضيافة السياحي,Makkah,10007848,1-Star,Active,255155
356,Durrat Rose Hotel,فندق درة روز الفندقية,Makkah,10007847,1-Star,Active,218976
357,Razana Hotel Company (ALHAFAER,شركة رزانه الفندقية,Makkah,10007846,1-Star,Active,239202
358,Jawharat Al Bayan Hotel,شركة فندق جوهرة البيان الفندقية,Makkah,10007845,1-Star,Active,289855
359,Shumukh Almaqam Hotel,فندق شموخ المقام للضيافة السياحي,Makkah,10007843,1-Star,Active,228003
360,Diyar Al Khalidiya Hotel Services Company,شركة ديار الخالدية للخدمات الفندقيه,Makkah,10007838,Unclassified/Other,Active,218947
361,KONOOZ AJYAD HOTEL,شركة فندق كنوز أجياد,Makkah,10007881,1-Star,Active,218094
362,ZEWAR ALMASHAER RAFAH HOTEL,فندق زوار المشاعر رفاه للضيافة السياحي,Makkah,10007869,1-Star,Active,230820
363,BAKKAH ROYAL HOTEL,فندق بكة رويال الفندقية,Makkah,10007868,1-Star,Active,221023
364,HOTEL DYAFET ALMAQAM,شركة ضيافة المقام الفندقية,Makkah,10007867,1-Star,Active,289957
365,Makarem Mina Hotel,فندق مكارم منى,Makkah,10007860,2-Star,Active,217520
366,Manazel Al Ain Grand Hotel Company,شركة فندق منازل العين جراند,Makkah,10007890,1-Star,Active,298355
367,jawhart alsafa,فندق شركة جوهرة الصفا للخدمات الفندقية,Makkah,10007888,1-Star,Active,221015
368,Al khulafa Almasy Hotel,فندق الخلفاء الماسي الفندقية,Makkah,10007797,1-Star,Active,221957
369,nuzha square hotel,فندق ميدان النزهة الفندقية,Makkah,10008328,1-Star,Active,213848
370,Pearl Residences Hotel Operation Company,شركة مساكن اللؤلؤة لتشغيل الفنادق,Makkah,10008326,1-Star,Active,254775
371,ALAM TOWER HOTEL,فندق برج العالم الفندقية,Makkah,10007901,1-Star,Active,239207
372,Sama Al Bait Hotel,فندق سما البيت الفندقية,Makkah,10007895,1-Star,Active,223693
373,FARIS AJYAD HOTEL,فندق فارس أجياد للخدمات الفندقيه,Makkah,10007908,1-Star,Active,271435
374,Jewel of Diyar Al Matar Hotel,فندق جوهرة ديار المطر,Makkah,10007904,1-Star,Active,221980
375,alrisalat almasi alfunduqia,فندق الرسالة الماسي الفندقية,Makkah,10007923,1-Star,Active,232085
376,Amar Sixth Hotel,فندق امار السادسة الفندقية,Makkah,10007915,3-Star,Active,212983
377,Aalam AlSukoon Hotel Company,شركة عالم السكون الفندقية,Makkah,10007934,1-Star,Active,221915
378,Montana Hotel,فندق مونتانا هوتل الفندقية,Makkah,10007928,1-Star,Active,221875
379,al rifaa al omrani compani,فندق الرفاع ريع بخش,Makkah,10008318,1-Star,Active,219542
380,Ajwad alawali serviced apartments,شركة أجواد العوالي للشقق المخدومة,Makkah,10008279,2-Star,Active,259195
381,Safwat Nouran Tourist Accommodation Company,شركة صفوة نوران للايواء السياحي,Makkah,10008270,1-Star,Active,218837
382,Jawharat Al-Jumaiza Hotel Homes Establishment,مؤسسة منازل جوهرة الجميزة الفندقية,Makkah,10008261,1-Star,Active,219359
383,Hotel DHOUK ALKHIAL Hotel,فندق ذوق ألخيال الفندقية,Makkah,10008254,1-Star,Active,219923
384,Rowaa Makarem Hotel,شركة رواء المكارم للضيافة السياحي,Makkah,10008223,1-Star,Active,259236
385,EMAAR OSSTORA HOTEL,فندق اسطورة اعمار الفندقية,Makkah,10008190,1-Star,Active,239842
386,Majd Nouran Hotel Company for Tourist Accommodatio,شركة فندق مجد نوران للايواء السياحي,Makkah,10008181,1-Star,Active,200257
387,Qimat Al-Diyafa Hospitality Company,شركة قمة الضيافة الفندقية,Makkah,10008176,1-Star,Active,271516
388,Jawharat Al Diyar Hotel for Tourist Accommodation,فندق جوهرة الديار للإيواء السياحي,Makkah,10008174,1-Star,Active,244616
389,JOHRA MESSAT HOTEL,فندق جوهرة ميسر الفندقية,Makkah,10007927,1-Star,Active,254104
390,DANAT ALTALAAYIE HOTEL,شركة دانة الطلائع للضيافة السياحي,Makkah,10007951,1-Star,Active,218202
391,Hotel Akaber Alhayat hotel,فندق أكابر الحياة الفندقية,Makkah,10007950,1-Star,Active,288416
392,MWASIM AL EHSAN HOTEL,شركة مواسم الخير للسفر والسياحة,Makkah,10007949,1-Star,Active,290215
393,DIYAR ALMARWA HOTEL,فندق ديار المروة الفندقية,Makkah,10007948,1-Star,Active,241093
394,Mawakeb Al Kawthar Hotel for Hotel Services,فندق مواكب الكوثر للخدمات الفندقيه,Makkah,10007947,1-Star,Active,231901
395,Raffles Makkah Palace,شركة البرج العالمية للاستثمار العقاري فندق قصر مكة رفلز,Makkah,10007941,5-Star,Active,219930
396,PARK INN THAKHER HOTEL EAST,فندق بارك إن ذاخر الشرقي,Makkah,10007938,4-Star,Active,218558
397,Al tatwer alhadari,شركة التطوير الحضري للاعمال شركة شخص واحد,Makkah,10007961,1-Star,Active,289737
398,Askant  Alsafwh Real Estate Services  company,شركة اسكنت الصفوة للخدمات العقارية,Makkah,10008394,1-Star,Active,244516
399,Park inn Thakher West,فندق بارك إن ذاخر الغربي,Makkah,10008400,4-Star,Active,218592
400,Walaa Al Sadd Hotel Establishment,مؤسسة ولاء السد الفندقية,Makkah,10007959,1-Star,Active,288235
401,jawharet AL- MAHABA HOTEL,فندق جوهرة المحبة الفندقية,Makkah,10007969,1-Star,Active,237584
402,Raei Al Khair Hospitality Tourist Hotel,فندق ريع الخير للضيافة السياحي,Makkah,10007966,1-Star,Active,300436
403,V12 ALARABIYA HOTEL,شركة في تولف العربية لتشغيل الفنادق,Makkah,10007986,1-Star,Active,231123
404,Wassad Hotel,فندق وسد الفندقية,Makkah,10007983,1-Star,Active,271459
405,Meezab ALADEL Hotel,شركة ميزاب الفندقية شركة شخص واحد,Makkah,10007982,1-Star,Active,290677
406,Al Jaber Towers Hotel Operation Company,شركة أبراج الجابر لتشغيل الفنادق شخص واحد,Makkah,10007980,1-Star,Active,239435
407,QASR AJYAD ALSAD HOTEL,فندق قصر اجياد السد الفندقية,Makkah,10007979,1-Star,Active,239200
408,Qawafil Al Khair Holding Company,شركة قوافل الخير القابضة شخص واحد قابضة,Makkah,10007978,1-Star,Active,291295
409,COMPANY ALEM ALSAKON HOTEL,شركة عالم السكون الفندقية,Makkah,10007975,1-Star,Active,218484
410,SADAN HOTEL COMPANY,شركة سدان الفندقية,Makkah,10007972,1-Star,Active,213866
411,Raei Al Khair Hospitality Tourist Hotel,فندق ريع الخير للضيافة السياحي,Makkah,10007971,1-Star,Active,297515
412,SHAZA HOTEL,فندق شذا العزيزية الماسي للايواء السياحي,Makkah,10008000,1-Star,Active,219503
413,ABRAG DANIAH HOTEL,شركة ابراج دانيه الفندقية,Makkah,10007999,1-Star,Active,218283
414,ABRAG DANIAH HOTEL,شركة ابراج دانيه الفندقية,Makkah,10007998,1-Star,Active,218212
415,ABRAG DANIAH HOTEL,شركة ابراج دانيه الفندقية,Makkah,10007997,1-Star,Active,218109
416,ABRAG DANIAH HOTEL,شركة ابراج دانيه الفندقية,Makkah,10007996,1-Star,Active,218006
417,ABRAG DANIAH HOTEL,شركة ابراج دانيه الفندقية,Makkah,10007995,1-Star,Active,218343
418,Karam Hotel,فندق كرم الفندقية,Makkah,10007994,2-Star,Active,221102
419,Manazel Al Masaf Hotel for Tourism Hospitality,فندق منازل المصاف للضيافة السياحي,Makkah,10007990,1-Star,Active,219092
420,Kairouan MECHAAR Hotel,فندق قيروان المشاعر للخدمات الفندقيه,Makkah,10007989,1-Star,Active,240403
421,Limah Golden Hotel for tourist accommodation,فندق ليمة الذهبي للايواء السياحي,Makkah,10007534,1-Star,Active,254715
422,Manarat Al Karam Hotel,فندق منارة الكرام الفندقية,Makkah,10007533,1-Star,Active,219374
423,Dar Al Sharia Hotel,فندق دارالشريعه الفندقية,Makkah,10007598,1-Star,Active,219324
424,ARAT AL DURA HOTEL,فندق مسارات الدرة الفندقية,Makkah,10007596,1-Star,Active,237620
425,Jawaher Al Huda Hotel,فندق جواهر الهدى الفندقية,Makkah,10007592,1-Star,Active,244396
426,jad alrawda,مؤسسة جاد الروضة,Makkah,10007633,1-Star,Active,289975
427,Manazel Alfadila Hotel,فندق منازل الفضيلة الفندقية,Makkah,10007631,1-Star,Active,224863
428,Mayar Alrowdha Hotel,فندق ميار الروضة الفندقية,Makkah,10007629,1-Star,Active,220262
429,Al Taqwa Luxury Hotel,فندق التقوى الراقي الفندقية,Makkah,10007622,1-Star,Active,219205
430,Time Mila Hotel,فندق وقت ميلا الفندقية,Makkah,10007620,1-Star,Active,218651
431,Wafaq Al Mashaer Hotel Company for Tourism Hospita,شركة فندق وفاق المشاعر للضيافة السياحي,Makkah,10007619,1-Star,Active,242793
432,Crown Luxury Hotel,فندق التاج الراقى الفندقية,Makkah,10006799,1-Star,Active,219028
433,diouf almaqam company,شركة ضيوف المقام الفندقية,Makkah,10006956,1-Star,Active,239206
434,Sedra Nouran Hotel Company for Tourist Accommodati,شركة فندق سدرة نوران للايواء السياحي,Makkah,10006826,1-Star,Active,217804
435,alrkaez hotel,فندق الركائز الفندقية,Makkah,10006838,1-Star,Active,288635
436,ATYAF alkhayr almasiya,شركة أطياف الخير الماسية,Makkah,10006759,1-Star,Active,17127
437,multazam alnaseem,فندق ملتزم النسيم الفندقية,Makkah,10006802,1-Star,Active,271436
438,amirah grand hotel,فندق أميرة جراند,Makkah,10006796,1-Star,Active,219437
439,Sraya almisk hotel,شركة سرايا المسك الفندقية,Makkah,10006917,1-Star,Active,271456
440,Rafahya Al Azizia Hotel for Tourist Accommodation,فندق رفاهيه العزيزية للايواء السياحي شخص واحد,Makkah,10007207,1-Star,Active,219524
441,Millennium Copthorne Makkah Al Naseem,فندق ملينيوم كوبثورن النسيم,Makkah,10007053,1-Star,Active,197449
442,al rifaa al sud hotel,فندق الرفاع السد,Makkah,10007068,1-Star,Active,221987
443,Shaza Al Wisam Four Hotel,فندق شذي الوسام اربعة الفندقية,Makkah,10007005,1-Star,Active,220715
444,Masar Al Ezz Hotel,فندق مسار العز الفندقية,Makkah,10007115,1-Star,Active,219767
445,Emaar Al Sultan Hotel,فندق اعمار السلطان الفندقية,Makkah,10007092,1-Star,Active,219638
446,WAHDAT ALKHAIR HOTEL,فندق وحدات الخير للضيافة السياحي,Makkah,10007324,1-Star,Active,239442
447,Hotel Twenty One,شركة واحد عشرون الفندقية,Makkah,10007089,Unclassified/Other,Active,219610
448,Osccon Al Taysir,شركة أسكن التيسير للخدمات الفندقيه,Makkah,10007062,1-Star,Active,2158
449,ROYAL ALMASHAER HOTEL,فندق رويال المشاعر الفندقية,Makkah,10002609,1-Star,Active,248491
450,Bab Al Multazam Concorde Hotel,فندق باب الملتزم كونكورد,Makkah,10006930,1-Star,Active,223323
451,Yousef Abdulaziz Abdul Latif Al Abdul Karim Hotel,فندق يوسف عبدالعزيز عبداللطيف العبدالكريم الفندقية,Makkah,10006809,Unclassified/Other,Active,254916
452,DiyarAltaqwa,شركة ديار التقوى لتشغيل الفنادق  ذات مسئولية محدود,Makkah,10006817,1-Star,Active,301228
453,dimora,شركة دي مورا,Makkah,10006981,1-Star,Active,219911
454,Al-Muwahhidin Ajyad Hotel Services Company,شركة الموحدين اجياد للخدمات الفندقيه,Makkah,10006798,1-Star,Active,219159
455,Mahd Al-Risalah Hotel Company,شركة مهد الرسالة الفندقية,Makkah,10006813,1-Star,Active,232387
456,Biak Otel Al Rawdah,فندق مجموعة قافلة التوحيد الدولية للخدمات الفندقيه,Makkah,10006908,1-Star,Active,223248
457,Emaar LEGEND HOTEL,فندق اعمار ليجند الفندقية,Makkah,10006864,2-Star,Active,219689
458,alwahaj tower hotel,فندق أبراج الوهج الفندقية,Makkah,10006867,1-Star,Active,229738
459,EMMAR NOOR HOTEL,فندق اعمار نور الفندقية,Makkah,10006863,1-Star,Active,239203
460,Jabal Omar conrad,فندق جبل عمر كونراد,Makkah,10007126,5-Star,Active,219586
461,Shaza Al Wisam Hotel Three Hotel,فندق شذي الوسام ثلاثة الفندقية,Makkah,10007013,1-Star,Active,219885
462,Nebras Alhoda Hotel,شركة نبراس الهدي للسفر و السياحة شخص واحد,Makkah,10007026,1-Star,Active,254635
463,MIRA RAWDAH ATHNIN HOTEL,فندق ميرة الروضة اثنين الفندقية,Makkah,10007109,1-Star,Active,218788
464,Al Hedaya Towers Company,شركة ابراج الهداية الفندقية,Makkah,10007004,1-Star,Active,248510
465,WEFAQ ALNOZHA HOTEL,شركة فندق وفاق المشاعر للضيافة السياحي,Makkah,10007078,1-Star,Active,291863
466,Dar Hadi Al Aziziyah Company,شركة دار هادي العزيزية,Makkah,10007205,1-Star,Active,239355
467,MASARAT ROYAL HOTEL,فندق مسارات رويال الفندقية,Makkah,10007071,1-Star,Active,227985
468,Beyza Hotel,فندق البيضاء الفندقية,Makkah,10007040,1-Star,Active,228487
469,alzair alakhyar hotel,فندق الزائر الأخيار الفندقية,Makkah,10007057,1-Star,Active,246
470,Bayit Al Zair for serviced abartments,شركة بيت الزائر للشقق المخدومة,Makkah,10004016,2-Star,Active,246581
471,ALTALAAYIE HOTEL COMPANY,شركة الطلائع الفندقية,Makkah,10006899,1-Star,Active,212856
472,Sarh Al Manama Five Hotel Group,مجموعة فنادق صرح المنامة خمسة الفندقية,Makkah,10006925,1-Star,Active,211551
473,Sedra Hotel,شركة سدرا العزيزية الفندقية,Makkah,10006789,1-Star,Active,212740
474,biotalgazera hotel,فندق بيوت الجزيرة الفندقية,Makkah,10006781,1-Star,Active,17671
475,MARSA ELJARIA HOTEL,فندق مرسى الجاريه الفندقية,Makkah,10006804,1-Star,Active,8971
476,Ajyad Castle Hotel,فندق قلعه أجياد الفندقية,Makkah,10006824,1-Star,Active,239212
477,smo Amjad hotel,مؤسسة سمو المجد الفندقية,Makkah,10006877,1-Star,Active,212620
478,ELAF KINDA HOTEL,فندق ايلاف كنده فرع شركة ايلاف للفنادق المحدوده,Makkah,10007171,4-Star,Active,219141
479,Biak Otel Al Faisaliah,فندق مجموعة قافلة التوحيد الدولية للخدمات الفندقيه,Makkah,10007124,1-Star,Active,224649
480,forsan ajyad hotel,شركة فرسان اجياد للخدمات الفندقيه,Makkah,10007006,3-Star,Active,213952
481,Saif Plus Hotel,فندق سيف بلص الفندقية,Makkah,10007161,1-Star,Active,259138
482,Hotel RAWDA AL KHALIL For hospitality tourism,فندق روضة الخليل للضيافة السياحي,Makkah,10007037,1-Star,Active,287956
483,Tihama AlRish Est,مؤسسة تهامة الريش لخدمات السفر والسياحة,Makkah,10007087,1-Star,Active,288677
484,Hotel Shams Al Zahabi Hotel,فندق شمس الذهبي الفندقية,Makkah,10007049,1-Star,Active,219532
485,Mather Elite Hotel,فندق ماثر اليت الفندقية,Makkah,10007009,1-Star,Active,269056
486,tawhed al asalah,شركة توحيد الأصالة للخدمات الفندقية شركة ذات المسؤ,Makkah,10007328,1-Star,Active,220014
487,Durrat Al Mahbas Hotel for tourist accommodation,فندق درة المحبس للايواء السياحي,Makkah,10007330,1-Star,Active,244255
488,Alayam Eliet Hotel,شركة فندق الأيام ايليت الفندقية,Makkah,10007155,1-Star,Active,219314
489,Tharawat Diyafat Al Rahman Hotel,فندق ثروات ضيافة الرحمن,Makkah,10004932,1-Star,Active,213722
490,Tharawat Al Mansheya Hotel,فندق ثروات المنشية,Makkah,10004003,1-Star,Active,197445
491,New Hawazen Al Aseel Hotel,فندق هوازن الأصيل الجديد الفندقية,Makkah,10003532,1-Star,Active,289699
492,Al Salah Ajyad Hotel for Tourist Accommodation,فندق الصلاح اجياد للايواء السياحي,Makkah,10006821,1-Star,Active,237550
493,MASARAT AJYAD ALMASI COMPANY,شركة مسارات اجياد الماسي,Makkah,10006880,1-Star,Active,288395
494,Manasik Al-Raushad Est- for Hotels,فندق مناسك الرشاد الفندقية,Makkah,10006954,1-Star,Active,218835
495,Worth Elite Hotel,فندق ورث اليت الفندقية,Makkah,10006952,1-Star,Active,219702
496,joury almashair hotel,فندق جوري المشاعر للخدمات الفندقيه,Makkah,10006933,1-Star,Active,239838
497,Rayhana Al-Mashaer Hotel Company,شركة ريحانه المشاعر الفندقية,Makkah,10006862,1-Star,Active,243057
498,Romance Room Hotel Company,شركة رومانس روم الفندقية,Makkah,10006905,2-Star,Active,241405
499,Tara Al Rawda Hotel,فندق تارا الروضه,Makkah,10006913,1-Star,Active,230548
500,mussa mazaya al-dyafa al-tajariyya,مؤسسة مزايا الضيافة التجارية,Makkah,10006847,1-Star,Active,219116
501,royal almashaer hotel,فندق رويال المشاعر الفندقية,Makkah,10006958,1-Star,Active,244676
502,Hibat AlHijrah Hotel,فندق هبة الهجرة الفندقية,Makkah,10007245,1-Star,Active,218764
503,Hotel Tilal Al Mashad,شركة نواة النمو المستدام,Makkah,10007151,1-Star,Active,218111
504,TARA ALYASAMIN HOTEL,شركة تارا,Makkah,10007018,1-Star,Active,271657
505,HOTEL ALAM AL HAYA,فندق عالم الحياة الفندقية,Makkah,10007159,1-Star,Active,221920
506,Company ZOHRA ALMADAIN Hotel,شركة زهرة المدائن الفندقية شركة شخص واحد,Makkah,10007030,1-Star,Active,239215
507,Heba Hejrah 5 Hotel,فندق هبة الهجرة خمسة الفندقية,Makkah,10007157,1-Star,Active,220092
508,Rizq Palace Hotel,فندق قصر رزق الفندقية,Makkah,10007105,1-Star,Active,250227
509,Amjad Giyad Hotel,فندق امجاد أجياد,Makkah,10007017,1-Star,Active,218740
510,AL JAAD KUDAY HOTEL,فندق الجاد كدي الفندقية,Makkah,10007042,1-Star,Active,244319
511,Dar AlZohour Hotel,فندق دار الزهور الفندقية,Makkah,10005117,1-Star,Active,244655
512,Abed Abdullah Hamed Al Masoudi Hotel,فندق عابد عبدالله حامد المسعودي الفندقية,Makkah,10004285,1-Star,Active,252046
513,Emaar International Hotel,فندق اعمار الدولي,Makkah,10006881,2-Star,Active,218893
514,MASARAT MASMARAH HOTEL,فندق مسارات مثمرة الفندقية,Makkah,10006898,1-Star,Active,234524
515,Saif Al Majd Hotel,فندف سيف المجد الفندقية,Makkah,10006995,1-Star,Active,246574
516,MANAR ALKHAIR HOTEL,فندق منار الخير الفندقية,Makkah,10006906,1-Star,Active,20521
517,HOTEL Durrat Al Sulaymaniyah Hotel,فندق درة السليمانية الفندقية,Makkah,10006967,1-Star,Active,47721
518,DIYAR ALOROUBA HOTEL,فندق ديار العروبة الفندقية,Makkah,10006974,1-Star,Active,271535
519,ALMAQAM BAKKH HOTEL,فندق المقام بكة,Makkah,10006887,1-Star,Active,218750
520,Safir AlMask Hotel Company,شركة سفير المسك الفندقية,Makkah,10006883,1-Star,Active,244328
521,EMAAR ALDIYAFA HOTEL,شركة اعمار الضيافة الفندقية,Makkah,10006986,1-Star,Active,242957
522,Wahat Al Refaa Hotel,فندق واحة الرفاع الفندقية,Makkah,10006855,1-Star,Active,221995
523,Jabal Omar Marriott Hotel,فندق جبل عمر ماريوت,Makkah,10007441,5-Star,Active,219605
524,ajinhat alsaeada,شركة اجنحة السعادة,Makkah,10007436,1-Star,Active,292188
525,Al Safwa Orchid Golden Hotel Company,شركة الصفوة اوركيد الذهبية الفندقية شركة شخص واحد,Makkah,10007435,3-Star,Active,218428
526,MASARAT AL MAHBAS HOTEL,فندق مسارات المحبس الفندقية,Makkah,10007431,1-Star,Active,221935
527,Tower Al Sharia Hotel,فندق برج الشريعه الفندقية,Makkah,10007425,1-Star,Active,217987
528,Saja Ajyad hotel company,شركة سجى أجياد الفندقية,Makkah,10007421,1-Star,Active,244615
529,MEEZAB ALDYAFAH 1 HOTEL,شركة ميزاب الفندقية شركة شخص واحد,Makkah,10007418,1-Star,Active,225612
530,BADER ALHADETH HOTEL,فندق بدر الحديث الفندقية,Makkah,10007415,1-Star,Active,244332
531,Awtad Al-Badr Company,شركة أوتاد البدر,Makkah,10007414,1-Star,Active,244435
532,Al Khaimah Hotel Operation Company,شركة الخيمة لتشغيل الفنادق,Makkah,10007405,1-Star,Active,232142
533,ALMAHA MASHAEER HOTEL,فندق المها مشاعر الفندقية,Makkah,10007404,1-Star,Active,289775
534,Romance House Hotel Company,شركة رومانس البيت الفندقية,Makkah,10006920,2-Star,Active,250262
535,MANAR ALTAWHID HOTEL,فندق منار التوحيد لصاحبها ملفي محمد خريص العصيمي,Makkah,10006815,1-Star,Active,218505
536,Safwat Al Bait Al Mahbas Hotel,فندق صفوة البيت المحبس الفندقية,Makkah,10006872,1-Star,Active,232078
537,MIRA SHEB HOTEL,فندق ميرة الشعب الفندقية,Makkah,10006914,1-Star,Active,218038
538,MASAKIN ALHAYAT HOTEL,فندق مساكن الحياة الفندقية,Makkah,10006963,1-Star,Active,290218
539,Roshn aldarhotel,فندق روشن الدار الفندقية,Makkah,10006907,2-Star,Active,250214
540,evening elegant hotel,فندق ارقى مساء الفندقية,Makkah,10006975,1-Star,Active,259136
541,ASEEL AJYAD   HOTEL,فندق أسيل أجياد للايواء السياحي,Makkah,10006942,1-Star,Active,290175
542,HOTEL TABARAK,فندق تبارك الفندقية,Makkah,10006964,1-Star,Active,288515
543,TAJ PARK HOTEL,فندق تاج بارك الفندقية,Makkah,10006888,1-Star,Active,223352
544,Elaf Bakkah,فندق إيلاف بكة فرع شركةإيلاف للفنادق المحدودة,Makkah,10006936,3-Star,Active,239199
545,ROWADALHDAYA HOTELS,شركة رواد الهداية الفندقية,Makkah,10007565,1-Star,Active,292741
546,Safwat Al Sharia Hotel,فندق صفوة الشريعه الفندقية,Makkah,10007564,1-Star,Active,218222
547,Adnan Maatouq Bin Suleih Al Amiri Hotel,فندق عدنان معتوق بن صليح العميري الفندقية,Makkah,10007563,1-Star,Active,219560
548,Visitors Hotel One,مؤسسة الرواد للسياحة,Makkah,10007555,1-Star,Active,230738
549,Masar Al-aleiz Hotel,فندق مسار العز الفندقية,Makkah,10007554,1-Star,Active,105506
550,SARI ALBIT HOTEL,شركة فندق ساري البيت الفندقية,Makkah,10007551,1-Star,Active,218408
551,Al Kiswah Towers Hotel Company,شركة فندق ابراج الكسوة الفندقية,Makkah,10007548,1-Star,Active,287595
552,Hotil Deara Bin Sulaiman Bin Abdul Rahman Al Deara,فندق شركة درع بن سليمان بن عبدالرحمن الدرع للتجارة,Makkah,10007544,1-Star,Active,103312
553,akaper alhijrah hotel,فندق اكابر الهجرة الفندقية,Makkah,10007543,1-Star,Active,220153
554,Sulaiman Bin Musa AlOlayan Silver Hotels Company,شركة سليمان بن موسى العليان الفندقية شخص واحد,Makkah,10007540,1-Star,Active,254596
555,Aemadat Al Zahab Hotel,فندق أعمدة الذهب,Makkah,10007537,1-Star,Active,231922
556,Anwar AlBayt Hotel Operations Establishment,مؤسسة أنوار البيت لتشغيل الفنادق,Makkah,10002344,1-Star,Active,208856
557,Shaza Al Wisam Two Hotel,فندق شذي الوسام اثنان الفندقية,Makkah,10003928,1-Star,Active,220633
558,AFAQ MECHAAR,فندق أفاق المشاعر الفندقية,Makkah,10006943,1-Star,Active,289235
559,Pearl Al-Badayea Hotel Company,شركة فندق لؤلؤة البدائع الفندقية,Makkah,10006944,2-Star,Active,259357
560,hotel majed maayoudh alharthi hotel,فندق ماجد معيوض الحارثي الفندقية,Makkah,10006992,1-Star,Active,244333
561,Nasamat Al Diyafah Hotel,فندق نسمات الضيافة الفندقية,Makkah,10006990,1-Star,Active,212518
562,REHAB ALTAQWA HOTEL,فندق رحاب التقوى الفندقية,Makkah,10006885,1-Star,Active,218384
563,Yamam Third Hotel Company,شركة فندق يمام الثالث الفندقية,Makkah,10006972,1-Star,Active,248516
564,ALTALYIE HOTEL COMPANY,شركة الطلائع الفندقية,Makkah,10006935,2-Star,Active,218506
565,nozol altalayea hotel,شركة الطلائع الفندقية,Makkah,10006989,1-Star,Active,218661
566,TAHLEEL HOTEL,فندق تهليل الفندقية,Makkah,10006965,1-Star,Active,252033
567,"Makkah Clock Royal Tower, A Fairmont Hotel",شركة البرج العالمية لادارة الفنادق فندق ساعة مكة فيرمونت,Makkah,10007336,5-Star,Active,219890
568,canary Inn Hotel Services Company,شركة الكناري إن للخدمات الفندقيه,Makkah,10007525,1-Star,Active,221895
569,Pearl Neighborhood Hotel,فندق لؤلؤة الجوار الفندقية,Makkah,10007523,1-Star,Active,221179
570,funduq liwlwat alshariea,فندق لؤلؤة الشريعة الفندقية,Makkah,10007513,1-Star,Active,218163
571,MEEZAB ORCID MAKKAH HOTEL,شركة ميزاب الفندقية شركة شخص واحد,Makkah,10007510,1-Star,Active,246594
572,MEEZAB ALSABIQ 2 HOTEL,شركة ميزاب الفندقية شركة شخص واحد,Makkah,10007509,1-Star,Active,250233
573,MEEZAB ORCAID ALAZIZIA HOTEL,شركة ميزاب الفندقية شركة شخص واحد,Makkah,10007508,1-Star,Active,256717
574,Mazaya Hotel,شركة مزايا الفندقية,Makkah,10003830,1-Star,Active,255019
575,dorrat alakhyar hotel,فندق درة الأخيار الفندقية,Makkah,10006979,1-Star,Active,239120
576,WAQF SALEM OMAR ALJIFRY HOTEL,فندق وقف سالم عمر الجفري الفندقية,Makkah,10006968,1-Star,Active,289615
577,MIRA SUDD HOTEL,فندق السد ميرة الفندقية,Makkah,10006971,1-Star,Active,218390
578,manazel alkhair hotel,فندق منازل الخير الفندقية,Makkah,10006327,1-Star,Active,239439
579,Jawharat Makkah For Hotels Services,جوهرة مكة الفندقية,Makkah,10006341,1-Star,Active,227907
580,Wirgan Alnoor Hotel for hotel services,فندق ورقان النور للخدمات الفندقية,Makkah,10006348,4-Star,Active,290755
581,Burj ALWahda ALmutamayiz Hotel,فندق برج الوحدة المتميز الفندقية,Makkah,10006563,1-Star,Active,291179
582,Makarem Diafa House Hotel,فندق مكارم ضيافة البيت الفندقية,Makkah,10006592,1-Star,Active,259355
583,EMAAR ALANDLUSIA,فندق اعمار اندلسية الفندقية,Makkah,10006386,3-Star,Active,219670
584,Time Roba Company,شركة تايم ربا لتشغيل الفنادق,Makkah,10007403,4-Star,Active,2094
585,Hotel NILOUFER SHRAIA Hotel,فندق نيلوفر الشرائع الفندقية,Makkah,10007397,1-Star,Active,272432
586,Company BARAKEH AL RAFFA Hotel,شركة بركة الرفاع الفندقية,Makkah,10007389,1-Star,Active,222078
587,nuzol almokhtara hotel,فندق نزل المختارة الفندقية,Makkah,10007382,1-Star,Active,221979
588,Hotel WAHA ALFARIS for hospitality tourism,فندق واحة الفارس للضيافة السياحي,Makkah,10007470,1-Star,Active,289595
589,Hotel Durrat Al Rashideen Hotel,فندق درة الراشدين الفندقية,Makkah,10007379,1-Star,Active,218320
590,Selat Albait,فندق صلة البيت الفندقية,Makkah,10007375,3-Star,Active,225316
591,Anwar Al Mashaer Hote,فندق أنوار المشاعر الفندقية,Makkah,10007358,1-Star,Active,254697
592,Snood Al Azizia Hotel,فندق سنود العزيزية فرع شركة سنود لادارت الاملاك,Makkah,10007353,1-Star,Active,263528
593,LOULOUAT RAYYAN HOTEL,شركة فندق لؤلؤة الريان الفندقية شخص واحد,Makkah,10007345,1-Star,Active,254915
594,MASARAT AL MASHAIR HOTEL,شركة مسارات المشاعر لتشغيل الفنادق,Makkah,10004997,2-Star,Active,239216
595,Alluwluat Hotel,فندق اللؤلؤة الفندقية,Makkah,10003762,1-Star,Active,218076
596,Tharawat Al-Misfalah,فندق ثروات المسفلة,Makkah,10003951,1-Star,Active,242785
597,Al Wafedeen Hotel,فندق الوافدين الفندقية,Makkah,10002709,3-Star,Active,239360
598,Qasr Al Sahab Hotel Makkah,فندق قصر السحاب الفندقية,Makkah,10006224,2-Star,Active,256716
599,Emaar ELET Hotel,فندق اعمار اليت الفندقية,Makkah,10006227,3-Star,Active,219360
600,Dar Raies Hotel,فندق دار الريس الفندقية,Makkah,10004446,2-Star,Active,244415
601,tara aljawhara hotel,شركة تارا,Makkah,10002276,Unclassified/Other,Active,271656
602,JEWEL ALADEEL,فندق جوهرة العدل الفندقية,Makkah,10004281,1-Star,Active,287735
603,Aseel Alhaybah To Operate Hotels Company,شركة اصيل الهيبة لتشغيل الفنادق,Makkah,10006755,4-Star,Active,219023
604,BURG DANA HOTEL,فندق برج دانه للايواء السياحي,Makkah,10006787,1-Star,Active,220029
605,ALWAN ALASEEL HOTEL,فندق الأصيل ألوان الفندقية,Makkah,10006793,1-Star,Active,218181
606,Hotel ABRAG AL-TAISIR TWA For Hotel Services,فندق ابراج التيسير طوى للخدمات الفندقيه,Makkah,10006584,Unclassified/Other,Active,256736
607,Nour Manazel Al Karam Hotel,فندق نور منازل الكرام الفندقية,Makkah,10006830,1-Star,Active,219230
608,MANAR AL HUDA,فندق منار الهدى الفندقية,Makkah,10006879,1-Star,Active,1217
609,alnokhba hotel,فندق النخبة,Makkah,10006490,1-Star,Active,230856
610,Elaf Qinwan,شركة إيلاف قنوان الفندقية,Makkah,10006741,4-Star,Active,234969
611,Hella Inn Hotel for Tourist Accommodation,فندق هيلا آن للايواء السياحي,Makkah,10006904,2-Star,Active,220054
612,fancy garden hotel,فندق الحدايق الراقيه الفندقية,Makkah,10007027,1-Star,Active,288015
613,Al Khayma Hotel Operation Company,شركة الخيمة لتشغيل الفنادق,Makkah,10007022,1-Star,Active,221008
614,QURAA ALASEEL HOTEL,فندق قرى الأصيل الفندقية,Makkah,10007002,1-Star,Active,217960
615,MASARAT GOLDEN HOTEL,فندق مسارات الذهبي الفندقية,Makkah,10007070,1-Star,Active,223561
616,Nusuk Kodai Hotel,فندق نسك كدي الفندقية,Makkah,10007134,1-Star,Active,244331
617,FNDK MANARAT ALMASHAIER,مؤسسة منارة المشاعر الفندقية,Makkah,10007000,1-Star,Active,218840
618,Alam tower hotel,فندق برج العالم الفندقية,Makkah,10007060,1-Star,Active,223513
619,Al Masar Ajyad Hotel,شركة المسار أجياد الفندقية,Makkah,10007097,1-Star,Active,244496
620,Brakat Burhan Hotel,فندق بركة برهان,Makkah,10007080,3-Star,Active,250225
621,Yamam 2 Hotel Company,شركة فندق يمام الثاني الفندقية,Makkah,10007016,1-Star,Active,250220
622,SARAY ISTANBUL,فندق سراي اسطنبول الفندقية,Makkah,10005458,1-Star,Active,258856
623,RAWHANYA HOTEL,فندق الروحانية الفندقية,Makkah,10005498,1-Star,Active,291316
624,Wehdah AlKhair Hotel,فندق وحدة الخير الفندقية,Makkah,10006279,Unclassified/Other,Active,254698
625,company abdulrazak badie al kutbi,شركة عبدالرزاق بديع الكتبي لخدمات المعتمرين,Makkah,10006235,1-Star,Active,287500
626,"Amjad Al Jazeera Hotel, a branch of Amjad Al Jazee",فندق أمجاد الجزيرة فرع شركة أمجاد الجزيرة للإستثمار العقاري,Makkah,10006915,1-Star,Active,228471
627,burg al ziafa hotel,فندق برج الضيافة مبارك للخدمات الفندقيه,Makkah,10006939,1-Star,Active,220148
628,Anwar Aseel Hotel,فندق أنوار أصيل الفندقية,Makkah,10006661,1-Star,Active,241411
629,SQAA ALASEEL HOTEL,فندق الأصيل سقاية الفندقية,Makkah,10006674,2-Star,Active,218077
630,soha Tourist Accommodation Company,شركة صها للايواء السياحي,Makkah,10006382,1-Star,Active,259476
631,Al Dana Diamond Hotel Company,شركة الدانه الماسية الفندقية شركة شخص واحد,Makkah,10006701,4-Star,Active,219752
632,Mathir Al-Jwar Hotel,فندق مآثر الجوار الفندقية,Makkah,10007321,1-Star,Active,218002
633,Jaralbait Hotel,فندق جار البيت الفندقية,Makkah,10007326,1-Star,Active,223278
634,REHAB ALMARWA 2 HOTEL,فندق رحاب المروة اثنين الفندقية,Makkah,10007505,1-Star,Active,219571
635,Durrat Al Bahja Hotel for Tourist Accommodation,فندق درة البهجة للايواء السياحي,Makkah,10007503,1-Star,Active,228045
636,Makarem Alfirdous Hotel,فندق مكارم الفردوس الفندقية,Makkah,10007496,1-Star,Active,288175
637,Sunrise Ajyad Hotel,شركة اشراق اجياد الفندقية,Makkah,10007494,1-Star,Active,239218
638,Kenana Al Azizia Hotel for Hotel Services,فندق كنانة العزيزية للخدمات الفندقيه,Makkah,10007493,1-Star,Active,259075
639,al naseem alarabie hotel,فندق النسيم العربي الفندقية,Makkah,10007490,1-Star,Active,197434
640,Hotel hotel descriptions,فندق الاوصاف الفندقية,Makkah,10007485,1-Star,Active,211538
641,Pearl of Serenity Hotel for Hotel Services,فندق لؤلؤة الصفاء للخدمات الفندقيه,Makkah,10007483,1-Star,Active,242819
642,SARAYA ALJIWAR HOTEL,فندق سرايا الجوار الفندقية,Makkah,10007482,1-Star,Active,220415
643,High Feelings Hotel,فندق عالية المشاعر الفندقية,Makkah,10007478,1-Star,Active,254795
644,Durrat Hassan Hotel for Hotel Services,فندق درة حسن للخدمات الفندقيه,Makkah,10009778,1-Star,Active,255022
645,Roots hotel,شركة جذور الفندقية شركة شخص واحد,Makkah,10006437,1-Star,Active,241410
646,Al Marwa Rayhaan by Rotana,فندق المروة ريحان فرع شركة جوار لإدارة وتسويق وتطوير العقار,Makkah,10007293,4-Star,Active,218413
647,Company ZOHRA ALMADAIN Hotel,شركة زهرة المدائن الفندقية شركة شخص واحد,Makkah,10007316,1-Star,Active,239235
648,Jawharat Nouran Hotel Company for Tourist Accommod,شركة فندق جوهرة نوران للايواء السياحي,Makkah,10007272,1-Star,Active,97369
649,Wardat AL Mashaeri Hotel,فندق وردة المشاعر الفندقية,Makkah,10007282,1-Star,Active,254537
650,DAR ALMAQAM HOTEL,فندق دار المقام الفندقية,Makkah,10007278,1-Star,Active,290556
651,Al BOW Hotel Towers,فندق أبراج البو الفندقية,Makkah,10007322,1-Star,Active,219936
652,Hotel SARI AL-RUABI Hotel,فندق ساري الروابي الفندقية,Makkah,10007340,1-Star,Active,224539
653,NAJMAH THAKHER HOTEL,فندق نجمة ذاخر للضيافة السياحي,Makkah,10007338,1-Star,Active,219919
654,NEW LEVEL HOTEL,شركة نيو ليفيل المحدودة,Makkah,10007337,1-Star,Active,244330
655,Orvana Company,شركة أورفانا,Makkah,10007342,2-Star,Active,239208
656,HOTEL DURRA ALAHBAH,فندق درة الاحبه الفندقية,Makkah,10007590,1-Star,Active,290144
657,Hotel MAGHAM AL-DHAHABI Hotel,فندق مقام الذهبى الفندقية,Makkah,10007588,1-Star,Active,220493
658,zilzl alnuzala,فندق ظلال النزلاء للضيافة السياحي,Makkah,10007587,2-Star,Active,229916
659,Manayer Alosoul hotel,فندق مناير الأصول الفندقية,Makkah,10007586,1-Star,Active,289956
660,Golden Entity Message Company,شركة رسالة الكيان الذهبيه,Makkah,10007582,1-Star,Active,220630
661,Mena hotel,شركة بوابة منى الفندقية,Makkah,10007579,2-Star,Active,221923
662,Moyyad Abdulrahman  Banonah Hotel Est,مؤسسة مؤيد عبدالرحمن بن عبدالعزيز بنونه الفندقية,Makkah,10007566,1-Star,Active,244275
663,Loloat Noura Hotel Company for Tourist Accommodati,شركة فندق لؤلؤة نوران للايواء السياحي,Makkah,10006407,1-Star,Active,217991
664,Hayatt Makarim Ajyad Hotelt,فندق حياة مكارم اجياد الفندقية,Makkah,10006359,1-Star,Active,254616
665,Snood Al Dana Hotel,شركة سنود الدانه للخدمات الفندقيه شركة شخص واحد,Makkah,10006360,1-Star,Active,259358
666,company khadamat al muttahidun ltd,شركة خدمات المتحدون المحدودة,Makkah,10006340,1-Star,Active,298735
667,SARAYA AL DEAFAH HOTEL,فندق سرايا الضيافة الفندقية,Makkah,10006602,3-Star,Active,225640
668,Al-Olayan Ajyad Hotel,فندق العليان اجياد الفندقية,Makkah,10006531,1-Star,Active,255575
669,Suites Al Maqam Hotel,فندق سويتس المقام الفندقية,Makkah,10006477,1-Star,Active,239214
670,Al Miqat Hotel Services Company,فندق الميقات اجياد للايواء السياحي,Makkah,10006614,1-Star,Active,240094
671,Roya Al Mawaddah Hotel for Tourist Accommodation,فندق رؤيا المودة للايواء السياحي,Makkah,10006613,1-Star,Active,246599
672,Hussain Biyari Hotel,فندق حسين حسن علي بياري الفندقية,Makkah,10006349,1-Star,Active,241132
673,Diyar Al Bait Hotel,فندق ديار البيت الفندقية,Makkah,10006404,1-Star,Active,220437
674,Tara Mahbas Hotel,فندق تارا المحبس,Makkah,10007265,1-Star,Active,242812
675,Durrat Taiba Company,شركة درة طيبة المحدودة,Makkah,10007290,1-Star,Active,223860
676,MANAR AL MASHAEIR HOTEL,فندق منار المشاعر الفندقية,Makkah,10007277,1-Star,Active,95426
677,Lapa Darna Hotel,فندق لابا دارنا الفندقية,Makkah,10007257,1-Star,Active,218819
678,Khaled Hussein Ali Hotel Hotel Facility,فندق خالد حسين علي مرفق الفندقية,Makkah,10007237,1-Star,Active,239818
679,mnazil albait company,شركة منازل البيت المحدودة,Makkah,10007289,1-Star,Active,271676
680,ALTALAAYIE HOTEL COMPANY,شركة الطلائع الفندقية,Makkah,10007227,1-Star,Active,213724
681,Mawasem Al Khair Hotel Establishment,مؤسسة مواسم الخير الفندقية,Makkah,10007195,1-Star,Active,295915
682,MAKAREM ALHIJRA HOTEL,فندق مكارم الهجرة الفندقية,Makkah,10007024,1-Star,Active,221988
683,RAKAYA for serviced apartments,شقق ركايا للشقق المخدومة,Makkah,10007050,2-Star,Active,288417
684,Farah Tower Hotel,فندق برج فرح الفندقية,Makkah,10007079,1-Star,Active,239205
685,Diyar Al-Mashaer Serviced Apartments,شقق ديار المشاعر للشقق المخدومة,Makkah,10006728,2-Star,Active,255057
686,Swissotel Al Maqam Makkah,شركة ابراج ساره للاستثمار العقاري فندق سويس أوتيل المقام مكة,Makkah,10007391,4-Star,Active,219927
687,Diyar almashaer hotel,فندق ديار المشاعر الفندقية,Makkah,10006493,2-Star,Active,231074
688,Rawda Mayra hotel,فندق روضة ميار الفندقية,Makkah,10006621,1-Star,Active,292738
689,company maysan almashaer hotel,شركة ميسان المشاعر الفندقية,Makkah,10006698,1-Star,Active,218307
690,DARE LAMAR HOTEL,فندق دار لمار الفندقية,Makkah,10006418,1-Star,Active,246520
691,Mina View Hotel,فندق منى فيو للايواء السياحي,Makkah,10006356,1-Star,Active,287935
692,Blue Coral Hotel,فندق المرجان الأزرق للخدمات الفندقيه شركةشخص واحد,Makkah,10006582,1-Star,Active,218987
693,Emaar Al Khalil Hotel,فندق اعمار الخليل الفندقية,Makkah,10006673,2-Star,Active,218539
694,areej alzahbi hotel,فندق اريج الذهبي الفندقية,Makkah,10006671,1-Star,Active,218991
695,Snod Hotel Company,شركة سنود الفندقية شركة مساهمة مقفلة,Makkah,10006384,1-Star,Active,244498
696,hijrat alkhayr hotel,فندق هجرة الخير الفندقية,Makkah,10007279,1-Star,Active,218034
697,Karamak Two Hotel,فندق كرمك اثنين الفندقية,Makkah,10007162,Unclassified/Other,Active,217716
698,Abeer Al-Azizia Hotel,شركة فندق عبير العزيزية الفندقية,Makkah,10007264,1-Star,Active,220516
699,Saraya Al Taj Hotel Services Company,شركة سرايا التاج للخدمات الفندقيه,Makkah,10007212,1-Star,Active,218376
700,durrat mina hotel,فندق درة مني,Makkah,10007169,1-Star,Active,232043
701,KNOOZ ALDIAFAH TWO Hotel Company,شركة كنوز الضيافة اثنين الفندقية,Makkah,10007251,1-Star,Active,231031
702,balad Tower Hotel,فندق برج البلد الفندقية,Makkah,10007184,1-Star,Active,231770
703,Rawad Al Bait Hotel Company,شركة رواد البيت الفندقية,Makkah,10007121,1-Star,Active,211646
704,MIRA RAWDAH HOTEL,فندق ميرة الروضة للضيافة السياحي,Makkah,10007132,1-Star,Active,218268
705,manasek alhijrah hotel,فندق مناسك الهجرة الفندقية,Makkah,10007143,1-Star,Active,220981
706,WARDAT ALMUEABADA HOTEL,شركة وردة المعابدة الفندقية,Makkah,10007476,1-Star,Active,292179
707,Najma Ghazi Hotel for tourist accommodation,فندق نجمة غازي للايواء السياحي,Makkah,10007475,1-Star,Active,298295
708,diouf almaqam company,شركة ضيوف المقام الفندقية,Makkah,10007473,1-Star,Active,239633
709,sari mina hotel,فندق ساري منى الفندقية,Makkah,10007472,1-Star,Active,290216
710,funduq manarat alsharieat alfunduqia,فندق منارة الشريعة الفندقية,Makkah,10007471,1-Star,Active,219737
711,Turkish Hotel Khaled Bin Hussein Al Sharif Hotel,فندق تركي خالد بن حسين الشريف الفندقية,Makkah,10007468,1-Star,Active,220983
712,SAWAED ALKHAIR,فندق سواعد الخير الفندقية,Makkah,10007467,1-Star,Active,219439
713,Hotel shabab Delma,فندق شباب دلما الفندقية,Makkah,10007465,1-Star,Active,220357
714,Mila Hotel 2,فندق ميلا اثنين الفندقية,Makkah,10007463,1-Star,Active,221092
715,HOTEL SHAAER ALHAYAT,فندق شعائر الحياة الفندقية,Makkah,10007459,1-Star,Active,300384
716,Cent Azizia Hotel,فندق سنت العزيزية الفندقية,Makkah,10006834,2-Star,Active,239443
717,Musalli for hotel Company,شركة مصلي الفندقية,Makkah,10006560,3-Star,Active,259316
718,Arkan Albeit jarwal Hotel Company,شركة فندق اركان البيت جرول الفندقية,Makkah,10006530,1-Star,Active,289636
719,Jabal Omar Address hotel,فندق جبل عمر العنوان الفندقية,Makkah,10006429,5-Star,Active,219541
720,swiss alkhalil hotel,فندق سويس الخليل الفندقية,Makkah,10006643,1-Star,Active,218781
721,Akhyar Al Mahbas Hotel Company,شركة أخيار المحبس الفندقية,Makkah,10006686,2-Star,Active,20532
722,rwad almnasek,شركة رواد المناسك لتشغيل الفنادق,Makkah,10006794,1-Star,Active,231934
723,The First Distinctive Hotel Company,شركة المميزة الاولى الفندقية,Makkah,10006638,1-Star,Active,213860
724,Remal alarab Hotel,فندق رمال العرب الفندقية,Makkah,10006909,1-Star,Active,287955
725,Wardat Al Wafa Hotel,فندق وردة الوفا الفندقية,Makkah,10007102,1-Star,Active,244329
726,ALTALAAYIE HOTEL COMPANY,شركة الطلائع الفندقية,Makkah,10007275,1-Star,Active,218019
727,Diwan Albait Hotel,فندق ديوان البيت الفندقية,Makkah,10007064,1-Star,Active,220698
728,Tala Alsharq co ltd,شركة طلع الشرق المحدودة,Makkah,10007025,2-Star,Active,291315
729,Alesayi Hospitalty ( Mercure Makkah Aziziyah),شركة فندق العيسائي للضيافة,Makkah,10007296,Unclassified/Other,Active,242954
730,Masa'er Al-Mashaer Hotel Establishment,مؤسسة ماسة المشاعر الفندقية,Makkah,10007107,1-Star,Active,243062
731,Arkan Bakkah Hotel,فندق اركان بكة الفندقية,Makkah,10007144,1-Star,Active,244317
732,Saud.q.almatrafi@gmail.com,فندق عبير قبلان المطرفي الفندقية,Makkah,10007103,1-Star,Active,241154
733,Top Leader Company,شركة متصدر المقام,Makkah,10007196,1-Star,Active,217979
734,Al-Bairaq Hotel,فندق البيرق الفندقية,Makkah,10007130,3-Star,Active,221986
735,Abeer Alfadilah Hotel,فندق عبير الفضيلة الفندقية,Makkah,10002354,1-Star,Active,223555
736,rehab al janadriyah hotel,فندق رحاب الجنادرية الفندقية,Makkah,10002231,Unclassified/Other,Active,289215
737,Al Mozn Al Motaliqah Hotel,فندق المزن المتألقة,Makkah,10005919,1-Star,Active,240168
738,Diyar AlMashaer Alhadiyah Hotel,فندق ديار المشاعر الهداية الفندقية,Makkah,10006697,1-Star,Active,237519
739,Masa Al Rayyan Hotel for Tourist Accommodatino,فندق ماسة الريان للايواء السياحي,Makkah,10006922,1-Star,Active,244299
740,BADER AL HADETH HOTEL,فندق بدر الحديث الفندقية,Makkah,10006708,1-Star,Active,239217
741,Moro company,شركة مورو العالمية للشقق والفنادق شركة شخص واحد,Makkah,10006632,2-Star,Active,218357
742,Manasek Al Noor Company for Building Management an,شركة مناسك النور لإدارة وتشغيل المباني ,Makkah,10006734,1-Star,Active,219190
743,Ehdaa Al Wissam Hotel,فندق اهداء الوسام الفندقية,Makkah,10006651,1-Star,Active,218445
744,Elaf Ajyad Hotel,فندق ايلاف اجياد فرع شركة ايلاف للفنادق,Makkah,10006726,1-Star,Active,237589
745,Snood Al Huda Hotel,فندق سنود الهدى الفندقية,Makkah,10006706,1-Star,Active,259135
746,Al Fajr Al Budaiya One Hotel,فندق الفجر البديع واحد للخدمات الفندقيه,Makkah,10006603,2-Star,Active,2060
747,SHAAB SULTANAH HOTEL,فندق شعب سلطانة الفندقية,Makkah,10006785,1-Star,Active,252047
748,Nada Ajyad Hotel,فندق ندى أجياد للضيافة السياحي,Makkah,10007094,1-Star,Active,219828
749,Jawharat Al Badi Hotel,فندق جوهرة البدائع الفندقية,Makkah,10007118,1-Star,Active,219499
750,Awtad Almotheda Hotel,فندق اوتاد المتحدة لتشغيل الفنادق,Makkah,10007021,1-Star,Active,218828
751,Sha'a Al Shaab One Hotel for Tourist Accommodation,فندق شعاع الشعب واحد للايواء السياحي,Makkah,10007085,1-Star,Active,220137
752,Wirgan Al Aziziyah Hotel for Hotel Services,فندق ورقان العزيزية للخدمات الفندقية,Makkah,10007172,4-Star,Active,244323
753,Karmak One Hotel Hotel,فندق كرمك واحد الفندقية,Makkah,10007149,1-Star,Active,213973
754,Salsabil Three Hotel,فندق سلسبيل ثلاثة الفندقية,Makkah,10007065,1-Star,Active,218344
755,BASAMA ALDIYAFAH HOTEIS COMPANY,شركة فندق بسمة الضيافة الفندقية,Makkah,10007180,1-Star,Active,218683
756,Al Manara Ewaa Hotel,فندق المنارة إيواء الفندقية,Makkah,10007249,2-Star,Active,47430
757,DARCOM LAND MARK,شركة المعالم للشقق المخدومة,Makkah,10006795,1-Star,Active,220110
758,Ajwaa Alhateem For hotels Services Company,شركة أجواء الحطيم الفندقية,Makkah,10006646,1-Star,Active,221919
759,EMAAR ALMANAR HOTEL,فندق اعمار المنار الفندقية,Makkah,10006860,Unclassified/Other,Active,232069
760,Diary Ahlam AlFawz Hotel Services Co,شركة دياري أحلام الفوز للخدمات الفندقيه,Makkah,10006668,Unclassified/Other,Active,239201
761,alziady hotel,فندق الزيادي اجياد,Makkah,10006812,1-Star,Active,224933
762,Nawazi Hotel Towers,فندق ابراج نوازي الفندقيه,Makkah,10006951,3-Star,Active,221976
763,Snood Ajyad Hotel Services,شركة سنود اجياد للخدمات الفندقيه شركة شخص واحد,Makkah,10006665,2-Star,Active,211548
764,Waseem Al Aziziyah Hotel,فندق وسيم العزيزية الفندقية,Makkah,10006682,1-Star,Active,218365
765,Nawara Shams Hotel,فندق نوارة شمس الفندقية,Makkah,10006720,1-Star,Active,218600
766,Sama Al Mashaer Hotel for Tourist Accommodation,فندق سما المشاعر للايواء السياحي,Makkah,10006707,1-Star,Active,220069
767,ZEWAR  MASHAER ALQASR HOTEL,فندق زوار المشاعر القصر الفندقية,Makkah,10007045,1-Star,Active,244595
768,Hayat Taiba Tourist Hostel,نزل حياة طيبه للنزل السياحيه,Makkah,10007104,Unclassified/Other,Active,271515
769,awtad almotheda hotel,فندق اوتاد المتحده للضيافة السياحي,Makkah,10007010,1-Star,Active,218857
770,HOTEL NARGIS ALHADIQA,فندق نرجس الحديقة,Makkah,10007206,1-Star,Active,68044
771,MEEZAB ALSABIQ 1 HOTEL,شركة ميزاب الفندقية شركة شخص واحد,Makkah,10007099,1-Star,Active,248527
772,Yamam First Hotel Company,شركة فندق يمام الاول الفندقية,Makkah,10007019,1-Star,Active,253962
773,elaf albait hotel,فندق ايلاف البيت للضيافة السياحي,Makkah,10007001,1-Star,Active,103214
774,Rabwat Al Safwah Hotel,فندق ربوة الصفوة,Makkah,10007100,1-Star,Active,271759
775,Swiss Grand Hotel,فندق سويس جراند الفندقية,Makkah,10007059,1-Star,Active,219932
776,ALTAQWA ALMASSI HOTEL,فندق التقوى الماسي الفندقية,Makkah,10007012,1-Star,Active,239363
777,Mashreq Kuadi Hotel,فندق مشرق كدي التجارية,Makkah,10007032,1-Star,Active,253984
778,Maqam Al Hijaz Tourism Hospitality Company,شركة مقام الحجاز للضيافة السياحي,Makkah,10005865,1-Star,Active,239400
779,Company HAYAT AL-DYAFA for serviced apartments,شركة حياة الضيافة للشقق المخدومة,Makkah,10002887,Code 27,Active,302635
780,Company MULTAQA ALAIMAN for hospitality tourism,شركة ملتقى الايمان للضيافة السياحي,Makkah,10006745,2-Star,Active,242801
781,laylat saba waeishrin Hotel,فندق ليلة سبع وعشرين الفندقية,Makkah,10006953,1-Star,Active,287815
782,MISK UMM ALQURA HOTEL,فندق مسك ام القري,Makkah,10006857,1-Star,Active,255021
783,Zahrat AlYasser Hotel,فندق زهرة الياسر الفندقية,Makkah,10006786,1-Star,Active,239495
784,Wahat Ajyad Travel and Tourism Co,شركة واحة أجياد للسفر و السياحة شخص واحد,Makkah,10006757,1-Star,Active,219817
785,Alhashmiah Tower Hotel,فندق برج الهاشمية للايواء السياحي,Makkah,10006702,1-Star,Active,221001
786,NUR HAYAT HOTEL,شركة نور حياة الفندقية شخص واحد,Makkah,10006808,1-Star,Active,211576
787,Nazeel El MAshaer,فندق نزيل المشاعر الفندقية,Makkah,10006896,1-Star,Active,223254
788,company saja alghazza hotel,شركة سجى الغزة الفندقية,Makkah,10006873,1-Star,Active,16970
789,AL RABEH BILLA HODOUD Co,شركة الرابح بلا حدود للخدمات الفندقيه,Makkah,10006884,3-Star,Active,211546
790,alfanadiq alfaransiat alraabieat alfunduqia,فندق منازل الفرقان الرابع الفندقية,Makkah,10009529,1-Star,Active,231940
791,Furqan Al-Sani Homes,فندق منازل الفرقان الثاني الفندقية,Makkah,10009528,1-Star,Active,228015
792,Nour AlMask Hotel Services Company,شركة نور المسك للخدمات الفندقية,Makkah,10009575,1-Star,Active,242933
793,NAJMA ASEEL Hotel,فندق نجمة أسيل الفندقية,Makkah,10009572,1-Star,Active,291181
794,Manazel Al Maqam Hotel Services Company,شركة منازل المقام للخدمات الفندقيه شخص واحد,Makkah,10009571,1-Star,Active,232374
795,Company Maysan Alaziziyz hotel,شركة ميسان العزيزية الفندقية شخص واحد,Makkah,10009624,1-Star,Active,220429
796,Hindibaa Hotel,فندق الهندباء للضيافة السياحي,Makkah,10009612,1-Star,Active,255118
797,MEEZAB ALMUQARBIN HOTEL,شركة ميزاب الفندقية شركة شخص واحد,Makkah,10009564,1-Star,Active,291177
798,express co for hajj and omrah,فرع شركة اكسبرس للحج والعمرة,Makkah,10009563,1-Star,Active,221983
799,Company EL MASSE ZAKHER To operate hotels,شركة الماسه ذاخر لتشغيل الفنادق شركة شخص واحد,Makkah,10009632,1-Star,Active,239315
800,Mahwa Alfuad Hotel Company,شركة مهوى الفؤاد الفندقية,Makkah,10009644,1-Star,Active,289535
801,Sheraton Makkah Jabal Al Kaaba Hotel,شركة شيراتون مكة شركة شخص واحد,Makkah,10009788,4-Star,Active,218579
802,Kudi Tower Hotel 2,شركة كدي تاور للخدمات الفندقيه,Makkah,10009782,1-Star,Active,223290
803,Kian Al Raya Tourism Hospitality Company,شركة كيان الرايه للضيافة السياحي,Makkah,10009537,1-Star,Active,221617
804,ALHEDYA HOTEL,فندق الهداية الكبرى الفندقية,Makkah,10009533,1-Star,Active,234972
805,Al Noor Place Hotel for Tourism and Hospitality,فندق مكان النور للضيافة السياحي,Makkah,10009532,1-Star,Active,239361
806,LULUAT almisk hotel,شركة لؤلؤة المسك الفندقية,Makkah,10009585,1-Star,Active,250234
807,Wafaq Al Mashaer Hotel Company for Tourism Hospita,شركة فندق وفاق المشاعر للضيافة السياحي,Makkah,10009584,1-Star,Active,239437
808,Arafat Gold Company,شركة عرفات الذهبية,Makkah,10009581,1-Star,Active,221221
809,Ladan Silver Hotel,شركة قطوف الضيافة للايواء السياحي,Makkah,10009579,1-Star,Active,230823
810,HOTEL NOZOL ALNASSIM,فندق نزل النسيم الفندقية,Makkah,10009578,1-Star,Active,291478
811,hotel al sanabel al dhahbia,فندق السنابل الذهبية اثنين للخدمات الفندقيه,Makkah,10009603,1-Star,Active,288535
812,Rowad Asfour Wahid Hotel,فندق رواد عصفور واحد الفندقية,Makkah,10009601,1-Star,Active,271758
813,ORVANA Zakher Hotel,شركة أورفانا,Makkah,10009598,1-Star,Active,234537
814,aldyafah alasryah,شركة الضيافة العصرية الفندقية,Makkah,10009609,1-Star,Active,241443
815,Jawaher Al Bait Hotel for  tourist Accommo,فندق جواهر البيت للايواء السياحي,Makkah,10009608,1-Star,Active,218372
816,Ayan Al-Maabda Hotel,فندق أعيان المعابدة,Makkah,10009607,1-Star,Active,242833
817,KAYAN ALAMJAD EST,مؤسسة كيان الامجاد,Makkah,10009482,Unclassified/Other,Active,293355
818,aanwar almnarat alzahbya hotel,فندق أنوار المنارات الذهبية الفندقية,Makkah,10009702,1-Star,Active,292275
819,ANWAR AL WADI HOTEL,فندق انوار الوادي الفندقية,Makkah,10009713,1-Star,Active,289697
820,Saad Palace Hotel Establishment,مؤسسة قصر سعاد الفندقية,Makkah,10009756,1-Star,Active,258857
821,safat hotel,فندق صافات للخدمات الفندقيه,Makkah,10009470,1-Star,Active,239440
822,Kauthar Hospitality Company for Hotel Services,شركة كوثر الضيافه للخدمات الفندقية شخص واحد,Makkah,10009631,1-Star,Active,248513
823,sawaeid alealamia co,شركة سواعد العالمية لتشغيل الفنادق,Makkah,10009524,1-Star,Active,230805
824,pride and joy,شركة برايد اند جوي العربية للمقاولات شركة شخص واحد,Makkah,10009523,1-Star,Active,293135
825,ALKHULAFAA ALFYSALIYAH HOTEL,فندق الخلفاء الفيصلية الفندقية,Makkah,10009463,1-Star,Active,240177
826,Akalil Tourism Hospitality Company,شركة أكاليل للضيافة السياحي,Makkah,10009456,1-Star,Active,287775
827,funduq rawdat alsharieat alfunduqia,فندق روضة الشريعة الفندقية,Makkah,10009461,1-Star,Active,217955
828,Saraya Al Mahbas Hotel,فندق سرايا المحبس الفندقية,Makkah,10009541,1-Star,Active,218611
829,Osoul Al Jawhara Hotel Company,شركة أصول الجوهره الفندقية,Makkah,10009595,1-Star,Active,289698
830,taj alirtifa Company,شركة تاج الارتفاع,Makkah,10009590,1-Star,Active,213856
831,SRUH ALMAQAM REAL ESTATE,شركة صروح المقام للتطوير والاستثمار العقاري,Makkah,10009587,Unclassified/Other,Active,239255
832,MANAR ALMINA HOTEL,فندق منارة المنى للايواء السياحي,Makkah,10009639,1-Star,Active,221118
833,Alaa Company Limited,شركة العلاء المحدودة,Makkah,10009282,1-Star,Active,293890
834,Hareth Mohammed Saleh Bahareth Hotel,فندق حارث محمد صالح باحارث الفندقية,Makkah,10009281,1-Star,Active,218793
835,PLUE PEARL HOTEL,فندق اللؤلؤة الزرقاء الفندقية,Makkah,10009279,1-Star,Active,239776
836,Alusol almasyah Tourism Hospitality comp,شركة الأصول الماسية للضيافة السياحي,Makkah,10009277,1-Star,Active,254538
837,Faisal Al Safwa Hotel,فندق فيصل الصفوة الفندقية,Makkah,10008815,1-Star,Active,288875
838,shba allmassi,شركة شبا الماسي الفندقية,Makkah,10009268,1-Star,Active,1845
839,Taaj Alzahabiyah Hotel,فندق تاج الذهبية الفندقية,Makkah,10009267,1-Star,Active,288716
840,ares hotels,شركة اريس المشاعر لتشغيل الفنادق,Makkah,10008895,1-Star,Active,221977
841,Jawaher Al Hashimiya Hotel for Tourist Accommodati,فندق جواهر الهاشمية للايواء السياحي,Makkah,10008889,1-Star,Active,239210
842,Alyaser Royal Hotel,فندق اليسر رويال الفندقية,Makkah,10008885,1-Star,Active,197446
843,diwan alnuzha services apartments,شقق ديوان النزهة للشقق المخدومة,Makkah,10008879,2-Star,Active,218458
844,Nada Al Hijra Hospitality Tourist Hotel,فندق ندى الهجرة للضيافة السياحي,Makkah,10008863,1-Star,Active,241408
845,ifah Company Limited,شركة إيفاه المحدودة,Makkah,10008704,1-Star,Active,250263
846,Orooq Al-Thahab Al Makkiah,فندق عروق الذهب المكية,Makkah,10008695,1-Star,Active,254921
847,Courtyard By Marriott Makkah,شركة كورت يارد باي ماريوت كدي الفندقية,Makkah,10008693,4-Star,Active,273
848,MANARAH ALEMAN HOTEL,فندق منارة الايمان للايواء السياحي,Makkah,10008679,1-Star,Active,220358
849,Aseel Al-Mask Hotel Company,شركة اصيل المسك الفندقية,Makkah,10008678,1-Star,Active,239211
850,seventh square hotel,فندق المربع السابع للايواء السياحي,Makkah,10008673,1-Star,Active,240188
851,Company AL-RUWABET AL-MUTAGAMLA for hospitality to,شركة الروابط المتكاملة للضيافة السياحي شخص واحد,Makkah,10008654,1-Star,Active,254515
852,MEEZAB JARWAL HOTEL,شركة ميزاب الفندقية شركة شخص واحد,Makkah,10008652,1-Star,Active,244315
853,MEEZAB ALBIBAN HOTEL,شركة ميزاب الفندقية شركة شخص واحد,Makkah,10008651,1-Star,Active,244355
854,luluuh alzarqa hotel,فندق لؤلؤه الزرقاء للايواء السياحي,Makkah,10008649,1-Star,Active,219853
855,funduq hadiqat alruwz alfunduqia,فندق حديقة الروز الفندقية,Makkah,10008862,1-Star,Active,241133
856,Rawaa Al Shamoukh Hotel Company for Tourism Hospit,شركة فندق روعة الشموخ للضيافة السياحي,Makkah,10009674,1-Star,Active,239209
857,Hotel DORRA ALJAWHARA for hospitality tourism,فندق درة الجوهرة للضيافة السياحي,Makkah,10009671,1-Star,Active,271817
858,company maysan alsafa hotel,شركة ميسان الصفا الفندقية شخص واحد,Makkah,10009670,1-Star,Active,219386
859,Nukhbah Hotel,فندق نخبة الجوار الفندقية شخص واحد,Makkah,10009680,1-Star,Active,217965
860,Zad Al Majd Hotel,فندق زاد المجد الفندقية,Makkah,10009730,1-Star,Active,241995
861,Lulua Mechaar Hospitality Tourism,شركة لؤلؤة المشاعر للايواء السياحي,Makkah,10009724,1-Star,Active,259455
862,zahert alforsan hotel,شركة زهرة الفرسان الفندقية,Makkah,10009722,1-Star,Active,223336
863,SHURAKAA AL KHAIR AJYAD HOTEL,فندق شركاء الخير اجياد للضيافة السياحي,Makkah,10009750,1-Star,Active,232406
864,maidan al bait,شركة ميدان البيت الفندقية شخص واحد,Makkah,10009770,1-Star,Active,221816
865,Karam Al Mashaer Hotel,فندق كرم المشاعر للخدمات الفندقيه,Makkah,10009765,1-Star,Active,294435
866,Cent AlKhair Hotel,فندق سنت الخير الفندقية,Makkah,10008630,1-Star,Active,241142
867,Atheer Al Mashaer Hotel for Distinctive Tourism Ho,فندق أثير المشاعر المتميزة للضيافة السياحي,Makkah,10008627,1-Star,Active,237450
868,nasamatalyaqin,فندق نسمات اليقين للايواء السياحي,Makkah,10008611,1-Star,Active,225236
869,MANAR ALTAWHID TWO,فندق منار التوحيد اثنين الفندقية,Makkah,10008598,1-Star,Active,218492
870,Hotal Kinan Alzizia,فندق كنان العزيزية للايواء السياحي,Makkah,10008597,1-Star,Active,254615
871,zwar albait hotel,فندق زوار البيت,Makkah,10008588,3-Star,Active,221990
872,company maysan aljanubiah hotel,شركة ميسان الجنوبية الفندقية شخص واحد,Makkah,10008584,1-Star,Active,220480
873,Durrat Asmaa Hotel,درة أسماء الفندقية,Makkah,10009712,1-Star,Active,255529
874,JAWHARET AL MAHABA HOTEL,فندق جوهرة المحبة الفندقية,Makkah,10009764,1-Star,Active,259356
875,Al Naseem Al Sahla Hotel for Hotel Services,فندق النسيم السهلة للخدمات الفندقيه,Makkah,10009759,1-Star,Active,244437
876,Al azhar Almasi Hotel,فندق الازهر الماسي الفندقية,Makkah,10009758,1-Star,Active,218578
877,Salah Tower Hotel,فندق برج صلاح,Makkah,10009757,1-Star,Active,259335
878,ATYAF alkhayr almasiya,شركة أطياف الخير الماسية,Makkah,10009708,1-Star,Active,221918
879,Hotel AALI AL-HAJJAZ Hotel,فندق أعالي الحجاز الفندقية,Makkah,10009692,1-Star,Active,221014
880,Anwar Al-Mask Hotel Services Company,شركة انوار المسك للخدمات الفندقية,Makkah,10009691,1-Star,Active,239335
881,Al Yasmine Pioneer Property Management Company is,شركة الياسمين الرائدة لادارة الأملاك شركة شخص واحد,Makkah,10009746,1-Star,Active,288675
882,"Rehab Al Maqam Hotel Services Company, one person",شركة رحاب المقام للخدمات الفندقيه شخص واحد,Makkah,10009744,1-Star,Active,237078
883,Rawabi Al Shorouk Hotel,فندق روابى الشروق الفندقية,Makkah,10009740,1-Star,Active,244597
884,alanwar almohammadyah,شركة رحاب البركة المحدودة,Makkah,10009088,1-Star,Active,254521
885,Mathaba Al Tayseer Hotel for Hotel Services,فندق مثابة التيسير للخدمات الفندقيه,Makkah,10009429,1-Star,Active,242823
886,sama alshaair hotels operation company,شركة سما الشعائر لتشغيل الفنادق,Makkah,10009424,1-Star,Active,239399
887,Mohammed Bin Faleh AlJabri Hotel Company,شركة محمد بن فالح الجابرى الفندقية,Makkah,10009423,1-Star,Active,250237
888,Hotel MSAKEN AL-HAJJAZ AL-DHAHBIA,فندق مساكن الحجاز الذهبية الفندقية,Makkah,10009419,1-Star,Active,254
889,JAEHART ALSHURUQ HOTEL,فندق جوهرة الشروق الفندقية,Makkah,10009410,1-Star,Active,274203
890,Silver Tulip Hotel,فندق التولب الفضي للخدمات الفندقية,Makkah,10009409,1-Star,Active,241157
891,Kyan Al Dana Hotel,فندق كيان الدانه الفندقية,Makkah,10009407,1-Star,Active,221003
892,Tara Company Hotel,شركة تارا,Makkah,10008955,1-Star,Active,105309
893,Al Hijaz Oasis Hotel for Hotel Services,فندق واحة الحجاز للخدمات الفندقيه,Makkah,10009403,1-Star,Active,254522
894,Almasah AlMashair Hotel Operation Company,شركة الماسة المشاعر لتشغيل الفنادق,Makkah,10009402,1-Star,Active,255135
895,"Adwaa Manazel Al-Karam Hotel Services Company, one",شركة أضواء منازل الكرام للخدمات الفندقيه شخص واحد,Makkah,10009399,1-Star,Active,271461
896,Aknan Al Safa Hotel Company,شركة اكنان الصفا الفندقية,Makkah,10009393,1-Star,Active,219583
897,afaaq almeouaya Hotel for Tourism Hospitality,فندق افاق المئوية للضيافة السياحي,Makkah,10009392,1-Star,Active,222055
898,Atheer Al-Mashaer Distinguished Company is a one-p,شركة أثير المشاعر المتميزة التجارية شركة شخص واحد,Makkah,10008950,1-Star,Active,246596
899,Jawharat Al-Hijrah Hotel,فندق جوهرة الهجرة الفندقية,Makkah,10009390,1-Star,Active,220260
900,Ayman Al-Hijrah Hotel,فندق أيمن الهجرة الفندقية,Makkah,10008910,1-Star,Active,219058
901,Anwar Al-Salah Company Limited,شركة انوار الصلاح المحدودة شخص واحد,Makkah,10009260,1-Star,Active,220159
902,MASAR ALMISK HOTEL,شركة واحة المسك للخدمات الفندقية,Makkah,10009259,1-Star,Active,222726
903,manazel altalaayie hotel,شركة منازل الطلائع للشقق المخدومة,Makkah,10009255,2-Star,Active,255056
904,MIRA AJYAD HOTEL,فندق ميره أجياد الفندقية,Makkah,10009254,1-Star,Active,218529
905,Rawad Asfour Hotel for Hotel Services,فندق رواد عصفور للخدمات الفندقيه,Makkah,10009027,1-Star,Active,271677
906,ELAF AL MAQAM HOTEL COMP,شركة ايلاف المقام الفندقية شركة شخص واحد,Makkah,10009245,2-Star,Active,241119
907,Nader Al-Mahabbah Hotel,فندق نادر المحبة الفندقية,Makkah,10009023,1-Star,Active,239397
908,HUSEIN GABORY,حسين احمد عمر قبورى,Makkah,10009239,1-Star,Active,255017
909,Wadi AlJaryan Hotel Company,شركة وادي الجريان الفندقية,Makkah,10009237,1-Star,Active,289635
910,Shada Aseel Hotel,فندق شدا اصيل الفندقية,Makkah,10009230,1-Star,Active,221012
911,Refaq Hotels Company,شركة رفاق الفندقية,Makkah,10008922,1-Star,Active,218348
912,Louloua Badiyat Hotel Company,شركة فندق لؤلؤة البدائع الفندقية,Makkah,10008914,1-Star,Active,288795
913,Manarat AlMask Hotel Company,شركة منارة المسك الفندقية,Makkah,10008913,1-Star,Active,240122
914,Company PRADAIS LAND AL-FANDAQUI AL-ALAMIYYA,شركة برادايس لاند الفندقية العالمية المحدودة,Makkah,10009388,1-Star,Active,240119
915,al rifaa al omrani company ltd,شركة فيفيان للخدمات الفندقية,Makkah,10009387,1-Star,Active,218425
916,sama almisk,شركة سما المسك الفندقية شركة شخص واحد,Makkah,10009381,1-Star,Active,222015
917,Nasmat Makkah Hotel,فندق نسمات مكة,Makkah,10008857,2-Star,Active,222058
918,TOHFAT ALRAWDA HOTEL,فندق تحفة الروضة الفندقية,Makkah,10008856,1-Star,Active,258858
919,Turkish Hotel Khaled Bin Hussein Al Sharif Hotel,فندق تركي خالد بن حسين الشريف الفندقية,Makkah,10008855,1-Star,Active,239475
920,Rawaa Al Saada Hotel for TourismHospitality,فندق رواء السعادة للضيافة السياحي,Makkah,10009372,1-Star,Active,254516
921,MIRA NAFAQ HOTEL,فندق ميرة النفق للضيافة السياحي,Makkah,10009370,1-Star,Active,218442
922,ARFALON HOTEL,فندق أرفلون المصافي للضيافة السياحي,Makkah,10008849,1-Star,Active,241189
923,Barakat Al-Hajla Hotel,فندق بركة الهجلة الفندقية,Makkah,10009360,1-Star,Active,219152
924,zuaar albirkih hotel,فندق زوار البركة,Makkah,10009355,1-Star,Active,239358
925,Al-Raghaeb Hotel Company,شركة الرغائب الفندقية,Makkah,10009346,1-Star,Active,271439
926,TARA ALZAHABI HOTEL,شركة تارا الذهبي,Makkah,10009335,1-Star,Active,217993
927,Al Fath Homes Hotel Group,مجموعة فندق منازل الفتح الفندقية,Makkah,10009330,1-Star,Active,230646
928,alresala alzhabi hotel,فندق الرسالة الذهبي الفندقية,Makkah,10008945,1-Star,Active,244334
929,WAHDAT ALRAYYAD ATHNIN for serviced apartments,شقق وحدات الرياض اثنين للشقق المخدومة,Makkah,10009070,Code 27,Active,294236
930,Pearl of the People Hotel,فندق لؤلؤة الشعب الفندقية,Makkah,10008942,1-Star,Active,254536
931,Ajyad Pearl Hotel for Tourist Accommodation,فندق لؤلؤة اجياد للايواء السياحي,Makkah,10008935,1-Star,Active,239236
932,Nassmat aljoury hotel,فندق نسمة الجوري,Makkah,10009063,1-Star,Active,241138
933,Zad Al Qimah Hotel,مؤسسة زاد القمه لإدارة مرافق الضيافة السياحية,Makkah,10009057,1-Star,Active,250238
934,Zad Al Rehab Hotel for Hotel Services,فندق زاد الرحاب للخدمات الفندقيه,Makkah,10008934,1-Star,Active,239457
935,Diyar Al Taqwa Hotel Operation Company,شركة ديار التقوى لتشغيل الفنادق  ذات مسئولية محدودة,Makkah,10009048,1-Star,Active,301775
936,Abdul Ahad Tuniaz Eid Saleh,عبدالاحد تونياز عيد صالح,Makkah,10009046,1-Star,Active,242811
937,AlAsala and AlRiyah Serviced Apartments,شركة الاصالة و الريادة للشقق المخدومة,Makkah,10009043,2-Star,Active,271615
938,"The wokf of Hassan bin Muhammad, Sheikh of Jamal",وقف حسن بن محمد شيخ جمل الليل,Makkah,10009037,1-Star,Active,239365
939,el Hadara Al Rawafed,فندق روافد الحضارة للضيافة السياحي,Makkah,10009036,1-Star,Active,218868
940,luluah aliman hotel,شركة فندق لؤلؤة الايمان الفندقية,Makkah,10008456,1-Star,Active,219603
941,modon alkhair company,شركة مدن الخير الفندقية شركة شخص واحد,Makkah,10009653,1-Star,Active,223283
942,Medyaf Alafaneen Hotel,فندق مضياف الافانين الفندقية,Makkah,10009651,1-Star,Active,271816
943,mohammadi makan,مؤسسة محمدي مكان الفندقية,Makkah,10009216,1-Star,Active,253965
944,garwal Hospitaility Hotel,فندق ضيافة جرول الفندقية,Makkah,10009208,1-Star,Active,244324
945,sharikat shams rizidinsiz almahduda,شركة شمس ريزيدنسز المحدودة,Makkah,10009207,1-Star,Active,257671
946,Altalayie hotel company,شركة الطلائع الفندقية,Makkah,10009204,1-Star,Active,235
947,GRAND ALSHAHBAA HOTELE,فندق جراند الشهباء الفندقية,Makkah,10009202,1-Star,Active,259457
948,Safwa Ajyad Hotel,فندق صفوة أجياد الفندقية,Makkah,10009019,1-Star,Active,219706
949,LALOUA ALANOUD HOTEL,فندق لؤلؤة العنود الفندقية,Makkah,10009197,1-Star,Active,220443
950,Mayar moyassar,فندق ميار ميسر الفندقية,Makkah,10009196,1-Star,Active,239398
951,"Atheer Al-Mashaer Al-Mumtaza Trading"" is a sole pr",شركة أثير المشاعر المتميزة التجارية شركة شخص واحد,Makkah,10009194,1-Star,Active,289696
952,Maysan Almultaqa Hotel,مجموعة ميسان الدولية,Makkah,10009193,1-Star,Active,230665
953,Company Maysan Almultazam Hotel,شركة ميسان الملتزم الفندقية شخص واحد,Makkah,10009192,1-Star,Active,219106
954,saqr hotel,فندق صقر الفندقية,Makkah,10009012,1-Star,Active,221985
955,Manasek Al-Bayt Hotel for Tourist Accommodation,فندق مناسك البيت للايواء السياحي,Makkah,10009008,1-Star,Active,239362
956,jawhrat thakher company,شركة جوهرة ذاخر الفندقية,Makkah,10009181,1-Star,Active,239366
957,MASHRAB RIWA,شركة مشرب رواء,Makkah,10009180,1-Star,Active,286611
958,Lima Al Taj Hotel,فندق ليمة التاج الفندقية,Makkah,10009179,1-Star,Active,254855
959,RAFDEN AJYAD HOTEL,فندق الرافدين اجياد الفندقية,Makkah,10009177,1-Star,Active,221057
960,Ghalib Tours Travel and Tourism Company,شركة غالب تورز للسفر و السياحة,Makkah,10009176,1-Star,Active,223523
961,RAWAEH AL-MISK WAHID Hotel,فندق روائح المسك واحد الفندقية,Makkah,10009173,1-Star,Active,230771
962,Lavi Park Hotel category,مؤسسة فندق لافي بارك الفندقية,Makkah,10009006,1-Star,Active,244398
963,Atheer Al Mashaer Hotel for Tourism Hospitality,فندق أثير المشاعر للضيافة السياحي,Makkah,10009171,1-Star,Active,250217
964,ruba alhijaz hotel,شركة ربا الحجاز الفندقية,Makkah,10009170,1-Star,Active,254597
965,Abdullah ali alaql,مؤسسة عبدالله علي عبدالرحمن العقل الفندقية,Makkah,10009168,1-Star,Active,289815
966,Zad Al Rahma Hotel,فندق زاد الرحمة الفندقية,Makkah,10009162,1-Star,Active,227678
967,Saif Plus Hotel,فندق سيف بلص الفندقية,Makkah,10009154,1-Star,Active,235543
968,ALHEDYA ALKUBRA HOTEL,فندق الهداية الكبرى الفندقية,Makkah,10009001,1-Star,Active,244296
969,Zahrat Al Khaimah Hotel,فندق زهرة الخيمة الفندقية,Makkah,10009151,1-Star,Active,220773
970,Company RAFAQ AL ALIYYA Hotel,شركة رفاق العالية الفندقية,Makkah,10008994,1-Star,Active,271660
971,Jada Ajiad Hotel,فندق جادة أجياد الفندقية,Makkah,10009145,1-Star,Active,213861
972,ALHEDYA ALKUBRA HOTEL,فندق الهداية الكبرى الفندقية,Makkah,10009144,1-Star,Active,243065
973,company maysan almaqam hotel,شركة ميسان المقام الفندقية شخص واحد,Makkah,10009142,3-Star,Active,219395
974,Awtaad United Company for Hotel Operation,شركة اوتاد المتحدة لتشغيل الفنادق,Makkah,10009141,1-Star,Active,253988
975,Safwat Almiead Hotel,فندق صفوة الميعاد للايواء السياحي,Makkah,10009138,1-Star,Active,254699
976,Nawara Al Shams Hotel,فندق نوارة شمس الفندقية,Makkah,10009134,1-Star,Active,218007
977,Abyat AlNassem Hotel,فندق أبيات النسيم الفندقية,Makkah,10009129,1-Star,Active,219368
978,Al Qimma  Atlas Hotel,فندق القمة أطلس,Makkah,10009123,1-Star,Active,259378
979,Gena al beat Hotel,فندق جنى البيت الفندقية,Makkah,10009119,1-Star,Active,219397
980,VIVIAN HOTEL,شركة فيفيان للخدمات الفندقية,Makkah,10008985,1-Star,Active,289395
981,Modern Sands Hotel Services Company,شركة الرمال الحديثة للخدمات الفندقيه,Makkah,10008983,1-Star,Active,244316
982,Zad Ajyad Hotel,مؤسسة زاد أجياد لتشغيل الفنادق,Makkah,10009114,1-Star,Active,248538
983,Jalal Distinguished Hotel Company,شركة جلال المتميزة الفندقية,Makkah,10009110,1-Star,Active,254517
984,awtad almasi hotel,شركة أوتاد الماسي للخدمات الفندقيه,Makkah,10009105,2-Star,Active,218768
985,NUR ALNASSEM Hotel,فندق نور النسيم الفندقية,Makkah,10009104,1-Star,Active,213862
986,ALWAHA ALMASYAH HOTEL,فندق الواحة الماسية للضيافة السياحي,Makkah,10009103,1-Star,Active,244395
987,Sadana Al Baraka Hotel,فندق سدانة البركة الفندقية,Makkah,10008976,Unclassified/Other,Active,239822
988,DURRAT ALAJABA HOTEL COMPANY,شركة درة الإجابة الفندقية شخص واحد,Makkah,10008965,1-Star,Active,230705
989,Tara Ajyad Hotel,فندق تارا اجياد,Makkah,10009092,1-Star,Active,218219
990,Emaar Al Khair Golden Hotel for Tourism Hospitalit,فندق اعمار الخير الذهبي للضيافة السياحي,Makkah,10009091,1-Star,Active,241162
991,Hotel NOUZHA ELMUSTAGIN Hotel,فندق نزهة المشتاقين الفندقية,Makkah,10009441,1-Star,Active,288336
992,jawharat albait hotel,فندق جوهرة البيت,Makkah,10008570,2-Star,Active,221917
993,Tharawat Al-andlusia,فندق ثروات الاندلسية للخدمات الفندقيه,Makkah,10008567,1-Star,Active,258915
994,Cordoba Aziziya Hotel,فندق قرطبة العزيزية الفندقية,Makkah,10008800,1-Star,Active,219844
995,RAMADA Zad AlTayseer,شركة رمادا زاد التيسير الفندقية,Makkah,10008550,3-Star,Active,246527
996,ridwan aldiyafah,شركة رضوان الضيافة للخدمات الفندقيه,Makkah,10008545,1-Star,Active,218980
997,Manazel Al Ezz Hotel,فندق منازل العز الفندقية,Makkah,10008784,1-Star,Active,103237
998,RAWAEH ALMISKATHNIN Hotel,فندق روائح المسك اثنين الفندقية,Makkah,10008783,1-Star,Active,260715
999,Arrangements Real Estate Establishment,مؤسسة ترتيبات للعقارات,Makkah,10008533,1-Star,Active,246544
1000,On hotel migration company,شركة الهجرة واحد الفندقية,Makkah,10008769,1-Star,Active,271819
1001,Shamoukh Al Massa Hotel One Person,فندق شموخ الماسة الفندقية شخص واحد,Makkah,10009327,1-Star,Active,246562
1002,Al Raqi Al Mumayaz Hotel Company,شركة فندق الراقي المميز الفندقية,Makkah,10009326,1-Star,Active,220505
1003,Hotel MWASSEM ALBLAD for hospitality tourism,فندق مواسم البلد للضيافة السياحي,Makkah,10009320,1-Star,Active,288436
1004,SHUMUKH AL SHULA HOTEL,فندق شموخ الشعلة الفندقية,Makkah,10009805,1-Star,Active,241173
1005,DIAFA AL MORWJ HOTEL,فندق ضيافة المروج الفندقية,Makkah,10009798,1-Star,Active,246619
1006,Manazel Al Zaereen Hotel Establishment,مؤسسة فندق منازل الزائرين الفندقية,Makkah,10009797,1-Star,Active,225324
1007,DURRAT Al MIQAT HOTEL FOR TOURISM HOSPITALITY,فندق درة الميقات للضيافة السياحي,Makkah,10009794,1-Star,Active,271777
1008,company maysan alsafwah hotel,شركة ميسان الصفوة الفندقية شخص واحد,Makkah,10009792,1-Star,Active,219516
1009,Mohammed Ali Adam Al Saai Hotel Waqf,فندق وقف محمد علي آدم الساعي الفندقية,Makkah,10009790,1-Star,Active,242787
1010,luluat alnader hotel,فندق لؤلؤة النادر الفندقية,Makkah,10008760,1-Star,Active,258855
1011,Safwat AlMashaer AlIbdaa Company Limited,شركة صفوة المشاعر الابداع المحدودة,Makkah,10008757,1-Star,Active,239316
1012,MOHIT AL RAWDA HOTEL,شركة فندق محيط الروضة للخدمات الفندقيه شخص واحد,Makkah,10008749,1-Star,Active,221955
1013,Zahrat Al Badia Hotel,فندق زهره الباديه الفندقية,Makkah,10008747,1-Star,Active,220074
1014,Alzayer Almutamyez for Hotel Management,شركة الزائر المتميز لتشغيل الفنادق,Makkah,10008742,1-Star,Active,254109
1015,Company SADEF ALKHAYR For Hotel Services,شركة صدف الخير للخدمات الفندقيه,Makkah,10008741,1-Star,Active,244695
1016,Mazaya Hotel Company,شركة مزايا الفندقية,Makkah,10008730,1-Star,Active,221018
1017,Durrat Al Ghaza Hotel for Tourist Accommodation,فندق درة الغزة للايواء السياحي,Makkah,10008728,1-Star,Active,242835
1018,akaber almasar hotel,فندق اكابر المسار للايواء السياحي,Makkah,10008716,1-Star,Active,220317
1019,RAWAEH AL-MISK THLATHA FANDAQIYA Hotel,فندق روائح المسك ثلاثة الفندقية,Makkah,10008708,1-Star,Active,241997
1020,Abdul Qader Ahmed Naseer Endowment Foundation,مؤسسة وقف عبدالقادر احمد نصير الوقفية,Makkah,10009314,1-Star,Active,248526
1021,Shaza Al Wisam Hotel,فندق شذي الوسام الفندقية,Makkah,10009313,1-Star,Active,230778
1022,mohammed falh aljabri hotel co,شركة محمد بن فالح الجابرى الفندقية,Makkah,10009307,Unclassified/Other,Active,254518
1023,Al-Khulafaa Al-Faisaliah Hotel,فندق الخلفاء الفيصلية الفندقية,Makkah,10009304,1-Star,Active,227910
1024,MEEZAB ALBAHA HOTEL,شركة ميزاب الفندقية شركة شخص واحد,Makkah,10009299,1-Star,Active,271898
1025,MEEZAB ALHUSN HOTEL,شركة ميزاب الفندقية شركة شخص واحد,Makkah,10009298,1-Star,Active,272440
1026,Atheer AlMashaer AlMutamaizah Trading,شركة أثير المشاعر المتميزة التجارية شركة شخص واحد,Makkah,10009296,1-Star,Active,289639
1027,Hotel MSAKEN AL-JOUD,فندق مساكن الجود الفندقية,Makkah,10009295,1-Star,Active,213715
1028,MANARAH ALAZIZIAH ONE HOTEL,فندق منارة العزيزية للايواء السياحي,Makkah,10008828,1-Star,Active,221038
1029,Al Farabi Towers Hotel,فندق ابراج الفارابي الفندقية,Makkah,10009289,1-Star,Active,244555
1030,Naum&scoon Hotel,مؤسسة نوم و سكون الفندقية,Makkah,10009283,1-Star,Active,240173
1031,Mansour Abdulaziz Saud Al Deghaither Hotel,فندق منصور عبدالعزيز سعود الدغيثر الفندقية,Makkah,10009993,1-Star,Active,291483
1032,Rwaya Hotel Operation company,شركة روايه لتشغيل الفنادق ,Makkah,10010361,1-Star,Active,294269
1033,Fajr Alnosok Company,شركة فجر النسك لتشغيل الفنادق,Makkah,10010253,1-Star,Active,220987
1034,DIYAFAH OMAN HOTEL,فندق ضيافة عمان الفندقية,Makkah,10010259,1-Star,Active,255117
1035,DIWANIAT EL HAJLAH HOTEL,فندق ديوانية الهجلة,Makkah,10010255,1-Star,Active,220705
1036,ZAD ELMOSAFER CO,شركة زاد المسافر للسفر و السياحة شركةشخص واحد,Makkah,10009816,1-Star,Active,271935
1037,Basma Alwehda Hotel,فندق بسمة الوحدة للايواء السياحي,Makkah,10010208,1-Star,Active,244475
1038,Saif Plus Hotel,فندق سيف بلص الفندقية,Makkah,10010141,1-Star,Active,259115
1039,REFADAH AL ZAHABYA Company for Commercial Services,شركة رفادة الذهبية للخدمات التجارية شخص واحد,Makkah,10010020,1-Star,Active,288155
1040,rawafid aleasimat Hotel,مؤسسة فندق روافد العاصمة الفندقية,Makkah,10010475,1-Star,Active,244295
1041,Al-Balad Two Hotel for Tourist Accommodation,فندق البلاد اثنين للايواء السياحي,Makkah,10009868,1-Star,Active,220321
1042,Lulat Albayt Hotel,فندق لؤلؤة البيت للايواء السياحي,Makkah,10009867,1-Star,Active,220993
1043,amal almashair,مؤسسة أمل المشاعر,Makkah,10009860,1-Star,Active,221238
1044,Manarat Jarwal Hotel,شركة منارات جرول الفندقية شركة شخص واحد,Makkah,10009899,1-Star,Active,290141
1045,wrd,مؤسسة ورد التنموية الفندقية,Makkah,10009896,1-Star,Active,254599
1046,Gulf Booking Co,شركة حجوزات الخليج المحدودة,Makkah,10009895,1-Star,Active,237039
1047,Burj Al Balad Wahed Hotel,فندق برج البلاد واحد للايواء السياحي,Makkah,10009907,1-Star,Active,218746
1048,Makan almas Hotels Operation Company,شركة مكان الماس لتشغيل الفنادق,Makkah,10009906,1-Star,Active,220824
1049,masar al ez hotel,فندق مسار العز الفندقية,Makkah,10010138,1-Star,Active,221936
1050,sharikat ayrad almutaqadimatlilkhadamatalfunduqi,شركة ايراد المتقدمة للخدمات الفندقيه,Makkah,10010137,1-Star,Active,237721
1051,Saraya Al Ezz Hotel Operation Company,شركة سرايا العز لتشغيل الفنادق,Makkah,10010153,1-Star,Active,288435
1052,Saraya Al Ezz Hotel Operation Company,شركة سرايا العز لتشغيل الفنادق,Makkah,10010152,1-Star,Active,288335
1053,RAFAT HASSAN TAWFIQ HASSHIM HOTEL FOR HOTEL SERVIC,فندق رافت حسن توفيق هاشم للخدمات الفندقيه,Makkah,10010148,1-Star,Active,290661
1054,multazam albait,فندق ملتزم البيت الفندقية,Makkah,10010222,1-Star,Active,271457
1055,Alesayi Hospitality LTD ( IBIS Styles Makkah ),شركة فندق العيسائي للضيافة,Makkah,10010219,Unclassified/Other,Active,239438
1056,Arkan Al Mataf Foundation for Hotel Operations,مؤسسة أركان المطاف لتشغيل الفنادق,Makkah,10010216,1-Star,Active,254917
1057,Hotel Number One Hotel,فندق رقم وان الفندقية,Makkah,10010230,1-Star,Active,234990
1058,YASEER ALOULA Leasing A one person h,شركة يسير الأولى للتأجير شخص واحد قابضة,Makkah,10010224,1-Star,Active,244322
1059,Al Yusr Silver Hotel,شركة اوتاد المتحدة لتشغيل الفنادق,Makkah,10010350,1-Star,Active,240855
1060,Dar Al Shorouk Hotel,فندق دار الشروق الفندقية,Makkah,10009828,1-Star,Active,250206
1061,ruyistunia inn,فندق رويستونيا إن الفندقية,Makkah,10009827,1-Star,Active,289337
1062,WAHDAT AlRiyadh For serviced apartments,شقق وحدات الرياض للشقق المخدومة,Makkah,10009817,Code 27,Active,293977
1063,Manasek Al-Bayt Hotel for Tourist Accommodation,فندق مناسك البيت للايواء السياحي,Makkah,10010132,1-Star,Active,224823
1064,Alrimal Alhaditha Company,شركة الرمال الحديثة للخدمات الفندقيه,Makkah,10010131,1-Star,Active,259155
1065,YAQOOTAT ALTALAAYIE HOTEL,شركة ياقوتة الطلائع الفندقية,Makkah,10010129,1-Star,Active,219657
1066,Manazil Al Hour2 Hotel,مؤسسة فندق منازل الحور,Makkah,10010299,1-Star,Active,239357
1067,Al Falah Pearl Hotel,فندق لؤلؤة الفلاح الفندقية,Makkah,10010298,1-Star,Active,230534
1068,Ghalib Tours Travel and Tourism Company,شركة غالب تورز للسفر و السياحة,Makkah,10010317,1-Star,Active,221876
1069,ares hotels,شركة اريس ششة لتشغيل الفنادق,Makkah,10010314,1-Star,Active,221937
1070,MNARAT AL DIYAFAH HOTEL,وقف امداد الله بن حافظ محمد امين الهندي,Makkah,10010312,1-Star,Active,292585
1071,Manazel Al Hijaz Hotel for Hotel Services,فندق منازل الحجاز للخدمات الفندقيه,Makkah,10009975,1-Star,Active,254696
1072,company AlRayhan Travel,شركة الريحان العالمية للسفر و السياحة,Makkah,10009970,1-Star,Active,230851
1073,Nour AlMashaer Hotel Services Company,شركة نور المشاعر للخدمات الفندقيه ,Makkah,10010376,1-Star,Active,221181
1074,Janadriyah Palace Hotel,فندق قصر الجنادرية لصاحبه عمر سعيد بافيل,Makkah,10010014,1-Star,Active,259237
1075,hotel bet AlEzwa hotel,فندق بيت العزوة الفندقية,Makkah,10009452,1-Star,Active,290315
1076,Adel bin Eid bin Mohammed Al Zain Hotel,فندق عادل بن عيد بن محمد الزين الفندقية,Makkah,10009880,1-Star,Active,223276
1077,Travelers Homes Hotel for Hotel Services,فندق منازل المسافرين للخدمات الفندقيه,Makkah,10009876,1-Star,Active,241222
1078,Hotel ALMASSAR ALAZIZIA for hospitality tourism,فندق المسار العزيزية للضيافة السياحي,Makkah,10009873,1-Star,Active,244325
1079,Dorat Altawheed Hotel for tourist accommodation,فندق درة التوحيد للايواء السياحي,Makkah,10009872,1-Star,Active,289495
1080,Askant  Alsafwh Real Estate Services  company,شركة اسكنت الصفوة للخدمات العقارية,Makkah,10009919,1-Star,Active,244397
1081,TARAYQ AL HAYAT Hotel,فندق طريق الحياة الفندقية,Makkah,10009917,1-Star,Active,299776
1082,Elaf International Investment Company,شركة إيلاف للاستثمار الدولي,Makkah,10009915,1-Star,Active,218797
1083,ZAHRAT AL LAVENDER HOTEL,فندق زهرة اللافندر ,Makkah,10001894,2-Star,Active,224797
1084,Turkish Hotel Khaled Bin Hussein Al Sharif Hotel,فندق تركي خالد بن حسين الشريف الفندقية,Makkah,10010456,1-Star,Active,221675
1085,Jawharat Al-Dhaif Hotel Establishment for Tourism,مؤسسة فندق جوهرة الضيف اثنين للضيافة السياحي,Makkah,10010397,1-Star,Active,223292
1086,Kawthar Aldhiafah Company for Hotel Services,شركة كوثر الضيافه للخدمات الفندقيه ,Makkah,10010396,1-Star,Active,271776
1087,Konooz AlAnoud Hotel,مؤسسة كنوز العنود الفندقية,Makkah,10009811,1-Star,Active,220283
1088,MANAR ALBAYT HOTEL,شركة منار البيت الفندقية,Makkah,10009810,1-Star,Active,221083
1089,Manarat Al-Muna Hotel for Tourist Accommodation,فندق منارة المنى للايواء السياحي,Makkah,10009809,1-Star,Active,240117
1090,open hotel,اوبين الفندقية,Makkah,10009808,1-Star,Active,218984
1091,ALJAWHARA HOTEL or tourist accommodation,مؤسسة فندق الجوهرة للايواء السياحي,Makkah,10010388,1-Star,Active,288655
1092,Sadan AL Huda Hotel,شركة سدن الوطنية المحدودة,Makkah,10010510,1-Star,Active,221817
1093,Luxus Al Azizia Hotel,مؤسسة فندق فاخر العزيزية الفندقية,Makkah,10010329,1-Star,Active,221104
1094,Safwa Ajyad Hotel,فندق صفوة أجياد الفندقية,Makkah,10010169,1-Star,Active,220056
1095,New level hotels,شركة نيو ليفيل للخدمات الفندقية,Makkah,10010166,1-Star,Active,250211
1096,Diamond Pathways Operation and Maintenance Company,شركة المسارات الماسية للتشغيل والصيانة,Makkah,10010163,1-Star,Active,254600
1097,JAWAHER ALHASHMIAH FOUR HOTEL,فندق جواهر الهاشمية للايواء السياحي,Makkah,10009987,1-Star,Active,221084
1098,Loaloat Alsharq Alawsat Hotel,فندق لؤلؤة الشرق الأوسط الفندقية,Makkah,10009984,1-Star,Active,300715
1099,Al-Wefaq International Contracting Company,شركة الوفاق الدولية للمقاولات,Makkah,10009980,1-Star,Active,244520
1100,ALAWALEEN HAYAT HOTEL,مؤسسة فندق الأولين حياة الفندقية,Makkah,10010431,1-Star,Active,254101
1101,LULUAT HATEM HOTEL,مؤسسة فندق لؤلؤة حاتم للايواء السياحي,Makkah,10010340,1-Star,Active,254535
1102,aslalt al khaleg company,شركة اصالة الخليج الفندقية ,Makkah,10010338,1-Star,Active,221129
1103,Snowd Hotel Company,شركة سنود الفندقية شركة مساهمة مقفلة,Makkah,10010462,1-Star,Active,221616
1104,Mohammed Dakhil Allah Obaid Allah Al Arabi Hotel,فندق محمد دخيل الله عبيد الله العرابي الفندقية,Makkah,10010098,1-Star,Active,220456
1105,rose almashaeir hotel,مؤسسة روز المشاعر الفندقية,Makkah,10010097,1-Star,Active,300535
1106,Safwa Al Yaser Hotel,فندق صفوه الياسر الفندقية,Makkah,10010121,1-Star,Active,244517
1107,Yaqeen Management Est for Hotel Operation,مؤسسة يقين للادارة لتشغيل الفنادق,Makkah,10010209,Unclassified/Other,Active,287777
1108,luluat al'azhar Hotel,فندق لؤلؤة الازهر الفندقية,Makkah,10010215,1-Star,Active,220504
1109,Najmat Nirsian Hotel,فندق نجمة نرسيان الفندقية,Makkah,10010213,1-Star,Active,288895
1110,multazam aldyafah,شقق ملتزم الضيافة للشقق الفندقية,Makkah,10009985,2-Star,Active,271455
1111,Novotel Residences Hotel,فندق نوفوتيل رزيدنسيس,Makkah,10008453,2-Star,Active,220474
1112,Hotel SHOUAA NAZHA Hotel,فندق شعاع النزهة الفندقية,Makkah,10010189,1-Star,Active,271675
1113,Shaza Al Wasam One Hotel Establishment for Hotel,مؤسسة فندق شذى الوسام واحد للخدمات الفندقيه,Makkah,10010492,2-Star,Active,232136
1114,AFAD ALDYAFAH HOTEL,شركة آفاد الضيافة الفندقية,Makkah,10010485,1-Star,Active,289055
1115,Aklil Al Diafa Hotel,شركة إكليل الضيافة لتشغيل الفنادق,Makkah,10010481,1-Star,Active,223541
1116,Durrat AlJiwar Hotel One Person,فندق درة الجوار الفندقية شخص واحد,Makkah,10010091,1-Star,Active,289596
1117,Company ALMARJAN For Hotel Services,شركة المرجان للخدمات الفندقية,Makkah,10010090,1-Star,Active,219642
1118,Manazel Al Taqwa Hotel Company,شركة منازل التقوى الفندقية,Makkah,10010089,1-Star,Active,290318
1119,Drrat AlSalheen for Serviced Apartments,شقق درة الصالحين للشقق المخدومة,Makkah,10010088,2-Star,Active,254797
1120,rafahiat alsafwa Company,شركة رفاهية الصفوة,Makkah,10010085,1-Star,Active,230736
1121,Al-Ruh Hotel Company,شركة الروح الحرة الفندقية,Makkah,10010083,1-Star,Active,221137
1122,Nour Al Mashaer Hotel Services Company,شركة نور المشاعر للخدمات الفندقيه شركة شخص واحد,Makkah,10009960,1-Star,Active,218990
1123,Nusuk al fadila hotel,شركة فندق نسك الفضيلة للخدمات الفندقيه,Makkah,10009959,1-Star,Active,244495
1124,Dar Al-Mutakamila,شركة دار المتكاملة للضيافة السياحي,Makkah,10010233,1-Star,Active,255055
1125,Alwehda Hotel,فندق الوحدة للايواء السياحي,Makkah,10010273,1-Star,Active,220758
1126,Arabian Gulf Star Hotel,فندق نجمة الخليج العربي,Makkah,10010274,1-Star,Active,220805
1127,alshihab alraij,شركة الشهاب الرائج,Makkah,10010272,1-Star,Active,293501
1128,Mohammed Saleh Al-Rashidi,محمد صالح الرشيدى,Makkah,10010271,1-Star,Active,241160
1129,Mohammed Abdullah Saleh Al-Ghammas Hotel Foundatio,مؤسسة فندق محمد عبدالله صالح الغماس,Makkah,10010408,1-Star,Active,221535
1130,AlAsala AlBakkiya Tourism Hospitality Company,شركة فندق الأصالة البكية للضيافة السياحي,Makkah,10010446,1-Star,Active,259255
1131,Hotel shbab delma2 hotel,فندق شباب دلما اثنان الفندقية,Makkah,10010122,1-Star,Active,220171
1132,Future Buildings Hotel Company,شركة فندق مباني المستقبل,Makkah,10010439,1-Star,Active,244675
1133,Hotel alrehab alzahabeyah,مؤسسة فندق الرحاب الذهبية الفندقية,Makkah,10010435,1-Star,Active,221595
1134,MEEZAB ALKHAIR HOTEL,شركة ميزاب الفندقية شركة شخص واحد,Makkah,10010182,1-Star,Active,255534
1135,Lulua Mechaar Hospitality Tourism,شركة لؤلؤة المشاعر للايواء السياحي,Makkah,10010181,1-Star,Active,260411
1136,SARAYA ABEER FOR HOTEL SERVICES,مؤسسة سرايا عبير للخدمات الفندقية,Makkah,10010180,1-Star,Active,224818
1137,Mahwa Alfuad Hotel Company,شركة مهوى الفؤاد الفندقية,Makkah,10010177,1-Star,Active,222740
1138,DURRAT ALNAMARIQ HOTEL COMPANY,شركة درة النمارق الفندقية,Makkah,10010176,1-Star,Active,223565
1139,Jawharat Hawazen For Serviced Apartments,مؤسسة جوهرة هوازن للشقق المخدومة,Makkah,10010173,2-Star,Active,288615
1140,Yaqeen Management Est for Hotel Operation,مؤسسة يقين للادارة لتشغيل الفنادق,Makkah,10010172,1-Star,Active,275366
1141,Balurat Al-Durra Hotel Services Company,شركة بلورة الدرة للخدمات الفندقيه,Makkah,10010527,1-Star,Active,239436
1142,Awtad United Hotel Operation Company,شركة اوتاد المتحدة لتشغيل الفنادق,Makkah,10009921,1-Star,Active,221984
1143,Safaa Al Diyar Tourism Hospitality Company,شركة صفاء الديار للضيافة السياحي,Makkah,10009926,1-Star,Active,219910
1144,Reefaf alhayat hotel,فندق رفاف الحياة الفندقية,Makkah,10009925,1-Star,Active,218649
1145,Company MWASSEM ALAZEZIA For Hotel Services,شركة مواسم العزيزية للخدمات الفندقيه شخص واحد,Makkah,10009924,1-Star,Active,259319
1146,Nibras Alhuda for travel and tourism,شركة نبراس الهدي للسفر و السياحة,Makkah,10010031,1-Star,Active,240422
1147,funduq qiamalbarkah,فندق قيم البركة للايواء السياحي,Makkah,10010027,1-Star,Active,220639
1148,BURHAN ALDIYAFA HOTEL,شركة برهان الضيافة للايواء السياحي,Makkah,10010470,1-Star,Active,254755
1149,wedam six hotel company,شركة فندق ودام ستة الفندقية,Makkah,10010469,1-Star,Active,255524
1150,wakf tayeb,وقف محمد و أبو بكر و محمد الصادق ابناء تاج طيب,Makkah,10010074,1-Star,Active,302055
1151,pride and joy,شركة رقى المشاعر للشقق الفندقية شخص واحد,Makkah,10010073,1-Star,Active,231472
1152,Ruya Al Bilad Hotel for Tourist Accommodation,فندق رؤيا البلاد للايواء السياحي,Makkah,10010080,1-Star,Active,225291
1153,MEEZAB ALMANSHIA HOTEL,شركة ميزاب الفندقية شركة شخص واحد,Makkah,10010068,1-Star,Active,254519
1154,Al Khalil Avenue Hotel,فندق جادة الخليل الفندقية,Makkah,10010064,1-Star,Active,219877
1155,mohammed falh aljabri hotel co,شركة محمد بن فالح الجابرى الفندقية,Makkah,10010061,1-Star,Active,254598
1156,Kian Al-Ajaba Hotel for Tourism Hospitality,فندق كيان الاجابة للضيافة السياحي,Makkah,10010078,1-Star,Active,239204
1157,ARGWAN AL SAFWA,شركة أرجوان الصفوة الفندقية,Makkah,10010145,1-Star,Active,220973
1158,Makan Al Tamyeez Hotel Company for Tourism Hospita,شركة فندق مكان التميز للضيافة السياحي شخص واحد,Makkah,10010193,1-Star,Active,230511
1159,maqam al nokhba hotel,فندق مقام النخبة للايواء السياحي,Makkah,10010195,1-Star,Active,232413
1160,Crown Three Hotel Establishment,مؤسسة التاج ثلاثة الفندقية,Makkah,10010156,Unclassified/Other,Active,242791
1161,Zad al Khaimah Hotel,فندق زاد الخيمة الفندقية,Makkah,10010159,1-Star,Active,227658
1162,al'aradi altayibih Hotel for Tourist Accommodation,فندق الأراضي الطيبه للايواء السياحي,Makkah,10010251,1-Star,Active,220768
1163,Qased Al Khair Hotel for Tourist Accommodation,مؤسسة فندق قاصد الخير للايواء السياحي,Makkah,10010357,1-Star,Active,259317
1164,Dream Zone Hotel Operation Company,شركة دريم زون لتشغيل الفنادق,Makkah,10010356,1-Star,Active,221176
1165,EMAAR ALJWHARA HOTEL,فندق اعمار الجوهرة,Makkah,10010200,1-Star,Active,239318
1166,Salsabil Hamouda Hotel,فندق سلسبيل حموده الفندقية,Makkah,10010205,1-Star,Active,222056
1167,DIYAFAH MISFALAH HOTEL,فندق ضيافة مسفلة الفندقية,Makkah,10010203,1-Star,Active,255564
1168,aram hotel,فندق آرام النسيم الفندقية,Makkah,10010201,1-Star,Active,271438
1169,Medhal Hotel Operating Company,شركة مدهال لتشغيل الفنادق,Makkah,10009943,1-Star,Active,219077
1170,Kudi Tower Hotel Services Company,شركة كدي تاور للخدمات الفندقيه,Makkah,10009941,1-Star,Active,221916
1171,afaq,شقق افاق المسافر للشقق المفروشة,Makkah,10009936,2-Star,Active,269139
1172,MOUASSEM AL KHAYER international co,شركة مواسم الخير الدولية للتجارة,Makkah,10010120,1-Star,Active,244515
1173,Dar Al-Mutakamila,شركة دار المتكاملة للضيافة السياحي,Makkah,10010119,1-Star,Active,257674
1174,Dar Al-Mutakamila,شركة دار المتكاملة للضيافة السياحي,Makkah,10010118,1-Star,Active,254919
1175,SUOOD AL QMMAM HOTEL Operation Company,شركة صعود القمم لتشغيل الفنادق شخص واحد,Makkah,10010114,1-Star,Active,296117
1176,Manarat Al Bait Hotel for Tourist Accommodation,فندق منارة البيت للايواء السياحي,Makkah,10010108,1-Star,Active,246617
1177,Hotel JAWHARA ELHODHOD for hospitality tourism,فندق جوهرة الهدهد للضيافة السياحي,Makkah,10010107,Unclassified/Other,Active,287776
1178,Najmat Al Aziziyah Hotel for tourist accommodation,فندق نجمة العزيزية للايواء السياحي,Makkah,10010104,1-Star,Active,290196
1179,ZWAR ALTALAAYIE HOTEL,شركة زوار الطلائع للضيافة السياحي,Makkah,10010100,1-Star,Active,219684
1180,Royal Majestic Hotel Company,شركة فندق رويال ماجستك,Makkah,10010286,3-Star,Active,220997
1181,buyutat altamayuz hotel,شركة بيوتات التميز للخدمات الفندقيه,Makkah,10010037,1-Star,Active,244575
1182,Al-Risalah Hotel Company,شركة فندق الرسالة الفندقية,Makkah,10010051,1-Star,Active,221224
1183,sanabel alazhar hotel,فندق سنابل الازهر الفندقية,Makkah,10010243,1-Star,Active,220565
1184,WAHAT ALTALAAYIE,شركة واحة الطلائع الفندقية,Makkah,10010236,1-Star,Active,221025
1185,Israa Golden Star Hotel Services Company,شركة نجمة اسراء الذهبي للخدمات الفندقيه,Makkah,10009885,1-Star,Active,221107
1186,Company PRADAIS LAND AL-FANDAQUI AL-ALAMIYYA,شركة برادايس لاند الفندقية العالمية المحدودة,Makkah,10010326,1-Star,Active,241192
1187,Al Taj Silver Hotel,مؤسسة فندق التاج الفضي الفندقية,Makkah,10010322,1-Star,Active,263541
1188,Company Pradais Ness Hotel,شركة برادايس نيس الفندقية,Makkah,10010319,1-Star,Active,239456
1189,Al-Azizia Lighthouse Hotel for Tourist Accommodati,فندق منارة العزيزية للايواء السياحي,Makkah,10009853,1-Star,Active,241150
1190,Askant  Alsafwh Real Estate Services  company,شركة اسكنت الصفوة للخدمات العقارية,Makkah,10009852,Unclassified/Other,Active,221243
1191,Durrat Rahaf Endowment Foundation,مؤسسة درة رهف الوقفية,Makkah,10009849,1-Star,Active,256395
1192,"Asalah Al-Maqam Hotel Services Company, one person",شركة أصالة المقام للخدمات الفندقيه شخص واحد,Makkah,10009847,1-Star,Active,239198
1193,Rabwa Al Safwa Hotel 1,فندق ربوة الصفوه لصاحبها يوسف زبن الله العطير,Makkah,10009843,1-Star,Active,287695
1194,Company DHAT AL-THUQA To manage tourist hospitalit,شركة ذات الثقة لإدارة مرافق الضيافة السياحية شخص واحد,Makkah,10009842,1-Star,Active,230708
1195,"Golden Ways Hotel Company, one person",شركة سبل الذهبية الفندقية شخص واحد,Makkah,10010060,2-Star,Active,255175
1196,Ajm Mina Hotel,فندق أجم منى للضيافة السياحي,Makkah,10010059,1-Star,Active,255556
1197,muasasat nazal nida' tiibat almasi lilnazal alsiya,مؤسسة نزل نداء طيبة الماسي للنزل السياحيه,Madina,10010589,Unclassified/Other,Active,239359
1198,MAYSAN INTERNATIONAL GROUP,مجموعة ميسان الدولية,Makkah,10010588,1-Star,Active,241151
1199,Maysan Alzomurd Hotel,شركة ميسان الزمرد الفندقية,Makkah,10010842,1-Star,Active,271658
1200,nuzul alrakha Establishment,مؤسسة نزل الرخاء,Makkah,10011811,Unclassified/Other,Active,293888
1201,ashum alshamal Company Commercial,شركة أسهم الشمال التجارية,Makkah,10011867,Unclassified/Other,Active,293517
1202,Establishment For Hotel Services,مؤسسة تميز الصفوة للخدمات الفندقيه,Makkah,10011866,Unclassified/Other,Active,293516
1203,Tashkeela mutanawwia Establishment,مؤسسة تشكيلة متنوعة,Makkah,10012724,Unclassified/Other,Active,300391
1204,alBuhayrat aDawliyah For General Contracting,مؤسسة البحيرات الدولية للمقاولات العامة,Makkah,10012723,Unclassified/Other,Active,300395
1205,Rafia Badi Faleh AlJahmi,مؤسسة رفيعه بديع فالح الجهمي للصيانة والنظافة,Makkah,10012809,Unclassified/Other,Active,300434
1206,Establishment ayman ghazi siraj rawas,مؤسسة ايمن غازي رواس لخدمات الاعاشة,Makkah,10012808,Unclassified/Other,Active,300389
1207,Riyad Othman bin Ibrahim AlDandan Establishment Fo,مؤسسة رياض عثمان بن ابراهيم الدندن للتشغيل والصيانة,Makkah,10012807,Unclassified/Other,Active,300499
1208,Hamad Abdulqadir Qadir charitable trust Endowment,وقف حامد عبدالقادر قدير الوقفية,Makkah,10012806,Unclassified/Other,Active,300483
1209,Aisha bint Ahmed Mohammed Ramadan Al-Marzouki and,نزل عائشة بنت أحمد محمد رمضان المرزوقي ووالدتها محبوبة بنت محمد علي هنيدي,Makkah,10012805,Unclassified/Other,Active,300557
1210,ALKARAR ALDAHABI TOURIST HOSTEL,نزل الكرار الذهبي للنزل السياحي,Madina,10010966,Unclassified/Other,Active,288056
1211,ALANDALUS ALMADINAH HOTEL,شركة الاندلس لصيانة وادارة وتشغيل الفنادق والقصور السكنيه,Madina,10010964,1-Star,Active,288035
1212,Shams Al Madinah Hotel Co,شركة شمس المدينة المحدودة,Madina,10011211,1-Star,Active,290355
1213,zewar mashaer company ltd,شركة زوار المشاعر المحدودة,Makkah,10011210,Unclassified/Other,Active,291321
1214,Badr AlHadith Hotel Hotel Establishment,مؤسسة فندق بدر الحديث الفندقية,Makkah,10011216,Unclassified/Other,Active,290615
1215,Manaber Almahabbah Hotel Hotel,فندق منابر المحبة الفندقية,Makkah,10011215,1-Star,Active,290978
1216,SALEM GHAZI ABU TAKI Establishment,مؤسسة سالم بن غازي ابوتاكي,Makkah,10011213,Unclassified/Other,Active,291455
1217,Durat AlMashair Company Real Estate,شركة درة المشاعر العقارية,Makkah,10011208,Unclassified/Other,Active,291195
1218,Karam Al Saada Hotel Hotel,فندق كرم السعادة الفندقية,Madina,10011207,1-Star,Active,290115
1219,Samam Hotel for Hotel services,فندق سمام للخدمات الفندقية,Makkah,10011206,1-Star,Active,290975
1220,Al deafah International Group,مجموعة الضيافة العالمية للإدارة والاستثمار شركة شخص واحد ذات مسؤلية محدودة,Makkah,10011502,Unclassified/Other,Active,293506
1221,Abdulrahman Nasser bin Alghafis Establishment For,مؤسسة عبدالرحمن ناصر بن علي الغفيص للمقاولات المعمارية العامة,Makkah,10011501,Unclassified/Other,Active,292055
1222,atzan altasheelat Company Real Estate,شركة اتزان التسهيلات العقارية,Makkah,10012373,Unclassified/Other,Active,299277
1223,Doha tayiba Establishment For General Contracting,مؤسسة دوحة طيبة للمقاولات العامة,Makkah,10012372,Unclassified/Other,Active,298715
1224,Noura Mohammed Saleh Hamid Aloufi Apartments,شقق نوره محمد صالح حامد العوفي للشقق المخدومة,Makkah,10012371,Unclassified/Other,Active,299195
1225,Noura Mohammed Saleh,شقق نوره محمد صالح حامد العوفي للشقق المخدومة,Makkah,10012370,Unclassified/Other,Active,299255
1226,alrawabit almutakamilah Company Ltd. shakhs wahid,شركة الروابط المتكاملة المحدودة شخص واحد,Makkah,10012369,Unclassified/Other,Active,298615
1227,ADEL ABDULLAH ALNASSER,شقق عادل بن عبدالله الناصر للوحدات السكنية,Makkah,10012368,Unclassified/Other,Active,299155
1228,Diwan alWaad Hotel Hotel,فندق ديوان الوعد الفندقية,Makkah,10012367,Unclassified/Other,Active,299119
1229,abraj jawharat alzahra Establishment,مؤسسة ابراج جوهرة الزهراء,Makkah,10011810,Unclassified/Other,Active,293155
1230,alsiyuf alhijaziyah Company Ltd.,شركة السيوف الحجازية المحدودة,Makkah,10012748,Unclassified/Other,Active,300400
1231,alkhaymah Company To operate hotels,شركة الخيمة لتشغيل الفنادق,Makkah,10012747,Unclassified/Other,Active,300417
1232,Diyar Al Taqwa  Company,شركة ديار التقوى لتشغيل الفنادق  ذات مسئولية محدودة,Makkah,10012746,Unclassified/Other,Active,300381
1233,Diyar Al Taqwa  Company,شركة ديار التقوى لتشغيل الفنادق  ذات مسئولية محدودة,Makkah,10012745,Unclassified/Other,Active,300408
1234,Diyar Al Taqwa Company,شركة ديار التقوى لتشغيل الفنادق  ذات مسئولية محدودة,Makkah,10012744,Unclassified/Other,Active,300385
1235,LULUWAH ALI ALYAMI Establishment Commercial,مؤسسة لولوة علي اليامي التجارية,Makkah,10012743,Unclassified/Other,Active,300496
1236,as kam Establishment Commercial,مؤسسة أس كام التجارية,Makkah,10012742,Unclassified/Other,Active,300422
1237,AlIshraq Company Ltd.,شركة الإشراق المحدودة,Makkah,10012741,Unclassified/Other,Active,300393
1238,Ihsan AlDiyafa Company Ltd.,شركة احسان الضيافة المحدودة,Makkah,10012740,Unclassified/Other,Active,300419
1239,HAMAD ABDULRAHMAN H ALMIHYANI Est Commercial,مؤسسة حمد عبدالرحمن بن حمد المحياني التجارية,Makkah,10012804,Unclassified/Other,Active,300388
1240,Najd Alshamukh Commercial Company,شركة نجد الشموخ التجارية ,Makkah,10012803,Unclassified/Other,Active,300410
1241,Anwar Almarjan Company Ltd.,شركة أنوار المرجان المحدودة,Makkah,10012802,Unclassified/Other,Active,300372
1242,ABDULLAH MOHAMMED ALQAHTANI Company,شركة عبدالله محمد القحطاني,Makkah,10012801,Unclassified/Other,Active,300379
1243,tharawat almashair Company For Tourism,شركة ثروات المشاعر للسياحة,Makkah,10012800,Unclassified/Other,Active,300382
1244,abyat alaqiq Establishment,مؤسسة ابيات العقيق,Makkah,10012799,Unclassified/Other,Active,300482
1245,Sama Company Agricultural,شركة سمت الزراعية,Makkah,10012797,Unclassified/Other,Active,300420
1246,Company MESARAT UNITED AL DAWLIYA Ltd,شركة مسارات المملكة الدولية المحدودة,Makkah,10012796,Unclassified/Other,Active,300536
1247,SAAD SAEED ALHARBI Establishment,مؤسسة سعد بن سعيد الحربي,Makkah,10012795,Unclassified/Other,Active,301218
1248,JWAHIR IBRAHIM MSOUDI Establishment,مؤسسة جواهر ابراهيم مسعودي,Makkah,10012794,Unclassified/Other,Active,301536
1249,Jawhrat Almanask Hotel For Tourist Hospitality,فندق جوهرة المناسك للضيافة السياحي,Makkah,10010973,1-Star,Active,289035
1250,FAWZAN BIN YAHYA BADRA Establishment,مؤسسة فوزان بن يحى بدرى,Makkah,10011478,Unclassified/Other,Active,292056
1251,Abeer Almasa To operate hotels Establishment,مؤسسة عبير الماسة لتشغيل الفنادق,Makkah,10011483,1-Star,Active,291956
1252,SAMI MUNSSOR HAMDI Establishment,مؤسسة سامي بن منصور حمدي,Makkah,10011482,Unclassified/Other,Active,291479
1253,Shumukh Alshalah Hotel Hotel,فندق شموخ الشعلة الفندقية,Makkah,10011481,1-Star,Active,291481
1254,Turan hotel al mumayaz,فندق توران المميز الفندقية,Makkah,10011480,2-Star,Active,293898
1255,albidaya alula Est For Real Estate Services,مؤسسة البداية الاولى للخدمات العقارية,Makkah,10011479,Unclassified/Other,Active,291475
1256,BADER ABDULMOHSEN ALBEDAIWI Company,شركة بدر عبدالمحسن البديوي,Makkah,10011477,Unclassified/Other,Active,293837
1257,alardh aldhahabiya Company Real Estate,شركة الارض الذهبية العقارية,Makkah,10011476,Unclassified/Other,Active,294260
1258,alardh aldhahabiya Company Real Estate,شركة الارض الذهبية العقارية,Makkah,10011475,Unclassified/Other,Active,294295
1259,alshihab alraij Company,شركة الشهاب الرائج,Makkah,10012366,Unclassified/Other,Active,299095
1260,Qatrat alNada Apartments For Serviced Apartments,شقق قطرات الندى للشقق المخدومة,Makkah,10012365,Unclassified/Other,Active,298815
1261,Rawad alhijaz aldhahabi Office For Public Services,مكتب رواد الحجاز الذهبي للخدمات العامة,Makkah,10012364,Unclassified/Other,Active,298935
1262,Abdul Sattar bin Shams Al-Din Munshi Shogdar Hoste,نزل عبدالستار بن شمس  الدين منشى شقدار للنزل السياحيه,Makkah,10012363,Unclassified/Other,Active,299116
1263,IBRAHIM KHALIL M ALHAZMI Establishment,مؤسسة ابراهيم بن خليل بن محمد الحازمي,Makkah,10012362,Unclassified/Other,Active,300409
1264,taim in Company Ltd. sharikat shakhs wahid,شركة تايم إن المحدودة شركة شخص واحد,Makkah,10012361,Unclassified/Other,Active,298575
1265,RAYAN RAJEH ALKABKABI Hostel For Tourist,نزل ريان راجح الكبكبي للايواء السياحي,Makkah,10012360,Unclassified/Other,Active,298675
1266,durat almasah aldhahabiyah Apartments,شقق درة الماسه الذهبية للشقق المخدومة,Makkah,10012359,Unclassified/Other,Active,298755
1267,awtar alfn Company To operate hotels,شركة أوتار الفن لتشغيل الفنادق,Makkah,10012357,Unclassified/Other,Active,299235
1268,MEYSSAN ALFeddi Hotel Company,شركة ميسان الفضي الفندقية,Makkah,10010746,1-Star,Active,256546
1269,Hum Hasanin Company,شركة هوم حسنين,Makkah,10011250,1-Star,Active,291395
1270,dar almashair alawla Company Ltd.,شركة دار المشاعر الأولى المحدودة,Makkah,10011246,Unclassified/Other,Active,291015
1271,Emaar Rsoukh Hotel,شركة إعمار رسوخ الفندقية,Madina,10011245,1-Star,Active,291319
1272,alsiyuf alhijaziyah Company Ltd.,شركة السيوف الحجازية المحدودة,Makkah,10012739,Unclassified/Other,Active,300373
1273,Sani alAlaab Establishment For Trading,مؤسسة صانع الالعاب للتجارة,Makkah,10012738,Unclassified/Other,Active,300855
1274,rawaid alsama Company Ltd.,شركة روائد السماء المحدودة,Makkah,10012737,Unclassified/Other,Active,300575
1275,Afwaj alBayt Establishment For Umrah Services,مؤسسة افواج البيت لخدمات المعتمرين,Makkah,10012736,Unclassified/Other,Active,300406
1276,funduq rihaniyat alhuda Company Holding,شركة فندق ريحانية الهدى القابضة,Makkah,10012735,Unclassified/Other,Active,300394
1277,Establishment For Hotel Services,مؤسسة تميز الصفوة للخدمات الفندقيه,Makkah,10012734,Unclassified/Other,Active,300392
1278,Almustahdith  Company,شركة المستحدث للمقاولات شركة ذات المسؤولية المحدودة من,Makkah,10012793,Unclassified/Other,Active,300429
1279,masar almiawiya Establishment Commercial,مؤسسة مسار المئوية التجارية,Makkah,10012792,Unclassified/Other,Active,300405
1280,suliman alolayan hotel,فندق سليمان بن موسى العليان الفندقية,Makkah,10012791,1-Star,Active,300431
1281,ABDULMALIK TAHA A ALSHAIBI Establishment,مؤسسة عبدالملك طه عبدالله الشيبي,Makkah,10012790,Unclassified/Other,Active,300481
1282,almasat almashair Company To operate hotels,شركة الماسة المشاعر لتشغيل الفنادق,Makkah,10012789,Unclassified/Other,Active,300485
1283,maryam riyzurt aw bi si Company Ltd.,شركة مريم ريزورت او بي سي المحدودة,Makkah,10012788,Unclassified/Other,Active,300900
1284,ali bin sarhan bin shaban alhalwani Establishment,مؤسسة علي بن سرحان بن شعبان الحلواني,Makkah,10012787,Unclassified/Other,Active,300856
1285,Muhammad Mustafa Ghannam Endowment,وقف محمد مصطفى غنام الوقفية,Makkah,10012786,Unclassified/Other,Active,301375
1286,Sama Maysan General Contracting Establishment,مؤسسة سما ميسان للمقاولات العامة,Makkah,10012785,Unclassified/Other,Active,300424
1287,HUSSAIN ZIAD MILYANI Hostel For tourist lodges,نزل حسين زياد ملياني للنزل السياحيه,Makkah,10012784,Unclassified/Other,Active,300677
1288,Royal Almadinah Hotel,فندق رويال المدينة,Madina,10002351,1-Star,Active,267647
1289,AQIQ HOTEL,شركة التطوير الحضري للاعمال شركة شخص واحد,Makkah,10010821,1-Star,Active,271595
1290,JUD Al-Marjan Hotel,شركة جود المرجان لتشغيل الفنادق,Madina,10010817,1-Star,Active,271477
1291,AlMutakif Company,شركة المعتكف للتطوير والاستثمار العقاري,Makkah,10010812,1-Star,Active,287616
1292,Hotel Number One Hotel,فندق رقم وان الفندقية,Makkah,10010811,1-Star,Active,269055
1293,Al Majd Al alfidiy Hotel,فندق المجد الفضي الفندقية,Madina,10010810,1-Star,Active,266465
1294,ORVANA Company,شركة أورفانا,Makkah,10011099,1-Star,Active,289515
1295,Najma Israa Al-Dhahabi Hotel Services Company,شركة نجمة اسراء الذهبي للخدمات الفندقية,Makkah,10011474,Unclassified/Other,Active,291400
1296,amina bibi muhammad husayn khan charitable trust,وقف امينة بيبي محمد حسين خان,Makkah,10011472,Unclassified/Other,Active,293236
1297,SHAIMA MATOUQ JAMIL ALHELAIFI Establishment,مؤسسة شيماء معتوق بن جميل الحليفي,Makkah,10011471,Unclassified/Other,Active,292340
1298,ABDULKARIM SAEED ALZAHRANI Establishment,مؤسسة عبدالكريم سعيد الزهراني,Makkah,10012356,Unclassified/Other,Active,299120
1299,luluat almishal Hotel For Tourist Accommodation,فندق لؤلؤة المشعل للايواء السياحي,Makkah,10012354,Unclassified/Other,Active,299375
1300,alqawafil Company Global lilmuqawalat shakhs wahid,شركة القوافل العالمية للمقاولات شخص واحد,Makkah,10012353,Unclassified/Other,Active,298795
1301,KHALED AJLAN ALAJLAN Establishment,مؤسسة خالد بن عجلان العجلان,Makkah,10012352,Unclassified/Other,Active,299816
1302,Munira Saleh Abdulrahman Al Rajhi Endowment Founda,مؤسسة منيرة صالح عبدالرحمن الراجحي الوقفية,Makkah,10012349,Unclassified/Other,Active,298895
1303,Establishment imarat alttaj almasi,مؤسسة عمارة التاج الماسي,Makkah,10012348,Unclassified/Other,Active,299516
1304,Ali Mohammed Abdullah Al Rajhi Endowment Foundatio,مؤسسة علي محمد عبدالله الراجحي الوقفية الثالثة,Makkah,10012347,Unclassified/Other,Active,298635
1305,Ruya Alandalus Company,شركة رؤيا الأندلس,Madina,10012346,Code 27,Active,299118
1306,Hayah Alhuda hotel,شركة ابو الجود للتشغيل والصيانة,Madina,10002610,Unclassified/Other,Active,288075
1307,MUTAMIR HOTEL,شركة معتمر لخدمات المعتمرين شركة شخص واحد,Makkah,10010950,1-Star,Active,287915
1308,Al Fahd Hotel,فندق الفهد الفندقية,Makkah,10010947,1-Star,Active,287835
1309,Rukn ilaf Quba Serviced Apartment Est,مؤسسة شقق ركن إيلاف قباء المخدومة,Madina,10010946,Unclassified/Other,Active,287875
1310,diouf altawhid company,شركة ضيوف التوحيد المحدودة,Makkah,10011183,1-Star,Active,290195
1311,Qasr alShawq Hotel Hotel,فندق قصر الشوق الفندقية,Makkah,10011180,1-Star,Active,291955
1312,abna omar said abood bafel Company Ltd.,شركة أبناء عمر سعيد عبود بافيل المحدودة,Makkah,10011309,Unclassified/Other,Active,292917
1313,alaun waliaanah alkhayri Establishment,مؤسسة العون والاعانة الخيري,Makkah,10011325,Unclassified/Other,Active,291695
1314,Al-Eman Hospitality and Tourism Company,شركة ملتقى الايمان للضيافة السياحي,Makkah,10011323,1-Star,Active,291975
1315,SARY ALMISK HOTEL,شركة ساري المسك للخدمات الفندقية,Makkah,10011321,1-Star,Active,290875
1316,elmeya est,مؤسسة العلمية المتميزة التجارية,Makkah,10012783,Unclassified/Other,Active,300899
1317,almasat almashair Company To operate hotels,شركة الماسة المشاعر لتشغيل الفنادق,Makkah,10012932,1-Star,Active,301200
1318,Muhammad Rais bin Abdul-Mannan Waqf,وقف محمد ريس بن عبدالمنان الوقفية,Makkah,10012928,Unclassified/Other,Active,301616
1319,kayan alamjad Establishment,مؤسسة كيان الامجاد,Makkah,10012927,Unclassified/Other,Active,301229
1320,AlDiyafa AlAsriya Company Hotel,شركة الضيافة العصرية الفندقية,Makkah,10012925,Unclassified/Other,Active,301216
1321,OSAMA AHMAD M ALBOURAE Hostel,نزل اسامه بن احمد بن محمد بارحيم البرعى,Makkah,10012924,Unclassified/Other,Active,301236
1322,ABDULAZIZ ATYAN HASSAN ALMALKI Hotel For residenti,فندق عبدالعزيز عطيان بن حسن المالكي للوحدات السكنية,Makkah,10012923,Unclassified/Other,Active,301695
1323,almas agha charitable trust,وقف الماس اغا,Makkah,10012922,Unclassified/Other,Active,301220
1324,Makarem AlFirdaws Hotel Hotel,فندق مكارم الفردوس الفندقية,Makkah,10012921,Unclassified/Other,Active,302017
1325,Bawabat Masar Establishment For investment,مؤسسة بوابة مسار للاستثمار,Makkah,10012920,Unclassified/Other,Active,302175
1326,nab alyaqin Establishment Hotel,مؤسسة نبع اليقين الفندقية,Makkah,10011223,Unclassified/Other,Active,290136
1327,Rose Holiday (2),شركة روز هوليداي للضيافة السياحي,Madina,10011221,1-Star,Active,292346
1328,rafahiya alkaram Company Hotel,شركة رفاهية الكرام الفندقية,Makkah,10011218,1-Star,Active,290979
1329,alAjyal ithnan Hostel For tourist lodges,نزل الأجيال اثنان للنزل السياحيه,Madina,10011217,Unclassified/Other,Active,290075
1330,Osama Saad Sunki General Contracting Establishment,مؤسسة أسامه سعد بن حامد سنكى للمقاولات العامة,Makkah,10011470,Unclassified/Other,Active,292258
1331,AHMED ABDULLAH SHAMAH Establishment,مؤسسة احمد عبدالله شمح,Makkah,10011469,Unclassified/Other,Active,292336
1332,asas sanad Establishment,مؤسسة اسس سند,Makkah,10011467,Unclassified/Other,Active,291978
1333,Muwaffaq Bin Abdulhai Bin Mohammed Ameera General,مؤسسة موفق بن عبدالحى بن محمد عميره للمقاولات العامة,Makkah,10011466,Unclassified/Other,Active,293496
1334,maskan shahad Hostel For tourist lodges,نزل مسكن شهد للنزل السياحيه,Madina,10011465,Unclassified/Other,Active,292590
1335,Matruk Misfar Alotaibi Altejariyah Establishment,مؤسسة متروك مسفر العتيبي التجاريه,Makkah,10011464,Unclassified/Other,Active,292186
1336,Jawharat alMuna Establishment For Contracting,مؤسسة جوهرة المنى للمقاولات,Makkah,10012722,Unclassified/Other,Active,300280
1337,Walid almashaaer Company,شركة وليد المشاعر,Makkah,10012721,Unclassified/Other,Active,300283
1338,Company nawat alnamu almustadam,شركة نواة النمو المستدام,Makkah,10012720,Unclassified/Other,Active,300357
1339,Mazaya Rovan Company,شركة مزايا روفان,Makkah,10012719,Unclassified/Other,Active,300376
1340,Ahmed Salem Ali AlZuhairi Foundation,مؤسسة احمد سالم علي الزويهري,Makkah,10012718,Unclassified/Other,Active,300219
1341,nada aljazeera Company For Cars,شركة ندى الجزيرة للسيارات,Makkah,10012717,Unclassified/Other,Active,300198
1342,Al Sharq Al Muqaddimah Company For investment,شركة الشرق المتقدمة للاستثمار,Makkah,10012716,Unclassified/Other,Active,300155
1343,Samir Saleh Hamza Sidqa General Contracting Establ,مؤسسة سمير صالح حمزه صدقه للمقاولات عامة,Makkah,10012715,Unclassified/Other,Active,300356
1344,Samir Saleh Hamza Sidqa General Contracting Establ,مؤسسة سمير صالح حمزه صدقه للمقاولات عامة,Makkah,10012714,Unclassified/Other,Active,300223
1345,Burj alKhayr Company For Property Management,شركة برج الخير لادارة الأملاك,Makkah,10012713,Unclassified/Other,Active,300375
1346,DORAT AL AHBAB HOTEL,فندق درة الاحباب للخدمات الفندقية,Makkah,10011097,1-Star,Active,290515
1347,hotel rwaf alfaisalih,مؤسسة ولاء جميل المطرفي,Makkah,10011096,1-Star,Active,289795
1348,majd taybah aldhahabi Hotel For Hotel Apartments,فندق مجد طيبة الذهبي للشقق الفندقية,Madina,10011095,2-Star,Active,289575
1349,Rowaa lindy Company for hospitality tourism,شركة رواء ليندي للضيافة السياحي,Makkah,10011093,1-Star,Active,289556
1350,Multazim Establishment Property management,مؤسسة ملتزم لادارت الاملاك,Makkah,10011320,1-Star,Active,291435
1351,MESHAL HUMUD ALHATHLA Establishment,مؤسسة مشعل بن حمود الهذلى,Makkah,10011319,Unclassified/Other,Active,291676
1352,Yasser Abdulhadi Hamed Al-Osaimi Hotel Management,مؤسسة ياسر عبدالهادى حامد العصيمى لتشغيل الفنادق,Makkah,10011318,Unclassified/Other,Active,291967
1353,Manzil AlFalak Hotel  Catering Solutions Company,شركة مانزيل ألفلاك هوتيل كاتيرينج سولوشنز,Makkah,10011317,1-Star,Active,291779
1354,Wafud Hotel For Hotel Services Establishment,مؤسسة فندق وفود للخدمات الفندقيه,Madina,10011314,1-Star,Active,292676
1355,Yasser Abdelhadi Hamed Al-Tadhebi Hotel Operations,مؤسسة ياسر عبدالهادى حامد العصيمى لتشغيل الفنادق,Makkah,10011311,Unclassified/Other,Active,291968
1356,FAJR AL MUDN HOTEL,فندق فجر المدن,Madina,10012982,1-Star,Active,302016
1357,AlRihab AlSafi Hostel For Tourist Accommodation,نزل الرحاب الصافي للايواء السياحي,Madina,10012980,Unclassified/Other,Active,302275
1358,Moro Company Global lilshqq walfanadiq sharikat sh,شركة مورو العالمية للشقق والفنادق شركة شخص واحد,Makkah,10012977,1-Star,Active,301835
1359,DIYAR ALAWS HOTEL,شركة ديار الاوس لتشغيل الفنادق,Madina,10010807,1-Star,Active,268330
1360,MULTAQA ALAKHYAR HOTEL,فندق ملتقى الأخيار الفندقية,Makkah,10010805,1-Star,Active,268293
1361,Diamond Lotus,شركة اللوتس الماسية,Madina,10010978,Code 27,Active,300915
1362,hotel abdullah hamed,فندق عبدالله بن حامد بن سويلم القرشي للايواء السياحي,Makkah,10010975,1-Star,Active,292586
1363,Homes and Business Real Estate Development and Inv,مؤسسة منازل واعمال للتطوير والاستثمار العقاري,Makkah,10011463,Unclassified/Other,Active,292349
1364,Almasharib Establishment For Public Services,مؤسسة المشارب للخدمات العامة,Makkah,10011462,Unclassified/Other,Active,293799
1365,Hanan Aida Jaber Almutarifi Company,شركة حنان عيضة جابر المطرفي,Makkah,10011891,Unclassified/Other,Active,294270
1366,hudu alhijaz Hotel,فندق هدوء الحجاز,Makkah,10011961,Unclassified/Other,Active,293917
1367,Othman Muaid Bin Mohammed Shajri Contracting Estab,مؤسسة عثمان معيد بن محمد شاجرى للمقاولات,Makkah,10011960,Unclassified/Other,Active,293876
1368,Al Radaa Luxury Establishment,مؤسسة رداء الفخامه,Makkah,10011959,Unclassified/Other,Active,294695
1369,SAUD ALI ALSHAREEF Establishment,مؤسسة سعود بن علي الشريف,Makkah,10012712,Unclassified/Other,Active,300244
1370,YOUSUF AHMED N ALOTAIBI Establishment,مؤسسة يوسف احمد ناشي العتيبي,Makkah,10012711,Unclassified/Other,Active,300200
1371,sadan alwataniya Company Ltd.,شركة سدن الوطنية المحدودة,Makkah,10012710,Unclassified/Other,Active,300217
1372,al Liwa al Haditha Establishment Commercial,مؤسسة اللواء الحديثة التجارية,Makkah,10012709,Unclassified/Other,Active,301395
1373,Abdullah Mohammed Abdulaziz Wazan Tourist Lodge,نزل عبدالله محمد عبدالعزيز وزان للنزل السياحيه,Makkah,10012708,Unclassified/Other,Active,300286
1374,wahat aliqama Apartments,شقق واحة الإقامة,Makkah,10012707,Unclassified/Other,Active,300378
1375,wahat aliqama Apartments,شقق واحة الإقامة,Makkah,10012706,Unclassified/Other,Active,300362
1376,funduq mubarak almajid Company For Hotel Services,شركة فندق مبارك الماجد للخدمات الفندقيه,Makkah,10012705,Unclassified/Other,Active,300479
1377,HIBAH ABDULLAH ABDULRAHMAN ALTOWAIRQI,مؤسسة هبه عبدالله عبدالرحمن الطويرقي,Makkah,10012703,Unclassified/Other,Active,300595
1378,Easy Solutions Travel and Tourism,شركة الحلول السهلة العالمية للسفر و السياحة,Makkah,10010289,1-Star,Active,221007
1379,Jawharat Al Salah Hotel for Tourist Accommodation,فندق جوهرة الصلاح للايواء السياحي,Makkah,10010642,1-Star,Active,248547
1380,abdalrahman bin ahmad bin muhammad albakri Establi,مؤسسة عبدالرحمن بن احمد بن محمد البكري,Makkah,10012733,Unclassified/Other,Active,300656
1381,nasamat alasil Company To operate hotels,شركة نسمات الأسيل لتشغيل الفنادق,Makkah,10012732,Unclassified/Other,Active,300374
1382,For furnished apartmentsHameed alzuhairi co. for,شركة حميد بن سليم الزهيري للوحدات السكنية المفروشة,Makkah,10012731,Unclassified/Other,Active,301221
1383,Shali Residence Serviced Apartments,شقق شالي ريزيدنس للشقق المخدومة,Makkah,10012729,Unclassified/Other,Active,300484
1384,Shali Residence Al Aziziyah 15,شقق شالي ريزيدنس للشقق المخدومة,Makkah,10012728,Unclassified/Other,Active,300475
1385,Shali Al Naseem 104,شقق شالي ريزيدنس للشقق المخدومة,Makkah,10012727,Unclassified/Other,Active,300432
1386,almizan alsakaniyah Hostel For tourist lodges,نزل الميزان السكنية للنزل السياحيه,Makkah,10012726,Unclassified/Other,Active,300430
1387,braid and joy alarabia Company For Contracting,شركة برايد اند جوي العربية للمقاولات شركة شخص واحد,Makkah,10012725,Unclassified/Other,Active,300555
1388,rakizat alhijaz Company Ltd.,شركة ركيزة الحجاز المحدودة,Makkah,10012931,Unclassified/Other,Active,301233
1389,nasamat alrimal alsakaniyah Establishment,مؤسسة نسمات الرمال للوحدات السكنية,Makkah,10012918,Unclassified/Other,Active,301795
1390,nasamat alrimal lilwahdat alsakaniyah,مؤسسة نسمات الرمال للوحدات السكنية,Makkah,10012917,Unclassified/Other,Active,301635
1391,almasat almashair Company To operate hotels,شركة الماسة المشاعر لتشغيل الفنادق,Makkah,10012915,1-Star,Active,301219
1392,almasat almashair Company To operate hotels,شركة الماسة المشاعر لتشغيل الفنادق,Makkah,10012914,1-Star,Active,301195
1393,altadhamun alaaili Company,شركة التضامن العائلي,Makkah,10012913,Unclassified/Other,Active,301755
1394,SULTAN HUMAIDAN ALSAEDI Establishment Commercial,مؤسسة سلطان حميدان الساعدي التجارية,Makkah,10012912,Unclassified/Other,Active,301215
1395,MUNIRA EAYD ALGAHTANY Hostel For tourist lodges,نزل منيره عايض القحطانى للنزل السياحيه,Makkah,10012911,Unclassified/Other,Active,301615
1396,MUTEB AWWADHAH ALSULAMI Hostel For tourist lodges,نزل متعب عواضه السلمى للنزل السياحيه,Makkah,10012910,Unclassified/Other,Active,301230
1397,Al Raqi Al Mumayaz Hotel Company,شركة فندق الراقي المميز الفندقية,Makkah,10010707,1-Star,Active,255566
1398,Roaya Alandalus,شركة رؤيا الأندلس لتشغيل الفنادق,Madina,10010703,1-Star,Active,259958
1399,sbal almasi Company,شركة سبال الماسي,Madina,10011070,1-Star,Active,293889
1400,HOTEL HAMUDAH ALMASI,فندق حمودة الماسي,Madina,10011069,1-Star,Active,289257
1401,Shatha Mohammed Al-Qurashi Holding Company (One Pe,شركة شذى محمد القرشي القابضة شخص واحد,Makkah,10011642,Unclassified/Other,Active,293798
1402,Rafadah Wahid Hotel Hotel,فندق رفادة واحد الفندقية,Makkah,10011958,Unclassified/Other,Active,293776
1403,aliqama almasiya Establishment,مؤسسة الإقامة الماسية,Makkah,10011957,Unclassified/Other,Active,293961
1404,Establishment Commercial,مؤسسة مشعل بن مساعد بن مطلق الشريف التجارية,Makkah,10011956,Unclassified/Other,Active,294597
1405,ajnihat alhuda Company,شركة أجنحة الهدى,Makkah,10011955,Unclassified/Other,Active,294075
1406,mohamed Apad Aped Altwirqi,نزل محمد عباد عابد الطويرقي,Makkah,10011954,Unclassified/Other,Active,293958
1407,FAHAD EID ALJOHANI Establishment,مؤسسة فهد بن عيد الجهنى,Makkah,10012702,Unclassified/Other,Active,300235
1408,luluat almarjan almutahida Company,شركة لؤلؤة المرجان المتحدة للمقاولات العامة,Makkah,10012701,Unclassified/Other,Active,300222
1409,Anwar Almarjan Company Ltd.,شركة أنوار المرجان المحدودة,Makkah,10012700,Unclassified/Other,Active,300201
1410,Nuzol Manazel Elsteen,نزل منازل الستين,Makkah,10012699,Unclassified/Other,Active,300257
1411,ifah Company Ltd.,شركة إيفاه المحدودة,Makkah,10012698,Unclassified/Other,Active,300238
1412,Invictus Construction Company,شركة إنفيكتوس كونستراكشن,Makkah,10012697,Unclassified/Other,Active,300369
1413,Tahani Eidha Bin Hussein AlMaliki Contracting Est,مؤسسة تهاني عيضه بن حسين المالكي للمقاولات,Makkah,10012696,Unclassified/Other,Active,300196
1414,ZAID MATAR ALGURASHI Hostel For tourist lodges,نزل زيد بن مطر القرشي للنزل السياحيه,Makkah,10012695,Unclassified/Other,Active,300304
1415,The elite of glory Establishment,مؤسسة ذا إيليت أوف جلوري,Makkah,10012694,Unclassified/Other,Active,300243
1416,alRisalah alJawar Hotel For Hotel Services,فندق الرسالة الجوار للخدمات الفندقيه,Makkah,10012693,Unclassified/Other,Active,300364
1417,SAAD MASAD ALLAHYANI Hostel,نزل سعد بن مسعد اللحياني,Makkah,10011200,Unclassified/Other,Active,291495
1418,Aaliyah AlDawadiyah Hotel Hotel,فندق عالية الدوادية الفندقية,Madina,10011198,1-Star,Active,290095
1419,Apartments For residential units,شقق شعيل بطحاء قريش للوحدات السكنية,Makkah,10011195,Unclassified/Other,Active,290715
1420,nuzul alkaram Establishment,مؤسسة نزل الكرم,Makkah,10011193,Unclassified/Other,Active,291816
1421,daif karim Hostel,نزل ضيف كريم,Makkah,10011185,Unclassified/Other,Active,293892
1422,alaun waliaanah alkhayri Establishment,مؤسسة العون والاعانة الخيري,Makkah,10011184,Unclassified/Other,Active,290146
1423,Moro Company Global lilshqq walfanadiq sharikat sh,شركة مورو العالمية للشقق والفنادق شركة شخص واحد,Makkah,10011181,1-Star,Active,291055
1424,Diyafat Alnujum Hostel For tourist lodges,نزل ضيافة النجوم للنزل السياحيه,Makkah,10011179,Unclassified/Other,Active,291396
1425,AlDiyafa AlKubra Establishment Hotel,مؤسسة الضيافة الكبرى الفندقية,Makkah,10011178,Unclassified/Other,Active,292337
1426,ALANOUD MESHAL ALOSAIMI Establishment,مؤسسة العنود مسحل العصيمي,Makkah,10012850,Unclassified/Other,Active,301255
1427,Alhadaiq Alraqiyeh Hotel Hotel,فندق الحدايق الراقيه الفندقية,Makkah,10012854,1-Star,Active,300898
1428,alkhaymah Company To operate hotels,شركة الخيمة لتشغيل الفنادق,Makkah,10012853,1-Star,Active,300816
1429,GHASAN GHAZI M MAJDALI Establishment,مؤسسة غسان غازى محمد مجدلى,Makkah,10012851,Unclassified/Other,Active,301376
1430,ABDULMOHSEN ALMARSHAD Hostel For tourist lodges,نزل عبدالمحسن صالح المرشد للنزل السياحيه,Makkah,10012919,Unclassified/Other,Active,301355
1431,nasamat alrimal lilwahdat alsakaniyah Establishmen,مؤسسة نسمات الرمال للوحدات السكنية,Makkah,10012916,Unclassified/Other,Active,301416
1432,asmak albasmah Company,شركة أسماك البسمة,Makkah,10013027,1-Star,Active,302335
1433,Luluat Al Tawfiq Al Masi Hotel Hotel,فندق لؤلؤة التوفيق الماسي الفندقية,Makkah,10013025,1-Star,Active,302356
1434,TAJ WARD HOTEL Company,شركة فندق تاج ورد الفندقية,Madina,10010892,1-Star,Active,271895
1435,AlSafir AlSakani Establishment For tourist lodges,مؤسسة السفير السكني للنزل السياحيه,Madina,10011953,Unclassified/Other,Active,293875
1436,Jawharat Alwaleed Shop For Perfumes,محل جوهرة الوليد للعطورات,Makkah,10011952,Unclassified/Other,Active,293885
1437,Diyafat Al-alam company,شركة ضيافات العالم للاستثمار,Makkah,10011950,Unclassified/Other,Active,293925
1438,almuheet almimayza Company Commercial,شركة المحيط المميزة التجارية,Makkah,10011949,Unclassified/Other,Active,293835
1439,Ahmad bin Ahmad bin Yasin alSayirfi hostel,وقف أحمد بن أحمد بن ياسين الصيرفي,Makkah,10011948,Unclassified/Other,Active,293821
1440,Almustahdth,شركة المستحدث للمقاولات شركة ذات المسؤولية المحدودة من,Makkah,10011947,Unclassified/Other,Active,294276
1441,Sahm Establishment For Trips,مؤسسة سهم لتنظيم الرحلات,Makkah,10011946,Unclassified/Other,Active,293959
1442,Abdulmalik Mohammed Issa Al-Takrouni Foundation fo,مؤسسة عبدالملك محمد عيسى التكروني للخدمات الطلابية,Makkah,10011945,Unclassified/Other,Active,293881
1443,MAHMOUD NOOR JASSIM Establishment,مؤسسة محمود نور جاسم,Makkah,10011944,Unclassified/Other,Active,293824
1444,sas wanama Establishment For logistics,مؤسسة ساس ونماء للخدمات اللوجستية,Makkah,10012692,Unclassified/Other,Active,300305
1445,anas,مؤسسة أنس ابراهيم سليم القرشي للعقارات,Makkah,10012691,Unclassified/Other,Active,300427
1446,SUL10 Company,شركة سول10,Makkah,10012690,Unclassified/Other,Active,300246
1447,Darb Almutamir Hotel Hotel,فندق درب المعتمر الفندقية,Makkah,10012689,Unclassified/Other,Active,300195
1448,alsiyuf alhijaziyah Company Ltd.,شركة السيوف الحجازية المحدودة,Makkah,10012688,Unclassified/Other,Active,300360
1449,Rayn alQimmah Establishment For Hotel Services,مؤسسة راين القمة للخدمات الفندقيه,Makkah,10012687,Unclassified/Other,Active,300363
1450,HAad bin khalifah al thani Establishment Endowment,مؤسسة وقف حمد بن خليفة آل ثاني الوقفية,Makkah,10012686,Unclassified/Other,Active,300225
1451,Fajr Alnusk Company To operate hotels,شركة فجر النسك لتشغيل الفنادق,Makkah,10012685,Unclassified/Other,Active,300413
1452,tasis fan alamar Establishment Real Estate,مؤسسة تأسيس فن الأعمار العقارية,Makkah,10012684,Unclassified/Other,Active,300276
1453,albanadir alkhalidah Establishment,مؤسسة البنادر الخالدة,Makkah,10012683,Unclassified/Other,Active,300255
1454,Wadiyar Al Madinah Travel and Tourism Company is o,شركة وديار المدينة للسفر والسياحة شخص واحد,Madina,10010736,1-Star,Active,256435
1455,rekaz serviced apartment,مؤسسة ركاز الراقية للوحدات السكنية,Makkah,10010735,2-Star,Active,259475
1456,Wardat Al Wadi Seafood Company,شركة وردة الوادي للمأكولات البحرية  ,Makkah,10010732,1-Star,Active,269923
1457,Taif Company Limited,شركة طيف المحدودة,Makkah,10011129,1-Star,Active,289675
1458,Company rahat alubur,شركة راحه العبور,Madina,10011127,1-Star,Active,289640
1459,Noor AlSalam AlMuttahida Company Commercial,شركة نور السلام المتحدة التجارية,Makkah,10011126,1-Star,Active,289637
1460,Nuzhat alaziziya Establishment,مؤسسة نزهة العزيزية,Makkah,10011174,Unclassified/Other,Active,290140
1461,Establishment Bayat AlMadina,مؤسسة بيات المدينة,Madina,10011171,2-Star,Active,290415
1462,Tharwat almutamayiza Company For Hotel Services,شركة ثروات المتميزة للخدمات الفندقيه,Makkah,10011170,Unclassified/Other,Active,290680
1463,Durat AlMashair Company Real Estate,شركة درة المشاعر العقارية,Makkah,10011169,Unclassified/Other,Active,291095
1464,kayan almarjan Company,شركة كيان المرجان,Makkah,10012782,Unclassified/Other,Active,300423
1465,Rabee Alkhaleej Company For logistics,شركة ربيع الخليج للخدمات اللوجستية,Makkah,10012781,Unclassified/Other,Active,300433
1466,SALMA MOHAMMED WAZQAR Hostel For tourist lodges,نزل سلمى محمد وزقر للنزل السياحيه,Makkah,10012780,Unclassified/Other,Active,300621
1467,Waleed Ibrahim bin Humaid Alharbi Hostel For,نزل وليد ابراهيم بن حميد الحربي للنزل السياحيه,Makkah,10012779,Unclassified/Other,Active,300556
1468,Alseem Establishment Commercial,مؤسسة السيم التجارية,Makkah,10012778,Unclassified/Other,Active,300495
1469,Alseem Establishment Commercial,مؤسسة السيم التجارية,Makkah,10012777,Unclassified/Other,Active,300497
1470,Bayt alKhayr Company For investment,شركة بيت الخير للاستثمار,Makkah,10012776,Unclassified/Other,Active,300578
1471,Shatha Alwasam 1 Establishment For Hotel Services,مؤسسة شذى الوسام واحد للخدمات الفندقيه,Makkah,10012958,Code 27,Active,301715
1472,Ali Mohammed Abdullah Al Rajhi Endowment Foundatio,مؤسسة علي محمد عبدالله الراجحي الوقفية الثانية,Makkah,10012345,Unclassified/Other,Active,297955
1473,Winner Without Limits Hotel Services Company,شركة الرابح بلا حدود للخدمات الفندقية,Makkah,10012344,Unclassified/Other,Active,298276
1474,Mansour Abdulrahman Bin Musa Haroun Mansour Invest,مؤسسة منصور عبدالرحمن بن موسى هارون منصور للأستثمار,Makkah,10012343,Unclassified/Other,Active,299276
1475,asmak albasmah Company,شركة أسماك البسمة,Makkah,10012342,Unclassified/Other,Active,297975
1476,MUSTAFA HAMID ASHOUR Hotel,فندق مصطفى بن حامد عاشور,Makkah,10012341,Unclassified/Other,Active,299335
1477,Invictus Construction Company,شركة إنفيكتوس كونستراكشن,Makkah,10012340,Unclassified/Other,Active,299015
1478,HAYA ABDULLAH ALDAJANI Establishment,مؤسسة هيا عبدالله الدعجاني,Makkah,10012379,Unclassified/Other,Active,299117
1479,alruqi waltaqaddum Establishment For Real,مؤسسة الرقي والتقدم للخدمات العقارية,Makkah,10012378,Unclassified/Other,Active,298775
1480,Rashad Mohammed Naqib Trading Est,مؤسسة رشاد محمد عبدالرحمن نقيب التجارية,Makkah,10012377,Unclassified/Other,Active,299495
1481,MUTEB AWWADHAH ALSULAMI Hostel For tourist lodges,نزل متعب عواضه السلمى للنزل السياحيه,Makkah,10012376,Unclassified/Other,Active,298955
1482,jalal almutamayiza Company Hotel,شركة جلال المتميزة الفندقية,Makkah,10012682,Unclassified/Other,Active,300367
1483,SAAD SAEED ALHARBI Establishment,مؤسسة سعد بن سعيد الحربي,Makkah,10012681,Unclassified/Other,Active,301316
1484,AZIZA MOHAMMAD ALHARTHI Hostel For tourist lodges,نزل عزيزه محمد الحارثي للنزل السياحيه,Makkah,10012680,Unclassified/Other,Active,300795
1485,Almanazil Alsalihah Establishment For Real Estate,مؤسسة المنازل الصالحة للعقارات,Makkah,10012679,Unclassified/Other,Active,300380
1486,Ihsan AlDiyafa Company Ltd.,شركة احسان الضيافة المحدودة,Makkah,10012678,Unclassified/Other,Active,300199
1487,Amwaj Jumaan Ali Al-Zahrani Est,مؤسسة امواج جمعان علي الزهراني التجارية,Makkah,10012677,Unclassified/Other,Active,300303
1488,Doha tayiba Establishment For General Contracting,مؤسسة دوحة طيبة للمقاولات العامة,Makkah,10012676,Unclassified/Other,Active,300241
1489,iklil aldiyafa Company To operate hotels,شركة إكليل الضيافة لتشغيل الفنادق,Makkah,10012675,1-Star,Active,300316
1490,ELTAYER ELZAHABY COMPANY,شركة الطير الذهبي للخدمات الفندقية شركة شخص واحد,Makkah,10012674,Unclassified/Other,Active,300220
1491,dar saqifah Establishment,مؤسسة دار سقيفة,Makkah,10012673,Unclassified/Other,Active,300156
1492,Hotel lulu al-shroq,مؤسسة فندق لؤلؤة الشروق الفندقية,Makkah,10010771,1-Star,Active,260718
1493,Alfakhama Aldahabi Hotel Company,شركة الفخامة الذهبي الفندقية,Madina,10010770,1-Star,Active,259143
1494,QASR ALRAID HOTEL,فندق قصر الرائد الفندقية,Makkah,10010928,1-Star,Active,287635
1495,DRR ALRASHDIAH,شقق درر الراشدية المخدومة,Makkah,10011146,1-Star,Active,289736
1496,Abdulrahman Nasser bin Ali alghafis Establishment,مؤسسة عبدالرحمن ناصر بن علي الغفيص للمقاولات المعمارية العامة,Makkah,10011164,Unclassified/Other,Active,290698
1497,ABDULLAH FALHAN ALOTAIBI Establishment Commercial,مؤسسة عبدالله بن فلحان العتيبي التجارية,Makkah,10011163,Unclassified/Other,Active,291335
1498,zaair karim Hostel,نزل زائر كريم,Makkah,10011154,Unclassified/Other,Active,291357
1499,Anan Snood Hotel,فندق عنان سنود الفندقية,Makkah,10006578,3-Star,Active,243033
1500,Zahra Al Saad Sitta Hotel Hotel,فندق زهرة السعد ستة الفندقية,Makkah,10000544,1-Star,Active,296455
1501,Aldeafah Group International,مجموعة الضيافة العالمية للإدارة والاستثمار شركة شخص واحد ذات مسؤلية محدودة,Makkah,10012946,Unclassified/Other,Active,301415
1502,ABDULLAH SAUD ABDULWAHED ALHAKAMI Establishment,مؤسسة عبدالله سعود عبدالواحد الحكمي للنزل السياحية,Makkah,10012945,Unclassified/Other,Active,301275
1503,ABDULLAH SAUD ABDULWAHED ALHAKAMI Establishment,مؤسسة عبدالله سعود عبدالواحد الحكمي للنزل السياحية,Makkah,10012944,Unclassified/Other,Active,301237
1504,Albadr w Alfajer Hotel,فندق البدر والفجر الفندقية,Makkah,10012943,Unclassified/Other,Active,301235
1505,Othman Mohammed Othman Housawi Establishment,مؤسسة عثمان محمد عثمان هوساوى للتجارة,Makkah,10012942,Unclassified/Other,Active,301202
1506,MOHAMMED KHALID ABDULMAJEED Establishment,مؤسسة محمد خالد عبدالمجيد,Makkah,10012947,Unclassified/Other,Active,302435
1507,Zad Al Musafir Company,شركة زاد المسافر للسفر و السياحة شركةشخص واحد,Makkah,10012939,Unclassified/Other,Active,301227
1508,Elaf Hotel Company Elaf Taiba Hotel,شركة ايلاف للفنادق المحدودة فندق ايلاف طيبه,Madina,10010763,4-Star,Active,287575
1509,Hana Al Sharq For business services,مؤسسة هنا الشرق لخدمات الأعمال,Makkah,10010907,1-Star,Active,280101
1510,Urban Development Company,شركة التطوير الحضري للاعمال شركة شخص واحد,Makkah,10010905,1-Star,Active,289978
1511,ALANDALUS PLAZA HOTEL,شركة الاندلس لصيانة وادارة وتشغيل الفنادق والقصور السكنيه,Madina,10010982,1-Star,Active,288255
1512,Hadiqat AlYasmin Hotel Hotel Establishment,مؤسسة فندق حديقة الياسمين الفندقية,Makkah,10011103,1-Star,Active,289638
1513,Emaar Al Rawda Hotel One,فندق اعمار الروضه واحد,Makkah,10011102,1-Star,Active,289735
1514,Moro Global Company for Apartments and Hotels,شركة مورو العالمية للشقق والفنادق شركة شخص واحد,Makkah,10011110,1-Star,Active,294317
1515,RITAJ ALTALAAYIE HOTEL,شركة رتاج الطلائع للضيافة السياحي,Makkah,10011109,1-Star,Active,290217
1516,HDN hotels,شركة هدن الفندقية,Makkah,10011107,1-Star,Active,290139
1517,Ruz Alhijaz Apartments For Serviced Apartments,شقق روز الحجاز للشقق المخدومة,Makkah,10011118,Code 27,Active,295435
1518,Diamond Tower Hotel Apartments,فندق البرج الماسي للشقق الفندقية,Makkah,10012672,Unclassified/Other,Active,300355
1519,Hatim Group Business Services Lodge,مجموعة حاتم علي حسن احمد ابو العلا لخدمات الأعمال,Makkah,10012671,Unclassified/Other,Active,300359
1520,qimmat alitqan aldhakiah Establishment,مؤسسة قمة الاتقان الذكية,Makkah,10012670,Unclassified/Other,Active,300239
1521,alyasmin almutaaliqah Establishment,مؤسسة الياسمين المتألقه,Makkah,10012669,Unclassified/Other,Active,300285
1522,Walid almashaaer Company,شركة وليد المشاعر,Makkah,10012668,Unclassified/Other,Active,300412
1523,"Lamset Diaa Al Mustaqbal Trading Company, a single",نزل لمسة ضياء المستقبل التجارية شخص واحد قابضة,Makkah,10012667,Unclassified/Other,Active,300296
1524,Abq Alandalus Establishment For Trips,مؤسسة عبق الاندلس لتنظيم الرحلات,Makkah,10012666,Unclassified/Other,Active,300259
1525,Bismat Al Sharq Apartments For Serviced Apartments,شقق بسمات الشرق للشقق المخدومة,Makkah,10012665,Unclassified/Other,Active,300387
1526,NEW AL QIMMA Company,شركة نيو آل قمة,Makkah,10012664,Unclassified/Other,Active,300295
1527,Nasmat Khair Hotel,شركة الرفاع العمراني المحدودة,Makkah,10010600,1-Star,Active,239367
1528,Rabia AlHijaz Foundation,مؤسسة رابية الحجاز لتشغيل الفنادق,Makkah,10011004,1-Star,Active,288595
1529,Aljawad Aladhim Hotel Hotel,فندق الجواد الأدهم الفندقية,Madina,10011054,Unclassified/Other,Active,289258
1530,Qamar Taybah Hostel For tourist lodges,نزل قمر طيبة للنزل السياحيه,Madina,10011052,Unclassified/Other,Active,289095
1531,alqamah alhindasiah Establishment For Contracting,مؤسسة القامه الهندسيه للمقاولات,Makkah,10011523,Unclassified/Other,Active,291485
1532,ahmad husayn abd allah al sharif Establishment,مؤسسة احمد حسين عبد الله الشريف,Makkah,10011522,Unclassified/Other,Active,291677
1533,MOHAMMAD MOHAMMAD BALKHI Establishment,مؤسسة محمد بن محمد بلخي,Makkah,10011521,Unclassified/Other,Active,291815
1534,Sidra Al Gharbia Commercial Services Establishment,مؤسسة سدرة الغربية للخدمات التجارية,Makkah,10011890,Unclassified/Other,Active,293635
1535,nuzul ghaym Establishment,مؤسسة نزل غيم,Makkah,10011889,Unclassified/Other,Active,293577
1536,Yasser Abdulhadi Hamed AlOsaimi Hotel Management,مؤسسة ياسر عبدالهادى حامد العصيمى لتشغيل الفنادق,Makkah,10011888,Unclassified/Other,Active,293489
1537,Alalaa Company Ltd.,شركة العلاء المحدودة,Makkah,10013052,1-Star,Active,302535
1538,lubaba,وكالة لبابه عبدالله بن ملك عبدالحق امير بخش لتنظيم الرحلات,Makkah,10013049,Unclassified/Other,Active,302595
1539,NASSER MARZOUQ ALHARBI Hotel For Hotel Services,فندق ناصر مرزوق الحربي للخدمات الفندقيه,Makkah,10013046,1-Star,Active,302515
1540,Baraka Al-Hajla Hotel Foundation,مؤسسة فندق بركة الهجلة الفندقية,Makkah,10013094,1-Star,Active,302695
1541,Nifrance Establishment,مؤسسة نفرانس,Makkah,10013113,1-Star,Active,302716
1542,Mabiet Taybah Serviced,شقق مبيت طيبة المخدومة,Madina,10010657,2-Star,Active,269058
1543,Dar Almotakamila For Tourist Hospitality,شركة دار المتكاملة للضيافة السياحي,Makkah,10010658,1-Star,Active,269142
1544,G S A Establishment,مؤسسة غزيل سلمان الدعجاني,Makkah,10011546,Unclassified/Other,Active,294556
1545,ABDULELAH DHAIFALLAH ALSUBHI Establishment,مؤسسة عبدالاله ضيف  الله الصبحى,Makkah,10011544,Unclassified/Other,Active,292175
1546,Trust Makan Company,شركة تراست مكان,Makkah,10011542,1-Star,Active,291959
1547,Homes and Business Real Estate Development and Inv,مؤسسة منازل واعمال للتطوير والاستثمار العقاري,Makkah,10011541,Unclassified/Other,Active,292183
1548,Dhaif AlMashair Hotel For Hotel Apartments,فندق ضيف المشاعر للشقق الفندقية,Makkah,10011540,Unclassified/Other,Active,292277
1549,almaqam alraqi almasi Establishment,مؤسسة المقام الراقي الماسي,Makkah,10011539,Unclassified/Other,Active,292177
1550,almaqam alraqi almasi Establishment,مؤسسة المقام الراقي الماسي,Makkah,10011538,Unclassified/Other,Active,293296
1551,Awqaf Warbita Alnizam Haidarabad Endowment,أوقاف واربطة النظام حيدر آباد الوقفية,Makkah,10011537,Unclassified/Other,Active,292580
1552,World of Life Hotel Operation Company (one person),شركة عالم الحياة لتشغيل الفنادق شخص واحد,Makkah,10012270,Unclassified/Other,Active,297155
1553,masakin alanwar aldhahabiya Company Ltd,شركة مساكن الانوار الذهبية المحدودة,Makkah,10012269,Unclassified/Other,Active,296715
1554,tharawat almashair Company For Tourism,شركة ثروات المشاعر للسياحة,Makkah,10012268,Unclassified/Other,Active,296636
1555,Raneem AlMashair Company For Contracting,شركة رنيم المشاعر للمقاولات,Makkah,10012267,Unclassified/Other,Active,297215
1556,Company muhal alizz,شركة مدهال العز,Makkah,10012266,1-Star,Active,298335
1557,GHALBAA MOHAMMED A ALQAHTANI Commercial,مؤسسة غلباء محمد عائض القحطاني التجارية,Makkah,10012265,Unclassified/Other,Active,297675
1558,Atyaf Almasi Establishment Hotel,مؤسسة اطياف الماسي الفندقية,Madina,10012264,Code 27,Active,297555
1559,arafat aldhahabiya Company - balila,شركة عرفات الذهبية,Makkah,10012263,Unclassified/Other,Active,296475
1560,ZAHIR ALHAQ ABU ALKHAIR ABDULSHAKOUR Establishment,مؤسسة سعديه بنت ظهيرالحق بن أبوالخير عبدالشكور للنزل السياحيه,Makkah,10012662,Unclassified/Other,Active,300282
1561,Al Asalah Al Masi Establishment For Tourist,مؤسسة الأصالة الماسي للايواء السياحي,Makkah,10012661,Unclassified/Other,Active,300315
1562,Rashad Muhammad Abdul Rahman Naqib Foundation,مؤسسة رشاد محمد عبدالرحمن نقيب التجارية,Makkah,10011887,Unclassified/Other,Active,300366
1563,Zahra Wahid Hotel,فندق زهره واحد,Madina,10011886,1-Star,Active,296122
1564,diyaft salih Establishment For Furnished Apartment,مؤسسة ضيافة صالح للوحدات السكنية المفروشة,Makkah,10011885,Unclassified/Other,Active,293515
1565,AIMAN HASAN ZAMIL Establishment,مؤسسة ايمن حسن زامل,Makkah,10011884,Unclassified/Other,Active,298495
1566,Zad AlMashair Establishment To operate hotels,مؤسسة زاد المشاعر لتشغيل الفنادق,Makkah,10011883,1-Star,Active,295035
1567,hudu alhijaz Hotel,فندق هدوء الحجاز,Makkah,10011882,Unclassified/Other,Active,293793
1568,ABDULAZIZ SUHAIL ALGHAMDI Company,شركة عبدالعزيز سهيل الغامدي,Makkah,10011881,Unclassified/Other,Active,294756
1569,Mehad Al MAdina Plus,فندق مهاد المدينة بلس الفندقية,Madina,10011880,1-Star,Active,293477
1570,KHALED MAHMOUD S QATTAN Establishment,مؤسسة خالد محمود صالح قطان,Makkah,10011879,Unclassified/Other,Active,294327
1571,FAHAD EID ALJOHANI Establishment,مؤسسة فهد بن عيد الجهنى,Makkah,10011878,Unclassified/Other,Active,294117
1572,HAYAH ALEIMAN HOTEL,شركة حياة الايمان للتشغيل والصيانة,Makkah,10013015,1-Star,Active,302195
1573,manazil althiqah Hotel,فندق منازل الثقة,Makkah,10013012,Code 27,Active,302456
1574,almasat almashair Company To operate hotels,شركة الماسة المشاعر لتشغيل الفنادق,Makkah,10013011,1-Star,Active,302076
1575,Ruya Alandalus Company,شركة رؤيا الأندلس,Madina,10013009,1-Star,Active,302095
1576,almasat almashair Company To operate hotels,شركة الماسة المشاعر لتشغيل الفنادق,Makkah,10013008,1-Star,Active,302115
1577,almasat almashair Company To operate hotels,شركة الماسة المشاعر لتشغيل الفنادق,Makkah,10013007,1-Star,Active,302116
1578,abna omar said abood bafel Company Ltd.,شركة أبناء عمر سعيد عبود بافيل المحدودة,Makkah,10011536,Unclassified/Other,Active,293581
1579,Homes and Business Real Estate Development and Inv,مؤسسة منازل واعمال للتطوير والاستثمار العقاري,Makkah,10011535,Unclassified/Other,Active,291979
1580,SULAIMAN JAMEEL A ZAKARIYA Establishment For Touri,مؤسسة سليمان بن جميل بن عبدالكريم زكريا للنزل السياحية,Makkah,10011534,Unclassified/Other,Active,294415
1581,Sama Alshaair Company To operate hotels,شركة سما الشعائر لتشغيل الفنادق,Makkah,10011533,Unclassified/Other,Active,291675
1582,Sama Maysan General Contracting Establishment,مؤسسة سما ميسان للمقاولات العامة,Makkah,10011532,Unclassified/Other,Active,291680
1583,al Arab al Haditha Establishment For Real Estate,مؤسسة العرب الحديثه للعقارات,Makkah,10011531,Unclassified/Other,Active,291858
1584,Establishment Real Estate,مؤسسة نوره سعد بن دخيل الله القرشى العقارية,Makkah,10011963,Unclassified/Other,Active,294358
1585,HANI MOHMMED ALAKASI Establishment Commercial,مؤسسة هاني محمد العكاسي التجارية,Makkah,10012375,Unclassified/Other,Active,299246
1586,HAMAD ABDULRAHMAN H ALMIHYANI Est Commercial,مؤسسة حمد عبدالرحمن بن حمد المحياني التجارية,Makkah,10012374,Unclassified/Other,Active,299345
1587,wahat aliqama Apartments,شقق واحة الإقامة,Makkah,10012813,Unclassified/Other,Active,300426
1588,Diyar Al Taqwa Company,شركة ديار التقوى لتشغيل الفنادق  ذات مسئولية محدودة,Makkah,10012811,Unclassified/Other,Active,300418
1589,ABDULSHAKUR MOHAMMEDNAYAZ NIYAZI Hostel,نزل عبدالشكور بن محمدنياز نيازي,Makkah,10012810,Unclassified/Other,Active,300414
1590,KHALED MUBARAK S BAJAIFAR Establishment Commercial,مؤسسة خالد مبارك سلوم باجعيفر التجارية,Makkah,10012775,Unclassified/Other,Active,300498
1591,knt almuttahida Company Real Estate,شركة كنت المتحدة العقارية,Makkah,10012774,Unclassified/Other,Active,300438
1592,sumu alfalih Establishment Real Estate,مؤسسة سمو الفالح العقارية,Makkah,10012773,Unclassified/Other,Active,300456
1593,shal albarakah Hostel,نزل شال البركة,Makkah,10012772,Unclassified/Other,Active,302255
1594,diyar alwaad Hostel For tourist lodges,نزل ديار الوعد للنزل السياحيه,Makkah,10012771,Unclassified/Other,Active,300425
1595,almasat almashair Company To operate hotels,شركة الماسة المشاعر لتشغيل الفنادق,Makkah,10012770,Unclassified/Other,Active,300478
1596,KHALID ABDULHAFIZ A FEDA Hostel Tour Accommodation,نزل خالد بن عبدالحفيظ بن عبدالفتاح فدا للايواء السياحي,Makkah,10011800,Unclassified/Other,Active,298435
1597,IBRAHIM ALI ALAQIL Company Commercial,شركة ابراهيم بن علي العقل التجارية,Makkah,10011798,Unclassified/Other,Active,293482
1598,TOURKY ALOURASHY,مؤسسة تركي بن هزاع بن سعيد القرشى للعقارات,Makkah,10011797,Unclassified/Other,Active,293486
1599,ABDULAZIZ SUHAIL ALGHAMDI Company,شركة عبدالعزيز سهيل الغامدي,Makkah,10011796,Unclassified/Other,Active,295079
1600,Hani Hamed Mohamed Sanki Trading Establishment,مؤسسة هاني حامد محمد سنكى التجارية,Makkah,10011877,Unclassified/Other,Active,294815
1601,Funduq Manazil AlFath Group Hotel,مجموعة فندق منازل الفتح الفندقية,Makkah,10011876,Unclassified/Other,Active,293919
1602,ABDULELAH ALI ALHAZMI Establishment Commercial,مؤسسة عبدالاله بن علي الحازمي التجارية,Makkah,10011875,Unclassified/Other,Active,293719
1603,Sarah Mohammed Bin Hussein Al-Saadi Foundation for,مؤسسة ساره محمد بن حسين السعدي للخدمات الطلابية,Makkah,10011874,Unclassified/Other,Active,293595
1604,alqimma aldhahabiya alealamia Company Ltd.,شركة القمة الذهبية العالمية المحدودة,Makkah,10011873,Unclassified/Other,Active,293816
1605,layma almasi Establishment,مؤسسة ليمة الماسي,Makkah,10011966,Unclassified/Other,Active,294235
1606,AHMED HASSAN AL ZAHRANI Establishment Commercial,مؤسسة احمد حسن الزهراني التجارية,Makkah,10011965,Unclassified/Other,Active,293777
1607,hudu alhijaz Hotel,فندق هدوء الحجاز,Makkah,10011964,Unclassified/Other,Active,293964
1608,Zad almosafer alrawda,نزل نواف عبدالعزيز بن عبدالله العيسى,Makkah,10012938,1-Star,Active,301199
1609,four seasons central laundry,مغاسل الفصول الأربعة المركزية لغسيل الملابس,Makkah,10012937,Unclassified/Other,Active,301455
1610,Zad almosafer alrawda,نزل نواف عبدالعزيز بن عبدالله العيسى,Makkah,10012936,1-Star,Active,301226
1611,Mishal bin Hasan bin Abdullah Al Zayd Al Sharif ch,وقف مشعل بن حسن بن عبدالله آل زيد الشريف الوقفية,Makkah,10012934,Unclassified/Other,Active,302415
1612,Sharif Mansour Endowment Inn,نزل أوقاف الشريف منصور بن صالح بن محمد أبو رياش للضيافة السياحي,Makkah,10012930,Unclassified/Other,Active,301315
1613,almas agha waqf,وقف الماس اغا,Makkah,10012929,Unclassified/Other,Active,301224
1614,Mushtaq Al Madinah Tourist Hostel,نزل مشتاق المدينة للنزل السياحية,Madina,10010876,Unclassified/Other,Active,271896
1615,Qadat Aldiyafat Company for Hotel Services,شركة قادة الضيافة للخدمات الفندقية,Madina,10010874,1-Star,Active,271855
1616,Nour Al Salam Hotel,شركة نور السلام المتحدة التجارية,Makkah,10010944,1-Star,Active,287878
1617,AFAQ SILA,شركة آفاق سيله للتشغيل والصيانة ,Madina,10010942,1-Star,Active,289875
1618,Awad Ayed AlMalki Foundation,مؤسسة عوض عائض المالكي,Makkah,10011013,1-Star,Active,288576
1619,Makarem Burj Al Madinah Hotel,فندق مكارم برج المدينة الفندقية,Madina,10011012,Unclassified/Other,Active,289455
1620,Subl AlMunawara Hotel Company,شركة سبل المنورة الفندقية,Madina,10011011,Unclassified/Other,Active,289856
1621,Dal Establishment For Trading,مؤسسة دال للتجارة,Makkah,10011520,Unclassified/Other,Active,291715
1622,Almasa International Travel and Tourism Company,شركة الماسة العالمية للسفر و السياحة,Makkah,10011519,1-Star,Active,291555
1623,Ahda alamakin Establishment For furnished apartmen,مؤسسة أهدى الأماكن للشقق المفروشة,Makkah,10011518,Unclassified/Other,Active,291976
1624,anwar alhamidiyah almuwaqat Hostel,نزل أنوار الحميدية المؤقت,Makkah,10011809,Unclassified/Other,Active,293437
1625,alBuhayrat alDawliyah  For  Contracting,مؤسسة البحيرات الدولية للمقاولات العامة,Makkah,10011808,Unclassified/Other,Active,293979
1626,HOSTEL ATIF,شركة عاطف عبدالقادر عبدالله عبدالقادر للتطوير والاستثمار العقاري شخص واحد,Makkah,10011807,Unclassified/Other,Active,293416
1627,Ghayth almashaaer Hotel Hotel,فندق غيث المشاعر الفندقية,Makkah,10011806,Unclassified/Other,Active,293508
1628,Abdulaziz Mohammed Al-Aliq Trading Establishment,مؤسسة عبدالعزيز محمد العليق التجارية,Makkah,10011805,Unclassified/Other,Active,293484
1629,masakin alanwar aldhahabiya Company Ltd.,شركة مساكن الانوار الذهبية المحدودة,Makkah,10011804,Unclassified/Other,Active,293216
1630,tharawat almashair Company For Tourism,شركة ثروات المشاعر للسياحة,Makkah,10011803,Unclassified/Other,Active,293359
1631,Company Smart Warrior,شركة سمارت واريور,Makkah,10011802,Unclassified/Other,Active,293335
1632,MOHAMMAD HEMDI ALQURASHI Hostel For tourist lodges,نزل محمد حمدي القرشي للنزل السياحيه,Makkah,10011801,Unclassified/Other,Active,293975
1633,EBRAHEM SAUD ALHALAF Hostel,نزل ابراهيم سعود الحلاف,Makkah,10012769,Unclassified/Other,Active,300515
1634,National Company for Umrah Services,الشركة الوطنية لخدمات المعتمرين,Makkah,10010681,1-Star,Active,271715
1635,Jawad Al Haram Hotel,فندق جواد الحرم الفندقية,Makkah,10010916,1-Star,Active,287958
1636,Samama Ajyad Hotel Services Company is a one-perso,شركة سمامة أجياد للخدمات الفندقية شركة شخص واحد,Makkah,10010915,1-Star,Active,289355
1637,ELAF ALKHAIR HOTEL,شركة فندق ايلاف الخير الفندقية,Makkah,10010914,1-Star,Active,287555
1638,Company almudiyat almasia Limited,شركة المضيئة الماسية المحدودة,Makkah,10010938,1-Star,Active,287976
1639,Taif Ltd Company,شركة طيف المحدودة,Makkah,10010972,1-Star,Active,288355
1640,Ishraq Almadain Almukhtalif For Tourist Hostel,نزل اشراق المدائن المختلف للنزل السياحية,Madina,10010971,Unclassified/Other,Active,288275
1641,Mkarem Rose Hotel,فندق مكارم روز,Makkah,10011076,1-Star,Active,289555
1642,Fajr AlRisalah Hotel,مؤسسة فندق فجر الرسالة الفندقية,Makkah,10011112,1-Star,Active,290317
1643,Lamar Al Salam Group For Hotel Apartments,مجموعة لمار السلام للشقق الفندقية,Makkah,10011872,Unclassified/Other,Active,294975
1644,Manzil AlFalak Hotel  Catering Solutions Company,شركة مانزيل ألفلاك هوتيل كاتيرينج سولوشنز,Makkah,10011924,1-Star,Active,294263
1645,ABDULKARIM SAEED ALZAHRANI Establishment,مؤسسة عبدالكريم سعيد الزهراني,Makkah,10011923,Unclassified/Other,Active,293785
1646,Rashad Muhammad Abdul Rahman Naqib Foundation,مؤسسة رشاد محمد عبدالرحمن نقيب التجارية,Makkah,10011922,Unclassified/Other,Active,299752
1647,Al Ahood Al Zahira Establishment Commercial,مؤسسة العهود الزاهرة التجارية,Makkah,10011920,Unclassified/Other,Active,294755
1648,skab alasil Company,شركة سكب الاصيل,Makkah,10011918,1-Star,Active,297717
1649,RAYAN RAJEH ALKABKABI Hostel,نزل ريان راجح الكبكبي للايواء السياحي,Makkah,10011917,Unclassified/Other,Active,293960
1650,funduq arkan albayt jarwal Company Hotel,شركة فندق اركان البيت جرول الفندقية,Makkah,10011916,Unclassified/Other,Active,293836
1651,jawharat aljawar Company Ltd.,شركة جوهرة الجوار المحدودة,Makkah,10011914,Unclassified/Other,Active,293922
1652,tharwat albayt Company To operate hotels,شركة ثروات البيت لتشغيل الفنادق,Makkah,10011913,Unclassified/Other,Active,294998
1653,ABDULAZIZ SUHAIL ALGHAMDI Company,شركة عبدالعزيز سهيل الغامدي,Makkah,10011912,Unclassified/Other,Active,293790
1654,Moro International Apartments and Hotels Company,شركة مورو العالمية للشقق والفنادق شركة شخص واحد,Makkah,10011036,1-Star,Active,289958
1655,Waqf Ebrahim Halawani Alhindi,وقف إبراهيم حلواني بن منشي امير علي حلواني الهندي,Makkah,10011516,Unclassified/Other,Active,292260
1656,Taif Company Limited,شركة طيف المحدودة,Makkah,10011515,1-Star,Active,291616
1657,Maqam Al Riyada Company,شركة مقام الريادة,Makkah,10011514,Unclassified/Other,Active,292755
1658,Shams Al Madinah hostel Co,شركة شمس المدينة المحدودة,Madina,10011512,Unclassified/Other,Active,291755
1659,atzan altasheelat Company Real Estate,شركة اتزان التسهيلات العقارية,Makkah,10011511,Unclassified/Other,Active,292897
1660,manazil asad alawqat Establishment,مؤسسة منازل اسعد الاوقات,Makkah,10011510,Unclassified/Other,Active,292338
1661,SALMAN MOHAMMED ALMEHMADI Hostel For,نزل سلمان بن محمد المحمادي للنزل السياحيه,Makkah,10011509,Unclassified/Other,Active,291486
1662,Abdulrahman Nasser  Alghafis Establishment For,مؤسسة عبدالرحمن ناصر بن علي الغفيص للمقاولات المعمارية العامة,Makkah,10011508,Unclassified/Other,Active,291515
1663,Company Rest Zone,شركة ريست زون,Makkah,10011507,1-Star,Active,292582
1664,ifah Company Ltd.,شركة إيفاه المحدودة,Makkah,10012768,Unclassified/Other,Active,300440
1665,Bright Daffodils Company,شركة برايت دافوديلز,Makkah,10012767,Unclassified/Other,Active,300416
1666,Mohammed Dakhil Allah Al-Arabi Tourist Lodges,مؤسسة محمد دخيل الله العرابي للنزل السياحية,Makkah,10012766,Unclassified/Other,Active,300558
1667,rawdat altawhid Hotel Hotel,فندق روضة التوحيد الفندقية,Makkah,10012765,Unclassified/Other,Active,300411
1668,Tarteebat Establishment For Real Estate,مؤسسة ترتيبات للعقارات,Makkah,10012764,Unclassified/Other,Active,300371
1669,Bawsalat alkiyan Establishment For Public Services,مؤسسة بوصلة الكيان للخدمات العامة,Makkah,10012763,Unclassified/Other,Active,300383
1670,wahat aliqama Apartments,شقق واحة الإقامة,Makkah,10012762,Unclassified/Other,Active,300480
1671,Tal Aljumayza Apartments For Furnished Apartments,شقق تال الجميزة للوحدات السكنية المفروشة,Makkah,10012761,Unclassified/Other,Active,300735
1672,Abdulhakim Ibrahim Abdullah Altuweijri,مؤسسة عبدالحكيم ابراهيم عبدالله التويجري للمقاولات,Makkah,10012760,Unclassified/Other,Active,300435
1673,MANSOUR FURAYJ ALOMAYRI Establishment Commercial,مؤسسة منصور بن فريج العميري التجارية,Makkah,10012759,Unclassified/Other,Active,300399
1674,Alkeram Aljadid Hotel,مؤسسة فندق الكرام الجديد,Madina,10010751,1-Star,Active,258715
1675,afaq al marsa,شركة آفاق المرسى للتشغيل والصيانة ,Madina,10010749,2-Star,Active,258695
1676,COMPANY DIAFA ELGAMMAL LTD,شركة ضيافة الجمال المحدودة,Makkah,10010748,1-Star,Active,269046
1677,Al Sanabel althahabyah Hotel for Hotel Services,فندق السنابل الذهبية للخدمات الفندقيه,Makkah,10009263,1-Star,Active,287975
1678,Hamdhan bin Sulaym Alluhaybi Alharbi charitable,وقف حمدان بن سليم اللهيبي الحربي,Makkah,10011162,1-Star,Active,290255
1679,Jayden Masar Company,شركة جايدن ماسار,Makkah,10011161,1-Star,Active,289976
1680,Alhijaz Almasi Company To operate hotels,شركة الحجاز الماسي لتشغيل الفنادق,Madina,10011160,Unclassified/Other,Active,289876
1681,Regency View Hotel,شركة ريجنسي فيو الفندقية,Madina,10011158,Unclassified/Other,Active,290375
1682,Group For operation and maintenance,مجموعة وليد محمد عزيزالرحمن عزيزالرحمن للتشغيل والصيانة,Makkah,10011871,Unclassified/Other,Active,293488
1683,Hanan Aida Jaber Almutarifi Company,شركة حنان عيضة جابر المطرفي,Makkah,10011870,Unclassified/Other,Active,294123
1684,Hibat company,شركة هبات للمقاولات العامة والصيانة والنظافة والتسويق,Makkah,10011911,Unclassified/Other,Active,293967
1685,skab alasil Company,شركة سكب الاصيل,Makkah,10011910,1-Star,Active,295076
1686,Aala alSaeed Company For Contracting,شركة اعالى الصعيد للمقاولات,Makkah,10011909,Unclassified/Other,Active,294356
1687,Istiqbaal Tawdi Company For transportation,شركة استقبال توديع للنقل,Makkah,10011908,Unclassified/Other,Active,299247
1688,rafahiya sitta Hotel For Tourist Accommodation,فندق رفاهية ستة للايواء السياحي,Makkah,10011907,Unclassified/Other,Active,294326
1689,ALI HAMOUD ALTURAIFI Hostel For tourist lodges,نزل علي حمود الطريفي للنزل السياحيه,Makkah,10011906,Unclassified/Other,Active,293884
1690,ABOLABAN,شركة جمال سامى ابولبن التجارية,Makkah,10011905,Unclassified/Other,Active,294875
1691,Diyafat Al-alam company,شركة ضيافات العالم للاستثمار,Makkah,10011904,Unclassified/Other,Active,293818
1692,kunuz alrahma Establishment Hotel,مؤسسة كنوز الرحمة الفندقية,Makkah,10011903,Unclassified/Other,Active,293820
1693,ADEL AMEEN HAFEZ Company Ltd.,شركة عادل بن امين حافظ المحدودة,Makkah,10011902,Unclassified/Other,Active,293827
1694,COMPANY UNIQUE STAR,شركة يونيك ستار,Makkah,10010661,1-Star,Active,289475
1695,Moro Global Company for Apartments and Hotels,شركة مورو العالمية للشقق والفنادق شركة شخص واحد,Makkah,10010758,1-Star,Active,294320
1696,AlRisala Ajyad Foundation,مؤسسة الرسالة اجياد,Makkah,10010757,1-Star,Active,258975
1697,Karam Al Hejaz Hotel,فندق كرم الحجاز الفندقية,Madina,10002024,Unclassified/Other,Active,258795
1698,Sulaiman Bin Musa Bin Hamad Al Olayan Hotel,فندق سليمان بن موسى بن حمد العليان للضيافة السياحي,Makkah,10011091,1-Star,Active,289435
1699,Namaa Alasryah Hotel Company,شركة نماء العصرية للفنادق,Makkah,10011089,1-Star,Active,289336
1700,Matruk Misfar Alotaibi Altejariyah Establishment,مؤسسة متروك مسفر العتيبي التجاريه,Makkah,10011506,Unclassified/Other,Active,291962
1701,Rayhana alBayt Hotel Hotel,فندق ريحانة البيت الفندقية,Makkah,10011505,Unclassified/Other,Active,291556
1702,Raed Wan Hostel,نزل رائد وان,Madina,10011504,Unclassified/Other,Active,292855
1703,albayda almiamariya Establishment For Contracting,مؤسسة البيضاء المعمارية للمقاولات,Makkah,10011503,Unclassified/Other,Active,291935
1704,alamd alarabi Company Ltd. sharikat shakhs wahid,شركة الامد العربي المحدودة شركة شخص واحد,Makkah,10012758,Unclassified/Other,Active,300397
1705,Naba alIzz Establishment For General Contracting,مؤسسة نبع العز للمقاولات العامة,Makkah,10012756,Unclassified/Other,Active,300396
1706,Faisal Fahd Hamid Alomairi Establishment To operat,مؤسسة فيصل فهد حميد العميرى لتشغيل الفنادق,Makkah,10012755,Unclassified/Other,Active,300398
1707,almasat almashair Company To operate hotels,شركة الماسة المشاعر لتشغيل الفنادق,Makkah,10012754,Unclassified/Other,Active,300457
1708,almasat almashair Company To operate hotels,شركة الماسة المشاعر لتشغيل الفنادق,Makkah,10012753,Unclassified/Other,Active,300428
1709,Ruz Alaziziyah Establishment Commercial,مؤسسة روز العزيزية التجارية,Makkah,10012752,Unclassified/Other,Active,300402
1710,Asas AlAqar Company,شركة اسس العقار,Makkah,10012751,Unclassified/Other,Active,300455
1711,AlDiyafa AlAsriya Company Hotel,شركة الضيافة العصرية الفندقية,Makkah,10012750,Unclassified/Other,Active,300437
1712,arwiqat alsafwa Hotel,فندق أروقة الصفوة,Makkah,10012749,Unclassified/Other,Active,300407
1713,Manarat Jarwal Hotel,شركة منارات جرول الفندقية شركة شخص واحد,Makkah,10011074,1-Star,Active,299620
1714,Abdulrahman Nasser Ali Al-Ghufais General Contract,مؤسسة عبدالرحمن ناصر بن علي الغفيص للمقاولات المعمارية العامة,Makkah,10011266,Unclassified/Other,Active,290896
1715,ELAF AL RAYYAN HOTEL,فندق ايلاف الريان الفندقية شخص واحد,Makkah,10011264,1-Star,Active,290616
1716,Makin Hotel Company,شركة مكين الفندقية,Madina,10011263,1-Star,Active,290495
1717,AL ANSAR PLATINUM Hotel,فندق الانصار بلاتينوم,Madina,10011262,1-Star,Active,290435
1718,nozol alwad,نزل ديار الوعد للنزل السياحيه,Makkah,10011261,1-Star,Active,292375
1719,ADEL HUSSAIN ALQURASHI Hostel For tourist lodges,نزل عادل بن حسين القرشي للنزل السياحيه,Makkah,10011260,Unclassified/Other,Active,290897
1720,ajwa alhatim Company Hotel,شركة أجواء الحطيم الفندقية,Makkah,10011259,Unclassified/Other,Active,290697
1721,ABID EIDHA ALHARTHI Establishment,مؤسسة عابد عيضه الحارثي للخدمات العامة,Makkah,10011869,Unclassified/Other,Active,293825
1722,Bayt Salsabeel For Hotel Services Company,شركة بيت سلسبيل للخدمات الفندقيه,Madina,10011868,1-Star,Active,295015
1723,Moro Company Global lilshqq walfanadiq sharikat sh,شركة مورو العالمية للشقق والفنادق شركة شخص واحد,Makkah,10011901,Unclassified/Other,Active,293882
1724,ajnihat almashair Company Ltd.,شركة اجنحة المشاعر المحدودة,Makkah,10011900,1-Star,Active,294040
1725,MUTEB AWWADHAH ALSULAMI Hostel For tourist lodges,نزل متعب عواضه السلمى للنزل السياحيه,Makkah,10011899,Unclassified/Other,Active,293941
1726,Al Ayam Ajyad Hotel Company for Tourism and Hospit,شركة فندق الأيام اجياد للضيافة السياحي,Makkah,10011898,1-Star,Active,296017
1727,Moro Company Global lilshqq walfanadiq sharikat sh,شركة مورو العالمية للشقق والفنادق شركة شخص واحد,Makkah,10011897,Unclassified/Other,Active,293920
1728,rakaiz albunyan Establishment Real Estate,مؤسسة ركائز البنيان العقارية,Makkah,10011896,Unclassified/Other,Active,293787
1729,Moro Company Global lilshqq walfanadiq sharikat sh,شركة مورو العالمية للشقق والفنادق شركة شخص واحد,Makkah,10011895,Unclassified/Other,Active,293939
1730,Albadia Zaman Restaurant For Meals,مطعم البادية زمان لتقديم الوجبات,Makkah,10011894,Unclassified/Other,Active,296095
1731,Mohammed bin Riyal bin Mohammed Sadhan Hotel Opera,مؤسسة محمد بن ريال بن محمد صادهان لتشغيل الفنادق,Makkah,10011893,Unclassified/Other,Active,293795
1732,Hazm almawani Establishment,مؤسسة حزم الموانئ,Makkah,10011892,Unclassified/Other,Active,293800
1733,qimam alsaqi Company Hotel,شركة قمم الساقي الفندقية,Makkah,10012991,1-Star,Active,301935
1734,MOHAMMAD SALEH ROZZA Company,شركة محمد بن صالح رزه,Makkah,10012320,Unclassified/Other,Active,299248
1735,alBuhayrat alDawliyah Establishment,مؤسسة البحيرات الدولية للمقاولات العامة,Makkah,10012319,Unclassified/Other,Active,297835
1736,MUTEB AWWADHAH ALSULAMI Hostel For tourist lodges,نزل متعب عواضه السلمى للنزل السياحيه,Makkah,10012318,Unclassified/Other,Active,298235
1737,nazilin al tijariya shakhs wahid Company,شركة نازلين التجارية شخص واحد,Makkah,10012317,Unclassified/Other,Active,297855
1738,dar al tayib kadi Hotel Hotel,فندق دار الطيب كدي الفندقية,Makkah,10012316,Unclassified/Other,Active,298095
1739,AHMAD ABDULFATTAH MOUSA Establishment,مؤسسة احمد عبدالفتاح موسى,Makkah,10012314,Unclassified/Other,Active,298415
1740,alRaqi Establishment For Architectural Contracting,مؤسسة الراقي للمقاولات المعمارية,Makkah,10012313,Unclassified/Other,Active,299336
1741,Matouq Mohammed Noor Ahmed Sindi Contracting Esta,مؤسسة معتوق محمدنور احمد سندى للمقاولات,Makkah,10012312,Unclassified/Other,Active,298315
1742,yaqub bayk alqawqandi charitable trust,وقف يعقوب بيك القوقندي,Makkah,10012311,Unclassified/Other,Active,299759
1743,SOLAIMAN SAFI SARRAJ Hostel For tourist lodges,نزل سليمان صافي سراج للنزل السياحيه,Makkah,10012310,Unclassified/Other,Active,298015
1744,Establishment AHMAD MOHAMED BEN MOHAMED ALWAHIDI C,مؤسسة أحمد محمد بن محمد الواحدي التجارية,Makkah,10012482,Unclassified/Other,Active,299498
1745,KHALAF GHAZI ALISMAIL Hostel For tourist lodges,نزل خلف غازي السماعيل للنزل السياحيه,Makkah,10012490,Unclassified/Other,Active,299457
1746,ABDULLAH ODAH ALMOHLBDI Hostel For tourist lodges,نزل عبدالله عوده المحلبدي للنزل السياحيه,Makkah,10012481,Unclassified/Other,Active,299622
1747,Burj alKhayr Company For Property Management,شركة برج الخير لادارة الأملاك,Makkah,10012480,Unclassified/Other,Active,299741
1748,Burj alKhayr Company For Property Management,شركة برج الخير لادارة الأملاك,Makkah,10012479,Unclassified/Other,Active,299715
1749,Mohammed bin Abdo bin Mohammed Al-Asiri Establishm,مؤسسة محمد بن عبده بن محمد العسيري للمواد الغذائية,Makkah,10012478,Unclassified/Other,Active,299626
1750,almanzuma alwahida Company,شركة المنظومة الواحدة للمقاولات المعمارية شخص واحد,Makkah,10012477,1-Star,Active,299979
1751,Musaed Bin Hussein Bin Khaishan Al-Omairi Contract,مؤسسة مساعد بن حسين بن خيشان العميري للمقاولات,Makkah,10012489,Unclassified/Other,Active,299595
1752,Afwaj alBayt Establishment For Umrah Services,مؤسسة افواج البيت لخدمات المعتمرين,Makkah,10012476,Unclassified/Other,Active,299795
1753,nur manazil alkaram Hotel Hotel,فندق نور منازل الكرام الفندقية,Makkah,10012474,Unclassified/Other,Active,299456
1754,Al Hijaz Al Mubaraka Establishment,مؤسسة الحجاز المباركة,Madina,10012309,1-Star,Active,301655
1755,Diyafat Al-alam company,شركة ضيافات العالم للاستثمار,Makkah,10012308,Unclassified/Other,Active,297895
1756,ABDULLAH SULIMAN MASHAT Establishment,مؤسسة عبدالله سليمان مشاط,Makkah,10012628,Unclassified/Other,Active,300901
1757,Saraya Al Naseem Hostel,نزل سرايا النسيم,Makkah,10012627,Unclassified/Other,Active,301378
1758,Muwaffaq Abdulhai Muhammad Amira General Contracti,مؤسسة موفق بن عبدالحى بن محمد عميره للمقاولات العامة,Makkah,10012625,Unclassified/Other,Active,300266
1759,almas agha waqf,وقف الماس اغا,Makkah,10012624,Unclassified/Other,Active,300236
1760,asfour alaqleemiya Company for Hotel services,شركة عصفور الاقليمية للخدمات الفندقية,Makkah,10012623,1-Star,Active,300317
1761,MUSTAFA HAMID ASHOUR Hotel,فندق مصطفى بن حامد عاشور,Makkah,10012622,Unclassified/Other,Active,300275
1762,Ward AlTanmawiyya Establishment Hotel,مؤسسة ورد التنموية الفندقية,Makkah,10012621,Unclassified/Other,Active,301135
1763,Asfar alhijaz alealamia Company For investment,شركة أسفار الحجاز العالمية للاستثمار,Makkah,10012473,Unclassified/Other,Active,299797
1764,Durat alTawhid Hotel For Tourist Accommodation,فندق درة التوحيد للايواء السياحي,Makkah,10012472,Unclassified/Other,Active,299618
1765,ISRAA MOON GLOBAL Company,شركة إسراء مون غلوبال,Makkah,10012471,Unclassified/Other,Active,299675
1766,muhammad ali hamid ghafuri Establishment,مؤسسة محمد علي حامد غفوري,Makkah,10012470,Unclassified/Other,Active,299704
1767,Anwar Al Salah Company Ltd.,شركة انوار الصلاح المحدودة,Makkah,10012469,1-Star,Active,300358
1768,Oyoun Al Taj International Company LTD,شركة عيون التاج الدولية المحدودة,Makkah,10012467,Unclassified/Other,Active,299742
1769,Yasser Mutair AlFahmi General Contracting Establi,مؤسسة ياسر مطير الفهمي للمقاولات عامة,Makkah,10012466,Unclassified/Other,Active,299635
1770,ABDULLAH ATIAH AZIZ ALZAHRANI Company,شركة عبدالله عطيه عزيز الزهراني للخدمات العامة,Makkah,10012475,Unclassified/Other,Active,299623
1771,aknan alsafa Company Hotel,شركة اكنان الصفا الفندقية,Makkah,10012465,Unclassified/Other,Active,299768
1772,Ithar Al Safwa Travel and Tourism Establishment Ho,مؤسسة ايثار الصفوة للسفر و السياحة,Makkah,10012464,Unclassified/Other,Active,299621
1773,isa muhammad ibrahim rawas charitable trust,وقف عيسى محمد ابراهيم رواس,Makkah,10012907,Unclassified/Other,Active,301975
1774,Sunaa Alnajah Hostel For tourist lodges,نزل صناع النجاح للنزل السياحيه,Makkah,10012906,Unclassified/Other,Active,301075
1775,Sunaa Alnajah Hostel For tourist lodges,نزل صناع النجاح للنزل السياحيه,Makkah,10012905,Unclassified/Other,Active,301716
1776,Fuhaydalbunyani Establishment Commercial,مؤسسة فهيدالبنياني التجارية,Makkah,10012904,Unclassified/Other,Active,301217
1777,Abdullah Abdulkarim Al Othaim Al Muttahida Hotel,فندق عبدالله عبدالكريم العثيم المتحدة,Makkah,10012903,Unclassified/Other,Active,301196
1778,Ahd Saad bin Musaad Alharithi Establishment,مؤسسة عهد سعد بن مساعد الحارثي لتشغيل الفنادق,Makkah,10012901,Unclassified/Other,Active,301055
1779,Hilm Company For Travel and tourism,شركة حلم للسفر و السياحة شركة شخص واحد,Makkah,10012900,Unclassified/Other,Active,301056
1780,manarat jarul Company Hotel sharikat shakhs wahid,شركة منارات جرول الفندقية شركة شخص واحد,Makkah,10012899,1-Star,Active,301201
1781,Mohammad Aref Sheikh Omar wa Zawjatuhu Karima char,وقف محمد عارف شيخ عمر وزوجته كريمة,Makkah,10012898,Unclassified/Other,Active,301222
1782,altur 5 Company,شركة الطور 5,Makkah,10012897,Unclassified/Other,Active,301076
1783,awtar alfn Company To operate hotels,شركة أوتار الفن لتشغيل الفنادق,Makkah,10012620,Unclassified/Other,Active,300095
1784,Snood Company Hotel sharikat musahama muqfala,شركة سنود الفندقية شركة مساهمة مقفلة,Makkah,10012619,Unclassified/Other,Active,300035
1785,amal almashair Establishment To operate hotels,مؤسسة أمل المشاعر لتشغيل الفنادق,Makkah,10012618,Unclassified/Other,Active,300270
1786,OSAMA AHMAD M ALBOURAE Hostel,نزل اسامه بن احمد بن محمد بارحيم البرعى,Makkah,10012616,Unclassified/Other,Active,300415
1787,Nozhat Al-Mushtaq Hotel Company,شركة نزهة المشتاق الفندقية شخص واحد,Makkah,10012615,Unclassified/Other,Active,300265
1788,Mansour Abdulaziz Saud Al-Dughaither Hotel,فندق منصور عبدالعزيز سعود الدغيثر الفندقية,Makkah,10012660,Unclassified/Other,Active,300297
1789,"Al-Saqr International Trading, Industry and Invest",شركة الصقر العالمية للتجارة والصناعة والاستثمار المحدودة,Makkah,10012659,Unclassified/Other,Active,301575
1790,HUSSAIN ALI M ALHAYYAN Hostel,نزل حسين علي محمد الحيان,Makkah,10012658,Unclassified/Other,Active,300695
1791,TURKI MOHAMMED ALMUQATI Establishment Holding,مؤسسة تركى محمد المقاطى القابضة,Makkah,10012657,Unclassified/Other,Active,300337
1792,Diyar Al Rayan Hotel Hotel,فندق ديار الريان الفندقية,Makkah,10012463,Unclassified/Other,Active,299778
1793,alamir abd alahad amir bokhari charitable trust,وقف الأمير عبد الأحد أمير بخارى,Makkah,10012462,Unclassified/Other,Active,299616
1794,subl alhayat alkhaleejia Company For Contracting,شركة سبل الحياة الخليجية للمقاولات,Makkah,10012461,Unclassified/Other,Active,299374
1795,Yaqzan Saleh Al-Jabri Tourist Hospitality Inn,نزل يقظان صالح الجابري للضيافة السياحي,Makkah,10012460,Unclassified/Other,Active,300857
1796,Maatouk Mohammed Noor Ahmed Sandi Contracting Esta,مؤسسة معتوق محمدنور احمد سندى للمقاولات,Makkah,10012458,Unclassified/Other,Active,299740
1797,ISMAIL FALLATAH HOSTEL,مؤسسة محمد اسماعيل على فلاته الفندقية,Makkah,10012457,Unclassified/Other,Active,299769
1798,mabna aldar albayda Establishment,مؤسسة مبنى الدار البيضاء,Makkah,10012456,Unclassified/Other,Active,299435
1799,Nazal Nawaf Abdulaziz bin Abdullah Al-Essa,نزل نواف عبدالعزيز بن عبدالله العيسى,Makkah,10012455,Unclassified/Other,Active,299475
1800,M A B H Establishment,مؤسسة إم إيه بي إتش,Makkah,10012454,Unclassified/Other,Active,299625
1801,Muhamis Shumukh Alkeif Company For coffee,شركة محامص شموخ الكيف للقهوة,Makkah,10012453,Unclassified/Other,Active,299697
1802,alhulul alasriyah Office For Real Estate Services,مكتب الحلول العصرية للخدمات العقارية,Makkah,10012896,Unclassified/Other,Active,301115
1803,Murjanat Alhijaz Hotel Hotel,فندق مرجانة الحجاز الفندقية,Makkah,10012908,1-Star,Active,301435
1804,ABDULRAHMAN ABDULRAHIM BAWZEER Establishment,مؤسسة عبدالرحمن بن عبدالرحيم باوزير,Makkah,10012889,Unclassified/Other,Active,301095
1805,alfrsan aldhhbyh Company To operate hotels,شركة الفرسان الذهبيه لتشغيل الفنادق,Makkah,10012596,Unclassified/Other,Active,299702
1806,MANSOUR FURAYJ ALOMAYRI Establishment Commercial,مؤسسة منصور بن فريج العميري التجارية,Makkah,10012594,Unclassified/Other,Active,299879
1807,imad alaziziya Company Commercial,شركة عماد العزيزية التجارية,Makkah,10012593,Unclassified/Other,Active,299976
1808,HELAL,مؤسسة هلال حاسن بن حمدان القشمري التجارية,Makkah,10012592,Unclassified/Other,Active,299996
1809,aljawahir alnabiyla Center,مركز الجواهر النبيلة,Makkah,10012591,Unclassified/Other,Active,299835
1810,ghayth sitar Establishment,مؤسسة غيث ستار,Makkah,10012590,Unclassified/Other,Active,300221
1811,diar albnna Establishment Commercial,مؤسسة ديار البناء التجارية,Makkah,10012598,Unclassified/Other,Active,300279
1812,dar saqifah Establishment,مؤسسة دار سقيفة,Makkah,10012597,Unclassified/Other,Active,299754
1813,AHMED MOHAMMEDFARUQ ALANA Establishment,مؤسسة احمد محمدفاروق الانا,Makkah,10012589,Unclassified/Other,Active,300245
1814,ALI ABDULLAH BAATIYYAH Establishment Hotel,مؤسسة على عبدالله باعطيه الفندقية,Makkah,10012655,Unclassified/Other,Active,300301
1815,SULAIMAN ABDULLAH ALMEKHLEF Establishment,مؤسسة سليمان بن عبدالله المخلف,Makkah,10012654,Unclassified/Other,Active,300230
1816,Omar Bin Mohammed AlAmro Establishment,مؤسسة عمر بن محمد العمرو ا التجارية,Makkah,10012653,Unclassified/Other,Active,300224
1817,alkhaymah Company To operate hotels,شركة الخيمة لتشغيل الفنادق,Makkah,10012652,Unclassified/Other,Active,300237
1818,saadat aldaryn Establishment,مؤسسة سعادة الدارين,Makkah,10012651,Unclassified/Other,Active,300390
1819,alruh alhurra Company Hotel,شركة الروح الحرة الفندقية,Makkah,10012649,Unclassified/Other,Active,300268
1820,funduq alsaqriyah Company Hotel,شركة فندق الصقرية الفندقية,Makkah,10012648,1-Star,Active,300231
1821,alRisalah alJawar Hotel For Hotel Services,فندق الرسالة الجوار للخدمات الفندقيه,Makkah,10012647,Unclassified/Other,Active,300263
1822,wahat aliqama Apartments,شقق واحة الإقامة,Makkah,10012645,Unclassified/Other,Active,300271
1823,Rafia Badi Faleh AlJahmi,مؤسسة رفيعه بديع فالح الجهمي للصيانة والنظافة,Makkah,10012452,Unclassified/Other,Active,299619
1824,Establishment For Hotel Services,مؤسسة تميز الصفوة للخدمات الفندقيه,Makkah,10012459,Unclassified/Other,Active,299743
1825,aljud walsalam Hostel For tourist lodges,نزل الجود والسلام للنزل السياحيه,Makkah,10012451,Unclassified/Other,Active,299631
1826,masar almiawiya Establishment Commercial,مؤسسة مسار المئوية التجارية,Makkah,10012450,Unclassified/Other,Active,299371
1827,masar almiawiya Establishment Commercial,مؤسسة مسار المئوية التجارية,Makkah,10012449,Unclassified/Other,Active,299397
1828,aljaber alkhadamat aldawliyah Company Ltd.,شركة الجابر الخدمات الدولية المحدودة,Makkah,10012448,Unclassified/Other,Active,299366
1829,alfrsan aldhhbyh Company To operate hotels,شركة الفرسان الذهبيه لتشغيل الفنادق,Makkah,10012447,Unclassified/Other,Active,299497
1830,Husayn Tahir Fayumi charitable trust,وقف حسين طاهر فيومي,Makkah,10012950,Unclassified/Other,Active,301337
1831,HELAL,مؤسسة هلال حاسن بن حمدان القشمري التجارية,Makkah,10012949,Unclassified/Other,Active,301317
1832,muhammad ali bin mulla isa charitable trust,وقف محمد علي بن ملا عيسى,Makkah,10012948,Unclassified/Other,Active,301535
1833,Qalat AlTanfeez Establishment For Contracting,مؤسسة قلعة التنفيذ للمقاولات,Makkah,10012886,Unclassified/Other,Active,301077
1834,OMAR MAHMOUD ALMALKI Establishment Commercial,مؤسسة عمر محمود المالكى التجارية,Makkah,10012885,Unclassified/Other,Active,301116
1835,alriyada alalamia Company For Travel and tourism,شركة الريادة العالمية للسفر و السياحة,Makkah,10011143,1-Star,Active,289776
1836,qasr alkadi Hotel Hotel,فندق قصر الكادي الفندقية,Makkah,10011141,1-Star,Active,289755
1837,akhyar almahbas Company Hotel,شركة أخيار المحبس الفندقية,Makkah,10011140,1-Star,Active,290815
1838,Aatif Alhaditha Establishment Commercial,مؤسسة عاطف الحديثة التجارية,Makkah,10012588,Unclassified/Other,Active,300015
1839,masar almiawiya Establishment Commercial,مؤسسة مسار المئوية التجارية,Makkah,10012587,Unclassified/Other,Active,300401
1840,Barakat AlMakkiyya Establishment For Trips,مؤسسة بركة المكية لتنظيم الرحلات,Makkah,10012586,Unclassified/Other,Active,300273
1841,Shali Residence Serviced Apartments,شقق شالي ريزيدنس للشقق المخدومة,Makkah,10012585,Unclassified/Other,Active,299877
1842,Barakat AlMakkiyya Establishment For Trips,مؤسسة بركة المكية لتنظيم الرحلات,Makkah,10012584,Unclassified/Other,Active,299998
1843,almudhia almasiya Company Ltd.,شركة المضيئة الماسية المحدودة,Makkah,10012580,1-Star,Active,300240
1844,SUL10 Company,شركة سول10,Makkah,10012579,Unclassified/Other,Active,299755
1845,ABDULAZIZ HAMED H ALQURASHI,مؤسسة عبدالعزيز حامد بن حميد القرشي للمقاولات المعمارية,Makkah,10013023,1-Star,Active,302155
1846,Moro Company Global lilshqq walfanadiq sharikat sh,شركة مورو العالمية للشقق والفنادق شركة شخص واحد,Makkah,10013019,1-Star,Active,302295
1847,Noor AlSalam AlMuttahida Company Commercial,شركة نور السلام المتحدة التجارية,Makkah,10013018,1-Star,Active,302215
1848,HOTEL JUWANAA ALHIJRAH HOTES,فندق جوانا الهجرة الفندقية,Makkah,10013030,1-Star,Active,302555
1849,Moro Company Global lilshqq walfanadiq sharikat sh,شركة مورو العالمية للشقق والفنادق شركة شخص واحد,Makkah,10013043,1-Star,Active,302475
1850,Raed Wan Hostel,نزل رائد وان,Madina,10013092,Unclassified/Other,Active,302655
1851,P C MADINA Company,شركة بي سي مادينا,Madina,10012976,Unclassified/Other,Active,301875
1852,jawana alhijra Hotel Hotel,فندق جوانا الهجرة الفندقية,Makkah,10013070,1-Star,Active,302556
1853,asmak albasmah Company,شركة أسماك البسمة,Makkah,10013103,1-Star,Active,302717
1854,Sarh Al Ihsan Company,شركة صرح الإحسان,Makkah,10012964,1-Star,Active,302315
1855,almasat almashair Company To operate hotels,شركة الماسة المشاعر لتشغيل الفنادق,Makkah,10012962,1-Star,Active,301515
1856,AL FAYROZ SHATTA HOTEL,فندق الفيروز شطة,Madina,10002451,Code 10,Active,235743
1857,Al Fayrouz Shatta Hotel Company,شركة فندق الفيروز شطة الفندقية,Madina,10002451,Unclassified/Other,Active,301555
1858,riyadat alamakin Company For investment,شركة ريادة الأماكن للاستثمار,Makkah,10013126,1-Star,Active,302715
1859,Sharif Mansour bin Saleh bin Mohammed Abu Riyash E,نزل أوقاف الشريف منصور بن صالح بن محمد أبو رياش للضيافة السياحي,Makkah,10012578,Unclassified/Other,Active,299799
1860,Fadl alKhayr Company Hotel,شركة فضل الخير الفندقية,Makkah,10012577,Unclassified/Other,Active,299745
1861,Endowments Of Bhopal ligament,وقف اربطة بهوبال,Makkah,10012576,Unclassified/Other,Active,300377
1862,The Muhammad Uthman Al-Mujallad Malibari Foundatio,مؤسسة محمد عثمان المجلد مليباري وبكر محي الدين علوي مليباري ومحمد احمد بكر مليباري,Makkah,10012575,Unclassified/Other,Active,299777
1863,sadaf alkhayr Company for Hotel services,شركة صدف الخير للخدمات الفندقية,Makkah,10012574,Unclassified/Other,Active,299779
1864,MASHHOUR FAISAL ALSHARIF Hostel,نزل مشهور فيصل الشريف,Makkah,10012573,Unclassified/Other,Active,300620
1865,"Lamset Diaa Al Mustaqbal Trading Company, a single",نزل لمسة ضياء المستقبل التجارية شخص واحد قابضة,Makkah,10012572,Unclassified/Other,Active,299915
1866,EBRAHEM SAUD ALHALAF Hostel,نزل ابراهيم سعود الحلاف,Makkah,10012571,Unclassified/Other,Active,299760
1867,HASHEM ABDULLAH BAZ Hostel,نزل هاشم بن عبدالله باز,Makkah,10012583,Unclassified/Other,Active,300835
1868,kunuz alkhayal Establishment,مؤسسة كنوز الخيال,Makkah,10012570,Unclassified/Other,Active,300284
1869,wardat alasil Hotel For Hotel Services,فندق وردة الأصيل للخدمات الفندقيه,Makkah,10013145,1-Star,Active,302775
1870,luluat almishal Hotel For Tourist Accommodation,فندق لؤلؤة المشعل للايواء السياحي,Makkah,10013140,Unclassified/Other,Active,302755
1871,Ambassadors of Reconstruction Foundation for Gener,مؤسسة سفراء الاعمار للمقاولات العامة,Makkah,10011931,Unclassified/Other,Active,294976
1872,Sidan alaamal Company Ltd.,شركة سدن الأعمال المحدودة,Makkah,10011929,Unclassified/Other,Active,293788
1873,Establishment For laundry,مؤسسة راكان راجح ضيف الله الكبكبي لغسيل الملابس,Makkah,10011928,Unclassified/Other,Active,294039
1874,almanar Agency For Trips,وكالة المنار لتنظيم الرحلات,Makkah,10011926,Unclassified/Other,Active,293877
1875,riyadat alamakin Company For investment,شركة ريادة الأماكن للاستثمار,Makkah,10012969,1-Star,Active,301955
1876,Mazen Nweir Ambarik Alhudhali Establishment,مؤسسة مازن نوير امبيريك الهذلى لخدمات السيارات,Makkah,10012569,Unclassified/Other,Active,299801
1877,Invictus Construction Company,شركة إنفيكتوس كونستراكشن,Makkah,10012581,Unclassified/Other,Active,299977
1878,alfrsan aldhhbyh Company To operate hotels,شركة الفرسان الذهبيه لتشغيل الفنادق,Makkah,10012562,Unclassified/Other,Active,299758
1879,Asala Alhijaz Establishment Hotel,مؤسسة أصالة الحجاز الفندقية,Makkah,10012568,Unclassified/Other,Active,299936
1880,Diyafat Alalam,شركة ضيافات العالم للاستثمار,Makkah,10012561,Unclassified/Other,Active,299765
1881,kunuz makka Company Ltd.,شركة كنوز مكة المحدودة,Makkah,10012567,Unclassified/Other,Active,299975
1882,Najmat Alnuzhah Alula Hotel For Hotel Apartments,فندق نجمة النزهة الأولى للشقق الفندقية,Makkah,10012566,Unclassified/Other,Active,299999
1883,SAAD SULAIMAN ALHEMAYED Establishment Commercial,مؤسسة سعد بن سليمان الحميد التجارية,Makkah,10012565,Unclassified/Other,Active,299980
1884,AHMED ALI ALBLEWI Hostel For tourist lodges,نزل احمد علي البلوي للنزل السياحيه,Makkah,10012560,Unclassified/Other,Active,299800
1885,Burj alKhayr Company For Property Management,شركة برج الخير لادارة الأملاك,Makkah,10012559,Unclassified/Other,Active,299788
1886,Establishment AL FANNOUN IBAD For Trading,مؤسسة الفنون ابعاد للتجارة,Makkah,10012445,Unclassified/Other,Active,299343
1887,rukn almashair aldhahabiya Company For Real Estate,شركة ركن المشاعر الذهبية للعقارات,Makkah,10012444,Unclassified/Other,Active,299275
1888,Bassel Omar Mubarak Baarmah Limited,مؤسسة باسل عمر مبارك باعارمه المحدودة,Makkah,10012443,Unclassified/Other,Active,299368
1889,Basel Omar Mubarak Ba'armah Limited,مؤسسة باسل عمر مبارك باعارمه المحدودة,Makkah,10012442,Unclassified/Other,Active,299340
1890,waqar almadinah Company,شركة وقار المدينة,Madina,10012441,1-Star,Active,299341
1891,alkhaymah Company To operate hotels,شركة الخيمة لتشغيل الفنادق,Makkah,10012440,1-Star,Active,299655
1892,Anwar Almarjan Company Ltd.,شركة أنوار المرجان المحدودة,Makkah,10012446,Unclassified/Other,Active,299347
1893,Asil Ajiad Hotel For Tourist Accommodation,فندق أسيل أجياد للايواء السياحي,Makkah,10012439,Unclassified/Other,Active,299701
1894,Alnuzhah althaniyah Hotel For Hotel Apartments,فندق النزهة الثانية للشقق الفندقية,Makkah,10012438,Unclassified/Other,Active,299878
1895,AlDiyafa AlHijaziyya Establishment,مؤسسة الضيافة الحجازية للتطوير والاستثمار العقاري,Makkah,10012437,Unclassified/Other,Active,299372
1896,Mkarem Rose Hotel,فندق مكارم روز,Makkah,10013062,1-Star,Active,302675
1897,Shaza Al-Wissam Hotel Establishment,مؤسسة فندق شذي الوسام الفندقية,Makkah,10013061,1-Star,Active,302575
1898,Wadam Company for Hotel services,شركة ودام للخدمات الفندقية,Makkah,10012558,Unclassified/Other,Active,299700
1899,Wadam Company for Hotel services,شركة ودام للخدمات الفندقية,Makkah,10012557,Unclassified/Other,Active,299750
1900,Yazan Farid bin Badri Assas Office For Real Estate,مكتب يزن فريد بن بدري عساس للعقارات,Makkah,10012556,Unclassified/Other,Active,299896
1901,SAWAED AL KHAIR,شركة سواعد الخير للاستثمار,Makkah,10012564,Unclassified/Other,Active,300299
1902,indimaj ruya Company,شركة إندماج رؤيا,Makkah,10012555,Unclassified/Other,Active,300258
1903,ADEL ALIJAMAL ALZMAZAMI Establishment,مؤسسة عادل على جمال الزمزمي,Makkah,10012554,Unclassified/Other,Active,299897
1904,Jawharat alMuna Establishment For Contracting,مؤسسة جوهرة المنى للمقاولات,Makkah,10012563,Unclassified/Other,Active,299875
1905,Fadl alKhayr Company Hotel,شركة فضل الخير الفندقية,Makkah,10012549,Unclassified/Other,Active,299748
1906,layma almasi Establishment,مؤسسة ليمة الماسي,Makkah,10012548,Unclassified/Other,Active,299898
1907,Burj alKhayr Company For Property Management,شركة برج الخير لادارة الأملاك,Makkah,10012547,Unclassified/Other,Active,299767
1908,SAAD SULAIMAN ALHEMAYED Establishment Commercial,مؤسسة سعد بن سليمان الحميد التجارية,Makkah,10012436,Unclassified/Other,Active,299699
1909,SAAD SULAIMAN ALHEMAYED Establishment Commercial,مؤسسة سعد بن سليمان الحميد التجارية,Makkah,10012435,Unclassified/Other,Active,299355
1910,Burj alKhayr Company For Property Management,شركة برج الخير لادارة الأملاك,Makkah,10012434,Unclassified/Other,Active,299737
1911,najoud abdo bin mohammed samili trading establishm,مؤسسة نجود عبده بن محمد صميلي التجارية,Makkah,10012433,Unclassified/Other,Active,299338
1912,ABDULAZIZ SUHAIL ALGHAMDI Company,شركة عبدالعزيز سهيل الغامدي,Makkah,10012432,Unclassified/Other,Active,299395
1913,rukn almashair aldhahabiya Company For Real Estate,شركة ركن المشاعر الذهبية للعقارات,Makkah,10012430,Unclassified/Other,Active,299364
1914,iklil aldiyafa Company To operate hotels,شركة إكليل الضيافة لتشغيل الفنادق,Makkah,10012429,Unclassified/Other,Active,299240
1915,ADEL AMEEN HAFEZ Company Ltd,شركة عادل بن امين حافظ المحدودة,Makkah,10012428,Unclassified/Other,Active,300476
1916,Establishment For laundry,مؤسسة راكان راجح ضيف الله الكبكبي لغسيل الملابس,Makkah,10012427,Unclassified/Other,Active,299243
1917,funduq mubarak almajid Company For Hotel Services,شركة فندق مبارك الماجد للخدمات الفندقيه,Makkah,10012426,Unclassified/Other,Active,299762
1918,luluat almishal Hotel For Tourist Accommodation,فندق لؤلؤة المشعل للايواء السياحي,Makkah,10013002,1-Star,Active,302495
1919,Manazil Alhijra Establishment Hotel,مؤسسة منازل الهجرة الفندقية,Makkah,10012999,1-Star,Active,302135
1920,Asala Alhijaz Establishment Hotel,مؤسسة أصالة الحجاز الفندقية,Makkah,10012553,Unclassified/Other,Active,299782
1921,AHMED MUSAED ALGHAMDI Hostel,نزل احمد بن مساعد الغامدي,Makkah,10012546,Unclassified/Other,Active,299766
1922,MEEZAB ALMASHAER HOTEL,شركة ميزاب الفندقية شركة شخص واحد,Makkah,10012552,1-Star,Active,300370
1923,HUDA,مكتبة هدى السيد عبدربه عبدالعزيز للقرطاسية,Makkah,10012545,Unclassified/Other,Active,301595
1924,alqimma alfunduqiya Company Ltd.,شركة القمة الفندقية المحدودة,Makkah,10012544,Unclassified/Other,Active,299876
1925,Rizwan Al Khaleej Establishment For Contracting,مؤسسة رضوان الخليج للمقاولات,Makkah,10012543,Unclassified/Other,Active,300256
1926,AYMAN KAMIL,مكتب دور التميز العقاري,Makkah,10012542,Unclassified/Other,Active,300075
1927,Burj alKhayr Company For Property Management,شركة برج الخير لادارة الأملاك,Makkah,10012551,Unclassified/Other,Active,299785
1928,MOHAMMED IBRAHEM ASAAD Establishment,مؤسسة محمد ابراهيم اسعد,Makkah,10012541,Unclassified/Other,Active,299978
1929,Snood Company Hotel sharikat musahama muqfala,شركة سنود الفندقية شركة مساهمة مقفلة,Makkah,10012540,Unclassified/Other,Active,300001
1930,HOTEL PALCS ALOLAYAN,فندق قصر العليان للشقق الفندقية,Makkah,10012425,Unclassified/Other,Active,299575
1931,SALIM MOHAMMADALI ALQURASHI,مؤسسة سليم بن محمدعلي القرشي للنزل السياحيه,Makkah,10012424,Unclassified/Other,Active,299369
1932,Snood Company Hotel sharikat musahama muqfala,شركة سنود الفندقية شركة مساهمة مقفلة,Makkah,10012431,Unclassified/Other,Active,299698
1933,Isa Barkout Ahmed Al Salami Establishment Commerci,مؤسسة عيسى بركوت احمد السلامي التجارية,Makkah,10012423,Unclassified/Other,Active,300368
1934,ayam alasil Hostel For tourist lodges,نزل أيام الاصيل للنزل السياحيه,Makkah,10012422,Unclassified/Other,Active,299365
1935,Manar AlTawhid 2 Hotel Hotel,فندق منار التوحيد اثنين الفندقية,Makkah,10012421,Unclassified/Other,Active,299359
1936,hudu alhijaz Hotel,فندق هدوء الحجاز,Makkah,10012420,Unclassified/Other,Active,299358
1937,"Lamset Diaa Al Mustaqbal Trading Company, a single",نزل لمسة ضياء المستقبل التجارية شخص واحد قابضة,Makkah,10012419,Unclassified/Other,Active,299344
1938,mohammed shreem,مؤسسة محمد عبدالقادر شريم التجارية,Makkah,10012418,Unclassified/Other,Active,299256
1939,MUTEB AWWADHAH ALSULAMI Hostel For tourist lodges,نزل متعب عواضه السلمى للنزل السياحيه,Makkah,10012415,Unclassified/Other,Active,299373
1940,SIRAJ AYIDH ALNIFAYEI Hostel,نزل سراج عايض النفيعى للضيافة السياحي,Makkah,10012539,Unclassified/Other,Active,300403
1941,manabia alufuq Establishment,مؤسسة منابع الأفق,Makkah,10012550,Unclassified/Other,Active,299899
1942,Fahad Ahmed Ismail Childrens Toys Establishment,مؤسسة فهد بن احمد بن احمد اسماعيل لالعاب الأطفال,Makkah,10012538,Unclassified/Other,Active,299703
1943,AHMED MOHAMMEDFARUQ ALANA Establishment,مؤسسة احمد محمدفاروق الانا,Makkah,10012537,Unclassified/Other,Active,299935
1944,Shumukh alJibal Establishment Hotel,مؤسسة شموخ الجبال الفندقية,Makkah,10012529,Unclassified/Other,Active,299784
1945,Manar AlTawhid TWO Hotel,فندق منار التوحيد اثنين الفندقية,Makkah,10012536,Unclassified/Other,Active,299775
1946,Motahar Abdullah Motahar Alamoudi Hostel,نزل مطهر عبدالله مطهر العمودي,Makkah,10012535,Unclassified/Other,Active,299815
1947,Zayed Al Khair Establishment For Contracting,مؤسسة زايد الخير للمقاولات,Makkah,10012534,Unclassified/Other,Active,299753
1948,MUTEB AWWADHAH ALSULAMI Hostel For tourist lodges,نزل متعب عواضه السلمى للنزل السياحيه,Makkah,10012528,Unclassified/Other,Active,299855
1949,alajyal Exhibition For Cars,معرض الاجيال للسيارات,Makkah,10012533,Unclassified/Other,Active,299756
1950,alkhaymah Company To operate hotels,شركة الخيمة لتشغيل الفنادق,Makkah,10012414,Unclassified/Other,Active,299245
1951,almusimin Hostel,نزل الموسمين,Makkah,10012413,Unclassified/Other,Active,299735
1952,ali mahmud shukri charitable trust,وقف علي محمود شكري,Makkah,10012412,Unclassified/Other,Active,299416
1953,SALMAN MAYODH ALJIMAYEI Establishment,مؤسسة سلمان بن معيوض الجميعي,Makkah,10012411,Unclassified/Other,Active,299238
1954,Establishment For laundry,مؤسسة راكان راجح ضيف الله الكبكبي لغسيل الملابس,Makkah,10012408,Unclassified/Other,Active,299250
1955,RAYAN RAJEH ALKABKABI Hostel For Tourist,نزل ريان راجح الكبكبي للايواء السياحي,Makkah,10012407,Unclassified/Other,Active,299236
1956,rukn almashair aldhahabiya Company For Real Estate,شركة ركن المشاعر الذهبية للعقارات,Makkah,10012406,Unclassified/Other,Active,299362
1957,rukn almashair aldhahabiya Company For Real Estate,شركة ركن المشاعر الذهبية للعقارات,Makkah,10012405,Unclassified/Other,Active,299252
1958,FAIQA FAYEZ EKRAM Hostel,نزل فائقه فايز اكرام,Makkah,10012404,Unclassified/Other,Active,299357
1959,almasat almashair Company To operate hotels,شركة الماسة المشاعر لتشغيل الفنادق,Makkah,10012848,Unclassified/Other,Active,300635
1960,Wagf Ahmed Alsairafi Bin Ahmed Bin Abbas Binyaseen,وقف أحمد الصيرفي بن أحمد بن عباس بن ياسين,Makkah,10012847,Unclassified/Other,Active,300697
1961,ABDULLAH HASSAN A ABDALI Hostel For tourist lodges,نزل عبدالله بن حسن بن علي عبدلي للنزل السياحيه,Makkah,10012845,Unclassified/Other,Active,300876
1962,amal almashair Establishment To operate hotels,مؤسسة أمل المشاعر لتشغيل الفنادق,Makkah,10012844,Unclassified/Other,Active,301915
1963,rajan Apartments For Serviced Apartments,شقق راجان للشقق المخدومة,Makkah,10012843,Unclassified/Other,Active,301295
1964,Nader Almahabbah Hotel Hotel,فندق نادر المحبة الفندقية,Makkah,10012842,Unclassified/Other,Active,300579
1965,Makarem AlFirdaws Hotel Hotel,فندق مكارم الفردوس الفندقية,Makkah,10012841,1-Star,Active,302075
1966,ABDULLAH HASSAN A ABDALI Hostel For tourist lodges,نزل عبدالله بن حسن بن علي عبدلي للنزل السياحيه,Makkah,10012840,Unclassified/Other,Active,300815
1967,funduq arkan alaziziyah lilshuqaq Company,شركة فندق أركان العزيزية للشقق المخدومة شخص واحد,Makkah,10012532,Unclassified/Other,Active,300386
1968,Rihab bint Khalid ibn Hasan alrifaei Est,مؤسسة رحاب بنت خالد ابن حسن عناالرفاعي للتجارة,Makkah,10012527,Unclassified/Other,Active,299751
1969,Ibrahim Saud Al-Halaf descended,نزل ابراهيم سعود الحلاف,Makkah,10012531,Unclassified/Other,Active,299747
1970,Afwaj alBayt Establishment For Umrah Services,مؤسسة افواج البيت لخدمات المعتمرين,Makkah,10012530,Unclassified/Other,Active,299783
1971,Benon Alhadithah Company Limited Hostel,شركة بينون الحديثة المحدودة,Makkah,10012526,Unclassified/Other,Active,299763
1972,tharawat almashair Company For Tourism,شركة ثروات المشاعر للسياحة,Makkah,10012525,Unclassified/Other,Active,300000
1973,Mohammed Al Mahmadi for Temporary Hostels,مؤسسة محمد سلمى سليمان المحمادى للتجارة,Makkah,10012524,Unclassified/Other,Active,299997
1974,EBRAHEM SAUD ALHALAF Hostel,نزل ابراهيم سعود الحلاف,Makkah,10012523,Unclassified/Other,Active,299764
1975,alsadaq Company Holding,شركة الصداق القابضة,Makkah,10012644,Unclassified/Other,Active,300274
1976,ALRAYAT METHADE ALKHALIJIYYA,شركة الرايات المتحدة الخليجية للمقاولات شخص واحد,Makkah,10012643,1-Star,Active,300135
1977,AYEDH FALEH ALSHALWI Establishment,مؤسسة عائض بن فالح الشلوي,Makkah,10012402,Unclassified/Other,Active,301017
1978,ABDULWAHAB HASAN SHAFEI Establishment,مؤسسة عبدالوهاب حسن شافعي,Makkah,10012401,Unclassified/Other,Active,299346
1979,ADEL DAKHEL ALSALMI Hostel For tourist lodges,نزل عادل دخيل السالمى للنزل السياحيه,Makkah,10012416,Unclassified/Other,Active,299316
1980,Doha tayiba Establishment For General Contracting,مؤسسة دوحة طيبة للمقاولات العامة,Makkah,10012400,Unclassified/Other,Active,299244
1981,alnasim suwit Hostel For tourist lodges,نزل النسيم سويت للنزل السياحيه,Makkah,10012398,Unclassified/Other,Active,299315
1982,Establishment For Hotel Services,مؤسسة تميز الصفوة للخدمات الفندقيه,Makkah,10012397,Unclassified/Other,Active,299417
1983,Diyar Al Rayan Hotel Hotel,فندق ديار الريان الفندقية,Makkah,10012396,Unclassified/Other,Active,299363
1984,Melidon Establishment,مؤسسة ميليدون,Makkah,10012395,Unclassified/Other,Active,299242
1985,Ahmed Hassan Al Ghanem Business Solutions,مؤسسة أحمد حسن ال غانم لحلول الاعمال,Makkah,10012394,Unclassified/Other,Active,299415
1986,Ahmed Hassan Al Ghanem Business Solutions,مؤسسة أحمد حسن ال غانم لحلول الاعمال,Makkah,10012393,Unclassified/Other,Active,299370
1987,sadaf alkhayr Company for Hotel services,شركة صدف الخير للخدمات الفندقية,Makkah,10012957,Unclassified/Other,Active,301336
1988,Itqan alamalEstablishment For Real Estate Services,مؤسسة إتقان العمل للخدمات العقارية,Makkah,10012954,Unclassified/Other,Active,301335
1989,alattas,مؤسسة محمد بن عبدالله بن حسن العطاس للمقاولات,Makkah,10012951,Unclassified/Other,Active,301377
1990,abna omar said abood bafel Company Ltd.,شركة أبناء عمر سعيد عبود بافيل المحدودة,Makkah,10013040,Unclassified/Other,Active,302396
1991,iklil aldiyafa Company To operate hotels,شركة إكليل الضيافة لتشغيل الفنادق,Makkah,10013039,1-Star,Active,302395
1992,Alalaa Company Ltd.,شركة العلاء المحدودة,Makkah,10013037,1-Star,Active,302455
1993,Iskan alghalia Hostel for hospitality tourism,نزل إسكان الغالية للضيافة السياحي,Makkah,10012839,Unclassified/Other,Active,300897
1994,Hilm Company For Travel and tourism,شركة حلم للسفر و السياحة شركة شخص واحد,Makkah,10012838,Unclassified/Other,Active,300636
1995,ruyat kanun Company Ltd. shakhs wahid,شركة رؤية كانون المحدودة شخص واحد,Makkah,10012837,1-Star,Active,300676
1996,ISRAA MOON GLOBAL Company,شركة إسراء مون غلوبال,Makkah,10012835,Unclassified/Other,Active,300618
1997,AlTanfeedh AlDhahabi Company Real Estate,شركة التنفيذ الذهبي العقارية,Makkah,10012834,Unclassified/Other,Active,301231
1998,athir almashair almumtazah altijariyah sharikat sh,فندق أثير المشاعر المتميزة التجارية شركة شخص واحد الفندقية,Makkah,10012833,1-Star,Active,300596
1999,aldarin Establishment For General Contracting,مؤسسة الدارين للمقاولات العامة,Makkah,10012832,Unclassified/Other,Active,300955
2000,alRisalah alJawar Hotel For Hotel Services,فندق الرسالة الجوار للخدمات الفندقيه,Makkah,10012831,Unclassified/Other,Active,300615
2001,alqimma alfunduqiya Company Ltd.,شركة القمة الفندقية المحدودة,Makkah,10012830,Unclassified/Other,Active,300875
2002,Burj alKhayr Company For Property Management,شركة برج الخير لادارة الأملاك,Makkah,10012642,Unclassified/Other,Active,300302
2003,Ihsan AlDiyafa Company Ltd.,شركة احسان الضيافة المحدودة,Makkah,10012641,Unclassified/Other,Active,300227
2004,The fourth Ali Mohammed Abdullah Al Rajhi Endowmen,مؤسسة علي محمد عبدالله الراجحي الوقفية الرابعة,Makkah,10012640,Unclassified/Other,Active,300260
2005,HANE MESFER H ALQARASHI Esta,مؤسسة هاني مسفر حسن القرشي للمقاولات المعمارية العامة,Makkah,10012639,Unclassified/Other,Active,300298
2006,Establishment For laundry,مؤسسة راكان راجح ضيف الله الكبكبي لغسيل الملابس,Makkah,10012638,Unclassified/Other,Active,300262
2007,yaqub bayk alqawqandi charitable trust,وقف يعقوب بيك القوقندي,Makkah,10012637,Unclassified/Other,Active,300281
2008,Snood Company Hotel sharikat musahama muqfala,شركة سنود الفندقية شركة مساهمة مقفلة,Makkah,10012636,Unclassified/Other,Active,300365
2009,amara zubayda Hostel For tourist lodges,نزل عمارة زبيدة للنزل السياحيه,Makkah,10012635,Unclassified/Other,Active,300115
2010,Snood Company Hotel sharikat musahama muqfala,شركة سنود الفندقية شركة مساهمة مقفلة,Makkah,10012634,Unclassified/Other,Active,300421
2011,Ahmed Abdul Latif Al Abdul Latif Hotel,فندق احمد عبداللطيف العبداللطيف الفندقية,Makkah,10012633,Unclassified/Other,Active,300269
2012,Riyad Othman bin Ibrahim AlDandan Establishment,مؤسسة رياض عثمان بن ابراهيم الدندن للتشغيل والصيانة,Makkah,10012392,Unclassified/Other,Active,300229
2013,Raks Establishment Hotel,مؤسسة ركس الفندقية,Makkah,10012391,Unclassified/Other,Active,299337
2014,rukn almashair aldhahabiya Company For Real Estate,شركة ركن المشاعر الذهبية للعقارات,Makkah,10012390,Unclassified/Other,Active,299360
2015,Suhaib Abdul Razzaq Sharif Limited,مؤسسة صهيب عبدالرزاق شريف المحدودة,Makkah,10012389,Unclassified/Other,Active,299356
2016,Saleh bin Abdul Hamid bin Abdul Rahman Miski Endow,نزل وقف صالح بن عبدالحميد بن عبدالرحمن مسكي للايواء السياحي,Makkah,10012399,Unclassified/Other,Active,299695
2017,Suhaib Abdul Razzaq Sharif Limited,مؤسسة صهيب عبدالرزاق شريف المحدودة,Makkah,10012388,Unclassified/Other,Active,299419
2018,Establishment For laundry,مؤسسة راكان راجح ضيف الله الكبكبي لغسيل الملابس,Makkah,10012387,Unclassified/Other,Active,299237
2019,Asala Alhijaz Establishment Hotel,مؤسسة أصالة الحجاز الفندقية,Makkah,10012386,Unclassified/Other,Active,299339
2020,Saleh Saeed Ali Al-Ghamdi Building Materials Estab,مؤسسة صالح سعيد علي الغامدي لمواد البناء,Makkah,10012385,Unclassified/Other,Active,299317
2021,rukn almashair aldhahabiya Company For Real Estate,شركة ركن المشاعر الذهبية للعقارات,Makkah,10012383,Unclassified/Other,Active,299295
2022,AlSafir AlSakani Establishment For tourist lodges,مؤسسة السفير السكني للنزل السياحيه,Madina,10012884,Unclassified/Other,Active,301238
2023,"Other than God, Saeed Al-Ghamdi Commercial Categor",مؤسسة غرم الله سعيد الغامدي التجارية,Makkah,10012883,Unclassified/Other,Active,301223
2024,mira faruq Company,شركة ميرا فاروق,Makkah,10012882,Unclassified/Other,Active,301015
2025,Zad Al Hayat Hotel,مؤسسة زاد المشاعر لتشغيل الفنادق,Makkah,10012881,1-Star,Active,301016
2026,safa barak Hostel For tourist lodges,نزل صفا بارك للنزل السياحيه,Madina,10012880,Unclassified/Other,Active,301175
2027,MAZEN SALEM AL KHATHAMI Hostel,نزل مازن سالم الخثعمي,Makkah,10012877,Unclassified/Other,Active,301675
2028,MUTEB AWWADHAH ALSULAMI Hostel For tourist lodges,نزل متعب عواضه السلمى للنزل السياحيه,Makkah,10012875,Unclassified/Other,Active,300975
2029,Amjad Abdullah Mohammed Al-Madani General Contract,مؤسسة امجد عبدالله محمد المدني للمقاولات العامة,Makkah,10012828,1-Star,Active,300655
2030,Noor AlSalam AlMuttahida Company Commercial,شركة نور السلام المتحدة التجارية,Makkah,10012827,Unclassified/Other,Active,300619
2031,Al Asalah Al Masi Establishment For Tourist,مؤسسة الأصالة الماسي للايواء السياحي,Makkah,10012825,Unclassified/Other,Active,300675
2032,alhadaf walibda Office For Property Management,مكتب الهدف والإبداع لادارة الأملاك,Makkah,10012824,Unclassified/Other,Active,300696
2033,samran ryst Company Ltd.,شركة سمران ريست المحدودة,Makkah,10012823,1-Star,Active,300616
2034,MOHMAD AL YAMY,مؤسسة محمد أحمد بن عبدالله اليامي لتجارة الجملة و التجزئة,Makkah,10012822,Unclassified/Other,Active,301225
2035,Mansour Abdulrahman Bin Musa Haroun Mansour Invest,مؤسسة منصور عبدالرحمن بن موسى هارون منصور للأستثمار,Makkah,10012820,1-Star,Active,300698
2036,HEZAM ZAEDAN ALKAHTANI Company For Tourism,شركة حزام زيدان القحطاني للسياحة,Makkah,10012819,Unclassified/Other,Active,300576
2037,MOHAMMAD SALEH ROZZA Company,شركة محمد بن صالح رزه,Makkah,10012818,Unclassified/Other,Active,300577
2038,Nasmat Al Diyafa Company,شركة نسمات الضيافه للاستثمار شركة شخص واحد,Makkah,10012632,Unclassified/Other,Active,300261
2039,kunuz alrahma Establishment Hotel,مؤسسة كنوز الرحمة الفندقية,Makkah,10012631,Unclassified/Other,Active,300197
2040,Najood Abdu Ben Mohammed Sameeli Establishment Com,مؤسسة نجود عبده بن محمد صميلي التجارية,Makkah,10012614,Unclassified/Other,Active,300233
2041,rehab albarah company,شركة رحاب البركة المحدودة,Makkah,10012613,1-Star,Active,300264
2042,alrisalah alarabiya Establishment For Advertising,مؤسسة الرسالة العربيه للدعاية والاعلان,Makkah,10012612,Unclassified/Other,Active,300278
2043,Faisal soltan Alotaiyi,مؤسسة فيصل سلطان الدغيلبي العتيبي العقارية,Makkah,10012611,Unclassified/Other,Active,300216
2044,Alurooj Company Hotel sharikat shakhs wahid,شركة العروج الفندقية شركة شخص واحد,Makkah,10012610,Unclassified/Other,Active,300228
2045,HAMOUD ABDULLAH ALHARTHI Establishment,مؤسسة حمود عبدالله الحارثي,Makkah,10012609,Unclassified/Other,Active,300277
2046,Hashemeh Saud Saad Al Sharif Trading Establishment,مؤسسة هاشمه سعود سعد الشريف التجارية,Makkah,10012608,Unclassified/Other,Active,300442
2047,Snood Company Hotel sharikat musahama muqfala,شركة سنود الفندقية شركة مساهمة مقفلة,Makkah,10012607,Unclassified/Other,Active,300055
2048,Siraj Al Islam Service Company Limited,شركة سراج الاسلام سرفيس المحدودة,Makkah,10012382,Unclassified/Other,Active,299253
2049,rukn almashair aldhahabiya Company For Real Estate,شركة ركن المشاعر الذهبية للعقارات,Makkah,10012381,Unclassified/Other,Active,299239
2050,Broua Establishment Commercial,مؤسسة بروع التجارية,Makkah,10012380,Unclassified/Other,Active,299738
2051,Hotel for hospitality tourism,فندق درة الجوهرة للضيافة السياحي,Makkah,10012384,Unclassified/Other,Active,299249
2052,tharawat almashair Company For Tourism,شركة ثروات المشاعر للسياحة,Makkah,10012522,Unclassified/Other,Active,299895
2053,Yaqoub Abdullah Qadi charitable trust,وقف يعقوب عبدالله قاضي,Makkah,10012521,Unclassified/Other,Active,299780
2054,ABRAR SAEED ALGHAMDI Establishment,مؤسسة ابرار سعيد الغامدى,Makkah,10012519,Unclassified/Other,Active,300218
2055,rayman alkhayr Hotel Hotel,فندق ريمان الخير الفندقية,Makkah,10012518,1-Star,Active,300175
2056,Al Sanabil Al Mubarakah Hotel For Hotel Apartments,فندق السنابل المباركة للشقق الفندقية,Makkah,10012517,Unclassified/Other,Active,299736
2057,dar al tayib kadi Hotel Hotel,فندق دار الطيب كدي الفندقية,Makkah,10012516,Unclassified/Other,Active,299627
2058,muhammad bin sunaydih aljumaiy charitable trust,وقف محمد بن صنيدح الجميعي الوقفية,Makkah,10012873,Unclassified/Other,Active,301197
2059,Nasmat Al Diyafa Company,شركة نسمات الضيافه للاستثمار شركة شخص واحد,Makkah,10012872,Unclassified/Other,Active,300995
2060,KHALID WALEED ALI AEQ Hostel For tourist lodges,نزل خالد وليد علي عائق للنزل السياحيه,Makkah,10012871,Unclassified/Other,Active,300916
2061,funduq ajwad alssalam Company Hotel,شركة فندق اجواد السلام الفندقية,Makkah,10012870,Unclassified/Other,Active,300920
2062,jalal almutamayiza Company Hotel,شركة جلال المتميزة الفندقية,Makkah,10012869,Unclassified/Other,Active,300919
2063,Ajm Hotel Company,شركة أجم الفندقية,Makkah,10012868,Unclassified/Other,Active,301035
2064,Mohammed Dakhilallah Al-Arabi Tourist Lodges,مؤسسة محمد دخيل الله العرابي للنزل السياحية,Makkah,10012867,Unclassified/Other,Active,301036
2065,nasamat aldiayafa Company,شركة نسمات الضيافه للاستثمار شركة شخص واحد,Makkah,10012866,Unclassified/Other,Active,300935
2066,Rayhana AlImtiaz Commercial Company,شركة ريحانة الامتياز التجارية,Makkah,10012817,Unclassified/Other,Active,300617
2067,Lamar al Khair Hotel For Hotel Apartments,فندق لمار الخير للشقق الفندقية,Makkah,10012816,Unclassified/Other,Active,300895
2068,itlalat alanud Establishment,مؤسسة اطلالة العنود,Makkah,10012815,Unclassified/Other,Active,301232
2069,Lamar Al Salam Group For Hotel Apartments,مجموعة لمار السلام للشقق الفندقية,Makkah,10012814,Unclassified/Other,Active,300580
2070,asma Tulip Establishment,مؤسسة أسما توليب,Makkah,10012997,1-Star,Active,302615
2071,iklil aldiyafa Company To operate hotels,شركة إكليل الضيافة لتشغيل الفنادق,Makkah,10012996,1-Star,Active,301995
2072,YASIR ABDULSHAKUR ALSULAIMANI Establishment,مؤسسة ياسر عبدالشكور السليماني للتجارة,Makkah,10012994,1-Star,Active,302235
2073,Anwar AlMuhammadiyah LilDiyafah Company Tourist,شركة انوار المحمدية للضيافة السياحية,Makkah,10012993,Unclassified/Other,Active,302355
2074,Elite Premium Collection Establishment,مؤسسة إيليت بريميوم كوليكشن,Makkah,10012606,1-Star,Active,300036
2075,Salih Faraj Almutarifi Establishment Commercial,مؤسسة صالح فرج المطرفي التجارية,Makkah,10012605,Unclassified/Other,Active,300272
2076,alfrsan aldhhbyh Company To operate hotels,شركة الفرسان الذهبيه لتشغيل الفنادق,Makkah,10012604,Unclassified/Other,Active,300336
2077,inaya hotel management Company Ltd.,شركة عناية هوتيل مانجمينت المحدودة,Makkah,10012603,Unclassified/Other,Active,300300
2078,JAMILAH HAMED ALOSAIMI Establishment,مؤسسة جميله حامد العصيمي للتشغيل والصيانة,Makkah,10012602,Unclassified/Other,Active,300215
2079,nazal anarat almustaqbal,شركة انارة المستقبل العالمية للسفر و السياحة,Makkah,10012601,Unclassified/Other,Active,300226
2080,Zuhair Muhammad Hayat Kashmiri Trading Establishme,مؤسسة زهير محمدحيات كشميري التجارية,Makkah,10012600,Unclassified/Other,Active,300439
2081,ABID EIDHA ALHARTHI Establishment,مؤسسة عابد عيضه الحارثي للخدمات العامة,Makkah,10012599,Unclassified/Other,Active,300267
2082,kunuz alrahma Establishment Hotel,مؤسسة كنوز الرحمة الفندقية,Makkah,10012630,Unclassified/Other,Active,300361
2083,Snood Company Hotel sharikat musahama muqfala,شركة سنود الفندقية شركة مساهمة مقفلة,Makkah,10012629,Unclassified/Other,Active,300335
2084,ESSAM MOHAMMAD I ARIF Establishment,مؤسسة عصام محمد ابراهيم عارف,Makkah,10012515,Unclassified/Other,Active,299555
2085,Ahmed Mohammed Saidi Contracting Establishment,مؤسسة احمد محمد سعيدي للمقاولات,Makkah,10012514,Unclassified/Other,Active,299455
2086,alRisalah alJawar Hotel For Hotel Services,فندق الرسالة الجوار للخدمات الفندقيه,Makkah,10012513,Unclassified/Other,Active,299458
2087,Nasaem Alibda Establishment,مؤسسة نسائم الابداع للمقاولات العامة,Makkah,10012511,Unclassified/Other,Active,299459
2088,tasis fan alamar Establishment Real Estate,مؤسسة تأسيس فن الأعمار العقارية,Makkah,10012510,Unclassified/Other,Active,299399
2089,funduq baysan almutamayiz Company,شركة فندق بيسان المتميز للضيافة السياحي شخص واحد,Makkah,10012509,Unclassified/Other,Active,300404
2090,ALI ABDULLAH BAATIYYAH Establishment Hotel,مؤسسة على عبدالله باعطيه الفندقية,Makkah,10012508,Unclassified/Other,Active,299798
2091,Rayan Aldhahabi Establishment Real Estate,مؤسسة ريان الذهبي العقارية,Makkah,10012507,1-Star,Active,299901
2092,GHAZI JOUDA BATI Hostel For tourist lodges,نزل غازي جوده باتي للنزل السياحيه,Makkah,10012506,Unclassified/Other,Active,299995
2093,Manar Muhammad Alqahwaji Company,شركة منار محمد القهوجى للتجارة والمقاولات,Makkah,10012504,Unclassified/Other,Active,299716
2094,Amlak AlFaisaliyah Company,شركة أملاك الفيصلية للتطوير والاستثمار العقاري,Makkah,10012865,Unclassified/Other,Active,301735
2095,Shawarmatak Establishment For Meals,مؤسسة شاورمتك لتقديم الوجبات,Makkah,10012864,Unclassified/Other,Active,301198
2096,ABDULLAH DASHAN ALSHEHRI Establishment,مؤسسة عبدالله دشان الشهري,Makkah,10012863,Unclassified/Other,Active,300957
2097,arjwan alsafwa Company Hotel,شركة أرجوان الصفوة الفندقية,Makkah,10012861,1-Star,Active,300917
2098,funduq ajwad alssalam Company Hotel,شركة فندق اجواد السلام الفندقية,Makkah,10012860,Unclassified/Other,Active,300956
2099,Walid almashaaer Company,شركة وليد المشاعر,Makkah,10012859,Unclassified/Other,Active,300918
2100,Hotel for Hotel services,فندق سعيد سعد عبدالمطلب الغموي للخدمات الفندقية,Makkah,10012858,Unclassified/Other,Active,301895
2101,Mohammed Yousef Al-Hamdan Tourist Lodge,نزل محمد يوسف الحمدان للنزل السياحيه,Makkah,10012306,Unclassified/Other,Active,299215
2102,Doha tayiba Establishment For General Contracting,مؤسسة دوحة طيبة للمقاولات العامة,Makkah,10012338,Unclassified/Other,Active,298655
2103,ELTAYER ELZAHABY,شركة الطير الذهبي للخدمات الفندقية شركة شخص واحد,Makkah,10012337,Unclassified/Other,Active,299035
2104,Manazil Alshuruq Company For Hotel Services,شركة منازل الشروق للخدمات الفندقيه,Makkah,10012336,Unclassified/Other,Active,297815
2105,Sidra Al Bait Hospitality Company,شركة سدرة البيت الفندقية,Makkah,10012335,Unclassified/Other,Active,297935
2106,Humam almashaaer Establishment Commercial,مؤسسة همم المشاعر التجارية,Makkah,10012334,Unclassified/Other,Active,299796
2107,Company logarithm,شركة لوغاريتم,Makkah,10012332,Unclassified/Other,Active,297795
2108,Ajnihat Alkhaleej Company Hotel,شركة أجنحة الخليج الفندقية,Makkah,10012331,1-Star,Active,298036
2109,Mukaabat alIstithmar Company For Contracting,شركة مكعبات الإستثمار للمقاولات,Makkah,10012330,Unclassified/Other,Active,297816
2110,Nidaa Tayba AlMasi Hostel For tourist lodges,نزل نداء طيبة الماسي للنزل السياحيه,Madina,10012329,Unclassified/Other,Active,300232
2111,hams aljawan Establishment,مؤسسة همس الجوان,Makkah,10012503,Unclassified/Other,Active,299955
2112,ABDULAZIZ SUHAIL ALGHAMDI Company,شركة عبدالعزيز سهيل الغامدي,Makkah,10012502,Unclassified/Other,Active,299629
2113,MASHAEL AESH ALDADI Establishment Commercial,مؤسسة مشاعل عائش الدعدي التجارية,Makkah,10012501,Unclassified/Other,Active,299630
2114,Establishment For laundry,مؤسسة راكان راجح ضيف الله الكبكبي لغسيل الملابس,Makkah,10012500,Unclassified/Other,Active,299398
2115,tharawat almashair Company For Tourism,شركة ثروات المشاعر للسياحة,Makkah,10012499,Unclassified/Other,Active,299615
2116,Suhaib Abdul Razzaq Sharif Limited,مؤسسة صهيب عبدالرزاق شريف المحدودة,Makkah,10012498,Unclassified/Other,Active,299535
2117,MUWAFFAQ HASSAN SAMKARI Establishment,مؤسسة موفق ابن حسن سمكرى,Makkah,10012497,Unclassified/Other,Active,299462
2118,Mohammad Ali Al Sidiq Al Zubaidi Establishmen,مؤسسة محمد علي ال صديق الزبيدي لمواد البناء,Makkah,10012505,Unclassified/Other,Active,299786
2119,Yaqzan Saleh Al-Jabri Tourist Hospitality Inn,نزل يقظان صالح الجابري للضيافة السياحي,Makkah,10012496,Unclassified/Other,Active,300896
2120,Suhaib Abdul Razzaq Sharif Limited,مؤسسة صهيب عبدالرزاق شريف المحدودة,Makkah,10012495,Unclassified/Other,Active,299596
2121,DIYAR AL SHAAB HOTEL,فندق ديار الشعب الفندقية,Makkah,10011157,1-Star,Active,299241
2122,Shatha Abdulrahman Abdulrahim Al-Harthi Hotel Mana,مؤسسة شذى عبدالرحمن عبدالرحيم الحارثي لتشغيل الفنادق,Makkah,10012328,Unclassified/Other,Active,298776
2123,alqawafil Company Global lilmuqawalat shakhs wahid,شركة القوافل العالمية للمقاولات شخص واحد,Makkah,10012339,Unclassified/Other,Active,298135
2124,ramak alsafwah Hostel,نزل رمك الصفوة,Makkah,10012327,Unclassified/Other,Active,298535
2125,Moro Company Global lilshqq walfanadiq sharikat sh,شركة مورو العالمية للشقق والفنادق شركة شخص واحد,Makkah,10012326,Unclassified/Other,Active,298215
2126,Saada Ajiyad Hotel,فندق سعداء أجياد,Makkah,10012325,1-Star,Active,298395
2127,Saleh Saeed Al-Ghamdi Foundation,مؤسسة صالح سعيد علي الغامدي لمواد البناء,Makkah,10012324,Unclassified/Other,Active,298175
2128,Bright Daffodils Company,شركة برايت دافوديلز,Makkah,10012322,Unclassified/Other,Active,297875
2129,Nama Alsharq Establishment Hotel,مؤسسة نما الشرق الفندقية,Makkah,10012321,Unclassified/Other,Active,299696
2130,Melidon Establishment,مؤسسة ميليدون,Makkah,10012323,Unclassified/Other,Active,298995
2131,Miyar wa Mirna Company,شركة ميار وميرنا,Makkah,10012494,Unclassified/Other,Active,299746
2132,Yousef  Mohammed  Yahya Al-Battah Al-Ahdal,مؤسسة يوسف بن محمد بن يحيى البطاح الاهدل التجارية,Makkah,10012493,Unclassified/Other,Active,299757
2133,Wadam Alaziziyah Wahid Hostel,نزل ودام العزيزية واحد,Makkah,10012492,Unclassified/Other,Active,300477
2134,Al Maha Tower Hotel For Hotel Services,فندق المها تاور للخدمات الفندقيه,Makkah,10012491,Unclassified/Other,Active,299739
2135,shaly resedence14,شقق شالي ريزيدنس للشقق المخدومة,Makkah,10012488,Unclassified/Other,Active,299628
2136,Nibras alunwan Company For Trading,شركة نبراس العنوان للتجارة,Makkah,10012487,Unclassified/Other,Active,299396
2137,layla hasan alqashmari Company Commercial,شركة ليلى حاسن القشمري التجارية,Makkah,10012486,Unclassified/Other,Active,299749
2138,ABDULSHAKUR MOHAMMEDNAYAZ NIYAZI Hostel,نزل عبدالشكور بن محمدنياز نيازي,Makkah,10012485,Unclassified/Other,Active,299802
2139,makhayyam rafadah Company Ltd,شركة مخيم رفادة المحدودة شركة شخص واحد,Makkah,10012484,Unclassified/Other,Active,299367
2140,SUL10 Company,شركة سول10,Makkah,10012483,Unclassified/Other,Active,299617
2141,alHidayah alKubra Hotel 6,فندق الهداية الكبرى الفندقية,Makkah,10012121,Unclassified/Other,Active,295475
2142,alHidayah alKubra Hotel 4,فندق الهداية الكبرى الفندقية,Makkah,10012120,Unclassified/Other,Active,294600
2143,OSAMA ABDULLAH BAWAZIR Establishment Commercial,مؤسسة اسامه بن عبدالله باوزير التجارية,Makkah,10012119,Unclassified/Other,Active,295555
2144,MAHIR GHAZI HINDI Establishment,مؤسسة ماهر غازى هندى,Makkah,10012108,Unclassified/Other,Active,294655
2145,MOHAMMED AWWAD AL SHERBI Establishment Commercial,مؤسسة محمد عواض الشربي التجارية,Makkah,10012116,Unclassified/Other,Active,294915
2146,"Shali Residence, Bathaa Quraish 9",شقق شالي ريزيدنس للشقق المخدومة,Makkah,10012112,Unclassified/Other,Active,297755
2147,Shali Residence Al Aziziyah 14,شقق شالي ريزيدنس للشقق المخدومة,Makkah,10012111,Unclassified/Other,Active,298056
2148,Said bin Muhammad Umar Ba Naimeh alWaq,مؤسسة سعيد بن محمد عمر با ناعمه الوقفية,Makkah,10012110,Unclassified/Other,Active,299251
2149,Noor AlSalam AlMuttahida Company Commercial,شركة نور السلام المتحدة التجارية,Makkah,10012109,Unclassified/Other,Active,294601
2150,tasnim Co,شركة تسنم للمقاولات العامة شركة شخص واحد,Makkah,10012203,Unclassified/Other,Active,296119
2151,Sanaa Silver Hotel,فندق سناء الفضي الفندقية,Makkah,10007286,1-Star,Active,228035
2152,Arkan Al Safa Hotel,فندق أركان الصفا الفندقية,Makkah,10007273,1-Star,Active,255020
2153,Suleiman Musa Hamad AlOlayan ROYAL Hotel,فندق سليمان موسى حمد العليان الفندقية,Makkah,10006752,1-Star,Active,250207
2154,Dar Areeb,شركة دار اريب الفندقية,Makkah,10006729,2-Star,Active,199699
2155,burhan al tijarah Company Ltd.,شركة برهان التجارة المحدودة,Makkah,10012201,Unclassified/Other,Active,296118
2156,burhan al tijarah Company Ltd.,شركة برهان التجارة المحدودة,Makkah,10012200,Unclassified/Other,Active,298975
2157,sas wanama Establishment For logistics,مؤسسة ساس ونماء للخدمات اللوجستية,Makkah,10012199,Unclassified/Other,Active,296116
2158,Munir bin Khalil Ahmed bin Akbar Saeed Trading Est,محل منير بن خليل احمد بن اكبرعلي سعيد للتجارة,Makkah,10012198,Unclassified/Other,Active,296855
2159,makhayyam rafadah Company Ltd,شركة مخيم رفادة المحدودة شركة شخص واحد,Makkah,10011653,Unclassified/Other,Active,293375
2160,NOZOL ZAHRAT KHUDAYRA ALSIYAHIA,مؤسسة زهرة خضيراء للمقاولات عامة,Makkah,10011652,Unclassified/Other,Active,292587
2161,Company Mazaya Roufan,شركة مزايا روفان,Makkah,10011651,Unclassified/Other,Active,292583
2162,ABDULAZIZ SUHAIL ALGHAMDI Company,شركة عبدالعزيز سهيل الغامدي,Makkah,10011650,Unclassified/Other,Active,294036
2163,ABDULAZIZ SUHAIL ALGHAMDI Company,شركة عبدالعزيز سهيل الغامدي,Makkah,10011649,Unclassified/Other,Active,293916
2164,MEEZAB ALHUDA HOTEL,شركة ميزاب الفندقية شركة شخص واحد,Makkah,10011698,1-Star,Active,296123
2165,amina bibi muhammad husayn khan charitable trust,وقف امينة بيبي محمد حسين خان,Makkah,10011695,Unclassified/Other,Active,293520
2166,alnizar Shop For Trading,محل النزار للتجارة,Makkah,10011694,Unclassified/Other,Active,292588
2167,nujum alkhayrat alfadiah Hostel For tourist lodges,نزل نجوم الخيرات الفضيه للنزل السياحيه,Madina,10011693,Unclassified/Other,Active,293716
2168,dar ramzi lilnuzul alsiyahiya almuaqata Company,شركة دار رمزي للنزل السياحية المؤقتة,Makkah,10011692,Unclassified/Other,Active,292581
2169,ALQASSWA For Travel And Tourism Company,شركة القصواء للسفر و السياحة,Makkah,10010923,1-Star,Active,287696
2170,Wardat Alsalah Hotel,فندق وردة الصلاح للايواء السياحي,Makkah,10010921,1-Star,Active,287535
2171,Abraj Shahd Hostel Services Company,شركة ابراج شهد للخدمات الفندقية,Madina,10010920,Unclassified/Other,Active,287617
2172,Yaqeen Management Est for Hotel Operation,مؤسسة يقين للادارة لتشغيل الفنادق,Makkah,10010919,Unclassified/Other,Active,288455
2173,fara shirka aksbiris Company For Hajj and Umrah,شركة فرع شركة اكسبرس للحج والعمرة,Makkah,10012087,Unclassified/Other,Active,294535
2174,HANE MESFER H ALQARASHI,مؤسسة هاني مسفر حسن القرشي للمقاولات المعمارية العامة,Makkah,10012086,Unclassified/Other,Active,294555
2175,HANE MESFER H ALQARASHI,مؤسسة هاني مسفر حسن القرشي للمقاولات المعمارية العامة,Makkah,10012085,Unclassified/Other,Active,294324
2176,saleh hamzah qashlan est,مؤسسة صالح حمزه قشلان,Makkah,10012084,Unclassified/Other,Active,297375
2177,tilal alghadir Company,شركة تلال الغدير,Makkah,10012083,1-Star,Active,299461
2178,AHMAD ABDULLAH S MRHOMI Establishment,مؤسسة احمد بن عبدالله بن صالح مرحومي,Makkah,10012082,Unclassified/Other,Active,295215
2179,saraya altawhid Hostel,نزل سرايا التوحيد,Makkah,10012202,Unclassified/Other,Active,296375
2180,awtar alfn Company To operate hotels,شركة أوتار الفن لتشغيل الفنادق,Makkah,10012194,Unclassified/Other,Active,295236
2181,Rawabi Alhijaz Almbashour Restaurant For Meals,مطعم روابي الحجاز المبشور لتقديم الوجبات,Makkah,10012193,Unclassified/Other,Active,295755
2182,aemar riadat almustaqbal Establishment,مؤسسة اعمار ريادة المستقبل,Makkah,10012192,Unclassified/Other,Active,295656
2183,Rawaih AlMisk Establishment To operate hotels,مؤسسة روائح المسك لتشغيل الفنادق,Makkah,10012191,Unclassified/Other,Active,296124
2184,alkhaymah Company To operate hotels,شركة الخيمة لتشغيل الفنادق,Makkah,10012190,Unclassified/Other,Active,295595
2185,NOZOL BATOOL FADE,نزل البتول الفضي للضيافة السياحي,Madina,10012189,Unclassified/Other,Active,302035
2186,asmak albasmah Company,شركة أسماك البسمة,Makkah,10012188,Unclassified/Other,Active,295476
2187,Jawharat AlSabbagh Hotel Hotel,فندق جوهرة الصباغ الفندقية,Makkah,10012186,Unclassified/Other,Active,295675
2188,funduq ajwad alssalam Company Hotel,شركة فندق اجواد السلام الفندقية,Makkah,10012185,Unclassified/Other,Active,295596
2189,Durat Alahbab Hotel for Hotel services,فندق درة الاحباب للخدمات الفندقية,Makkah,10012196,Unclassified/Other,Active,296315
2190,Talal Al Naseem Establishment,مؤسسة تلال النسيم,Makkah,10012278,Unclassified/Other,Active,297235
2191,Talal Al Naseem Establishment,مؤسسة تلال النسيم,Makkah,10012277,Unclassified/Other,Active,297196
2192,ABDULLAH MOHAMMED ALQAHTANI Company,شركة عبدالله محمد القحطاني,Makkah,10012276,Unclassified/Other,Active,297236
2193,World of Life Hotel Operation Company (one person),شركة عالم الحياة لتشغيل الفنادق شخص واحد,Makkah,10012275,Unclassified/Other,Active,297395
2194,Rakeezat AlBunya Establishment For Contracting,مؤسسة ركيزة البنية للمقاولات,Makkah,10012274,Unclassified/Other,Active,297356
2195,manazil luluat alhijaz Hotel,فندق منازل لؤلؤة الحجاز,Makkah,10012273,Unclassified/Other,Active,297436
2196,alriyada aldaima Establishment For Contracting,مؤسسة الريادة الدائمة للمقاولات,Makkah,10012272,Unclassified/Other,Active,297735
2197,Rayn alQimmah Establishment For Hotel Services,مؤسسة راين القمة للخدمات الفندقيه,Makkah,10012271,Unclassified/Other,Active,299055
2198,jawhara kunuz Company Commercial,شركة جوهرة كنوز التجارية,Makkah,10012307,Unclassified/Other,Active,298195
2199,HASSAN AHMED BIN SALMAN Establishment,مؤسسة حسن بن احمد بن سلمان,Makkah,10011691,Unclassified/Other,Active,293150
2200,AlAmana AlTaawuniya Company For Trading,شركة الأمانة التعاونية للتجارة,Madina,10011688,Unclassified/Other,Active,292675
2201,ABDULELAH ALI ALHAZMI Establishment Commercial,مؤسسة عبدالاله بن علي الحازمي التجارية,Makkah,10011687,Unclassified/Other,Active,293479
2202,CASABLANCA HOTEL CO,شركة فندق الدار البيضاء,Makkah,10011686,1-Star,Active,293926
2203,shrkh khald abdh alasyry lltshghyl walsyanh,شركة خالد عبده بن محمد العسيري للتشغيل والصيانة,Makkah,10011685,Unclassified/Other,Active,292595
2204,alruwad Establishment For Tourism,مؤسسة الرواد للسياحة,Makkah,10011684,Unclassified/Other,Active,292339
2205,SAMAR MOHAMMED ASHOOR Establishment,مؤسسة سمر محمد عاشور,Makkah,10011683,Unclassified/Other,Active,293395
2206,EMAAR MILLION Company Ltd.,شركة إعمار مليون المحدودة,Makkah,10011682,Unclassified/Other,Active,292655
2207,Hostil Atif,شركة عاطف عبدالقادر عبدالله عبدالقادر للتطوير والاستثمار العقاري شخص واحد,Makkah,10011795,Unclassified/Other,Active,293138
2208,mada alnaseem Company Commercial,شركة مدى النسيم التجارية,Makkah,10011794,Unclassified/Other,Active,293141
2209,Alhayat Alalami Hotel Company,شركة الحياة العالمي الفندقية,Madina,10010902,1-Star,Active,275162
2210,Guan Linshang Contracting Company,شركة جوان لينشانج للمقاولات,Makkah,10010901,1-Star,Active,278078
2211,dar almashair alawla Company Ltd.,شركة دار المشاعر الأولى المحدودة,Makkah,10011603,Unclassified/Other,Active,291861
2212,Sdanat Albarakah Hotel Hotel,فندق سدانة البركة الفندقية,Makkah,10011601,Unclassified/Other,Active,292156
2213,Diyafat alBayt Company,شركة ضيافة البيت,Makkah,10011600,Unclassified/Other,Active,291963
2214,BILAL ALTWIGRY,مؤسسة بلال عبدالله عبدالعزيز التويجري للتجارة,Makkah,10011598,Unclassified/Other,Active,291984
2215,ABDULLAH MOHAMMED ALQAHTANI Company,شركة عبدالله محمد القحطاني,Makkah,10011597,Unclassified/Other,Active,291996
2216,Zad AlSafa Hotel Hotel Establishment,مؤسسة فندق زاد الصفا الفندقية,Makkah,10011596,1-Star,Active,295155
2217,Idris Abdulrahim Fatani Endowment,وقف ادريس عبدالرحيم فطاني الوقفية,Makkah,10011595,Unclassified/Other,Active,292615
2218,Hotel for hospitality tourism,فندق الواحة الماسية للضيافة السياحي,Makkah,10011594,1-Star,Active,293497
2219,hayat bark almadina Establishment,مؤسسة حياة بارك المدينة,Madina,10012184,1-Star,Active,297695
2220,abdullah awad alsamali Establishment,مؤسسة عبدالله عوض الصاملي,Makkah,10012236,Unclassified/Other,Active,299115
2221,Velvet Inn Company,شركة فيلفيت إن,Makkah,10012235,1-Star,Active,296875
2222,Zairi alBayt Hostel,نزل زائري البيت,Makkah,10012234,Unclassified/Other,Active,297115
2223,SAMAHA ALI ALKUTBI Hostel For tourist lodges,نزل سماحة علي الكتبي للنزل السياحيه,Makkah,10012262,Unclassified/Other,Active,296775
2224,ibda a sdaf Establishment For Contracting,مؤسسة ابداع اصداف للمقاولات,Makkah,10012261,Unclassified/Other,Active,297915
2225,samar alwahda Company,شركة سمر الوحدة,Makkah,10012259,Unclassified/Other,Active,297136
2226,Talal Al Naseem Establishment,مؤسسة تلال النسيم,Makkah,10012258,Unclassified/Other,Active,296555
2227,falaq alasalh Company,شركة فلق الأصالة,Makkah,10012257,Unclassified/Other,Active,298455
2228,Zad Al Bait Hotel,فندق زاد البيت الفندقية,Makkah,10012256,1-Star,Active,300441
2229,Rafahya Hotel Ethnan for Tourist Accommodation,فندق رفاهية اثنان للايواء السياحي شخص واحد,Makkah,10010646,1-Star,Active,271555
2230,ABDULAZIZ OWAYIDH ALJOAYD,مؤسسة عبدالعزيز عويض الجعيد للوحدات السكنية,Makkah,10011628,Unclassified/Other,Active,292178
2231,Najma Israa Al-Dhahabi Hotel Services Company,شركة نجمة اسراء الذهبي للخدمات الفندقية,Makkah,10011627,Unclassified/Other,Active,292182
2232,anis albarakah Hostel,نزل انيس البركة,Madina,10011625,Unclassified/Other,Active,292296
2233,Yasser Abdulhadi Hamed Al-Osaimi Hotel Management,مؤسسة ياسر عبدالهادى حامد العصيمى لتشغيل الفنادق,Makkah,10011624,Unclassified/Other,Active,292181
2234,Ritaj Alharamain,مؤسسة ريتاج الحرمين للمقاولات العامة,Makkah,10011623,1-Star,Active,294495
2235,Mina View Hotel For Tourist Accommodation,فندق منى فيو للايواء السياحي,Makkah,10011621,Unclassified/Other,Active,292256
2236,Dal Establishment For Trading,مؤسسة دال للتجارة,Makkah,10011620,Unclassified/Other,Active,291966
2237,Adel Hamdan Salim Alharbi Endowment,وقف عادل حمدان سليم الحربى,Makkah,10011619,Unclassified/Other,Active,293879
2238,Dal Establishment For Trading,مؤسسة دال للتجارة,Makkah,10011618,Unclassified/Other,Active,292184
2239,"Burj Al Amal Hotel Company, one person",شركة برج الامل الفندقية شخص واحد,Makkah,10010700,1-Star,Active,255521
2240,Salim bin Sultan bin Abdullah charitable trust,وقف سليم بن سلطان بن عبدالله,Makkah,10011793,Unclassified/Other,Active,292885
2241,Badr Al Aziziyah Hotel Hotel,فندق بدر العزيزية الفندقية,Makkah,10011791,1-Star,Active,293481
2242,ABDULLAH MOHAMMED ALQAHTANI Company,شركة عبدالله محمد القحطاني,Makkah,10011790,Unclassified/Other,Active,293510
2243,Bakr Saeed Nashwan Contracting Establishment,مؤسسة بكر سعيد نشوان للمقاولات,Makkah,10011789,Unclassified/Other,Active,294475
2244,Cold Pro  Establishment Commercial,مؤسسة كولد برو التجارية,Makkah,10011788,Unclassified/Other,Active,293779
2245,abna omar said abood bafel Company Ltd.,شركة أبناء عمر سعيد عبود بافيل المحدودة,Makkah,10011787,Unclassified/Other,Active,293511
2246,Hamed Bin Mohammed Bin Hamed Al Hamed Trading Esta,مؤسسة حامد بن محمد بن حامد الحامد للتجارة,Makkah,10011786,Unclassified/Other,Active,292886
2247,qwa thbayr Company For projects,شركة قوى ثبير للمشاريع,Makkah,10011785,Unclassified/Other,Active,292893
2248,masakin alanwar aldhahabiya Company Ltd.,شركة مساكن الانوار الذهبية المحدودة,Makkah,10011784,Unclassified/Other,Active,293435
2249,rawdat altawhid Hotel Hotel,فندق روضة التوحيد الفندقية,Makkah,10011593,Unclassified/Other,Active,291964
2250,rawdat altawhid Hotel Hotel,فندق روضة التوحيد الفندقية,Makkah,10011592,Unclassified/Other,Active,292276
2251,JWA Company,شركة جاي دبليو إيه,Makkah,10011591,Unclassified/Other,Active,293476
2252,asaad afandi bin abd allah afandi alataqi,مؤسسة اسعد افندي بن عبد الله افندى العتاقي,Makkah,10011588,Unclassified/Other,Active,292898
2253,Sama Maysan General Contracting Establishment,مؤسسة سما ميسان للمقاولات العامة,Makkah,10011587,Unclassified/Other,Active,291960
2254,albina alasriyya Establishment For Contracting,مؤسسة البناء العصرية للمقاولات,Makkah,10011760,Unclassified/Other,Active,292890
2255,Mohammed bin Ahmed bin Ali Al Asiri Maintenance an,مؤسسة محمد بن احمد بن علي العسيري للصيانة والنظافة,Makkah,10011759,Unclassified/Other,Active,293315
2256,Rashad Muhammad Abdul Rahman Naqib Foundation,مؤسسة رشاد محمد عبدالرحمن نقيب التجارية,Makkah,10011758,Unclassified/Other,Active,300242
2257,abna omar said abood bafel Company Ltd.,شركة أبناء عمر سعيد عبود بافيل المحدودة,Makkah,10011757,Unclassified/Other,Active,295975
2258,Darb Almutamir Hotel Hotel,فندق درب المعتمر الفندقية,Makkah,10011756,Unclassified/Other,Active,294835
2259,diyar alaziziya aldhahabiya Establishment,مؤسسة ديار العزيزية الذهبية,Makkah,10012255,Unclassified/Other,Active,297719
2260,burhan al tijarah Company Ltd.,شركة برهان التجارة المحدودة,Makkah,10012253,Unclassified/Other,Active,297455
2261,RAYAN RAJEH ALKABKABI Hostel For Tourist,نزل ريان راجح الكبكبي للايواء السياحي,Makkah,10012252,Unclassified/Other,Active,296675
2262,telalalyaqen,مؤسسة يقين للادارة لتشغيل الفنادق,Makkah,10012251,Unclassified/Other,Active,296755
2263,Ilaf International Investment Company,شركة إيلاف للاستثمار الدولي ,Makkah,10012250,1-Star,Active,296535
2264,ABID EIDHA ALHARTHI Establishment For Public Servi,مؤسسة عابد عيضه الحارثي للخدمات العامة,Makkah,10012249,Unclassified/Other,Active,296595
2265,alkhaymah Company To operate hotels,شركة الخيمة لتشغيل الفنادق,Makkah,10012248,Unclassified/Other,Active,297135
2266,Turbal Thari Company Hotel shakhs wahid,شركة تربل ثري الفندقية شخص واحد,Madina,10012247,1-Star,Active,296695
2267,Mohammed bin Ahmed bin Ali Al Asiri Maintenance an,مؤسسة محمد بن احمد بن علي العسيري للصيانة والنظافة,Makkah,10012246,Unclassified/Other,Active,296635
2268,Asala Alhijaz Establishment Hotel,مؤسسة أصالة الحجاز الفندقية,Makkah,10012245,Unclassified/Other,Active,296935
2269,alkhaymah To operate hotels Company,شركة الخيمة لتشغيل الفنادق,Makkah,10011156,1-Star,Active,290159
2270,New Al-Samman Hotel,فندق السمان الجديد الفندقية,Madina,10011155,Unclassified/Other,Active,289935
2271,ABDULELAH ALI ALHAZMI Establishment Commercial,مؤسسة عبدالاله بن علي الحازمي التجارية,Makkah,10011617,Unclassified/Other,Active,293139
2272,RAGHAD FAHAD ALMAJNONI Hostel,نزل رغد فهد المجنوني,Madina,10011616,Unclassified/Other,Active,292315
2273,Diamond Tower Hotel Apartments,فندق البرج الماسي للشقق الفندقية,Makkah,10011613,1-Star,Active,296415
2274,Najma Israa AlDhahabi Hotel Services Company,شركة نجمة اسراء الذهبي للخدمات الفندقية,Makkah,10011612,Unclassified/Other,Active,292344
2275,Najma Israa Al-Dhahabi Hotel Services Company,شركة نجمة اسراء الذهبي للخدمات الفندقية,Makkah,10011611,Unclassified/Other,Active,292035
2276,MOAN ADEL M BINYASEEN Establishment,مؤسسة معان عادل بن محمد بن ياسين,Makkah,10011610,Unclassified/Other,Active,292187
2277,Yousef Abdulhadi Hamed AlOsaimi Hotel Establishme,مؤسسة يوسف عبدالهادى حامد العصيمى الفندقية,Makkah,10011609,Unclassified/Other,Active,292341
2278,masakin alanwar aldhahabiya Company Ltd.,شركة مساكن الانوار الذهبية المحدودة,Makkah,10011783,Unclassified/Other,Active,293485
2279,aaisha abdulhamid muski charitable trust,وقف عائشة عبدالحميد مسكي,Makkah,10011782,Unclassified/Other,Active,292956
2280,Riwa alamal alfarid Establishment,مؤسسة رواء الأمل الفريد,Makkah,10011781,Unclassified/Other,Active,293148
2281,masakin alanwar aldhahabiya Company Ltd,شركة مساكن الانوار الذهبية المحدودة,Makkah,10011780,Unclassified/Other,Active,293142
2282,adam alkhayr Company Hotel,شركة ادم الخير الفندقية,Makkah,10011778,Unclassified/Other,Active,293275
2283,Manazil Alshuruq Company For Hotel Services,شركة منازل الشروق للخدمات الفندقيه,Makkah,10011777,1-Star,Active,293361
2284,dar almashair alawla Company Ltd,شركة دار المشاعر الأولى المحدودة,Makkah,10011776,Unclassified/Other,Active,292995
2285,Fadl alKhayr Company Hotel,شركة فضل الخير الفندقية,Makkah,10011774,Unclassified/Other,Active,293055
2286,khaleel zamaani biqim saheb zaadah charitable trus,وقف خليل زماني بيقم صاحب زاده,Makkah,10011773,Unclassified/Other,Active,296735
2287,Badr AlHadith Hotel Hotel Establishment,مؤسسة فندق بدر الحديث الفندقية,Makkah,10011772,Unclassified/Other,Active,294339
2288,Darb Almutamir Hotel Hotel,فندق درب المعتمر الفندقية,Makkah,10011755,Unclassified/Other,Active,295195
2289,Diyafat Al Naseem Al Mumayyaz Establishment,مؤسسة ضيافة النسيم المميز للوحدات السكنية,Makkah,10011754,Unclassified/Other,Active,292739
2290,Hostel atif,شركة عاطف عبدالقادر عبدالله عبدالقادر للتطوير والاستثمار العقاري شخص واحد,Makkah,10011753,Unclassified/Other,Active,292796
2291,hulul alqimma alealamia Company Ltd.,شركة حلول القمة العالمية المحدودة,Makkah,10011752,Unclassified/Other,Active,293455
2292,Turki Ali Mohammed AlSufyani Real Estate Services,مكتب تركى على محمد السفيانى للخدمات العقارية,Makkah,10011751,Unclassified/Other,Active,293936
2293,adwa alssaeada alhaditha Establishment,مؤسسة اضواء السعادة الحديثة,Makkah,10011750,Unclassified/Other,Active,292887
2294,ABDULRAHMAN MUBARAK ABDULRAHMAN AL OSFUR Office Fo,مكتب عبدالرحمن مبارك عبدالرحمن ال عصفور للخدمات العقارية,Makkah,10011749,Unclassified/Other,Active,293655
2295,aknan alsafa Company Hotel,شركة اكنان الصفا الفندقية,Makkah,10011748,Unclassified/Other,Active,293921
2296,AYYAD EID ALOSSAIMI Establishment,مؤسسة عياد عيد العصيمى,Makkah,10011747,Unclassified/Other,Active,293495
2297,alAman alArabiyya Hotel,شركة الأمان العربية للخدمات الفندقيه,Madina,10012183,1-Star,Active,299496
2298,SAUD ALI ALSHAREEF Establishment,مؤسسة سعود بن علي الشريف,Makkah,10012182,Unclassified/Other,Active,295855
2299,aldiyaafah aldahabiah almutamayyizah Hostel,نزل الضيافة الذهبية المتميزة,Makkah,10012181,Unclassified/Other,Active,295535
2300,lilnazal almuaqmuasasat sama albashayir alsiyahiat,مؤسسة سما البشائر السياحية للنزل المؤقت,Makkah,10012180,Unclassified/Other,Active,296435
2301,Mashair AlKaram Hotel Hotel,فندق مشاعر الكرام الفندقية,Makkah,10012179,Unclassified/Other,Active,297075
2302,bashayir alijabah Establishment,مؤسسة بشاير الإجابه,Makkah,10012176,1-Star,Active,297295
2303,Waqf Hasan Salem Aljafri Establishment,مؤسسة وقف حسن سالم الجفري,Makkah,10012175,Unclassified/Other,Active,299361
2304,Waqf Hasan Salem Aljafri Establishment,مؤسسة وقف حسن سالم الجفري,Makkah,10012174,Unclassified/Other,Active,299135
2305,Waqf Hasan Salem Aljafri Establishment,مؤسسة وقف حسن سالم الجفري,Makkah,10012173,Unclassified/Other,Active,299515
2306,Qimam Abalah Establishment Commercial,مؤسسة قمم عبالة التجارية,Makkah,10012172,Unclassified/Other,Active,295078
2307,ajnihat muna Hostel,نزل أجنحة منى,Makkah,10011608,Unclassified/Other,Active,293582
2308,ALI HUSSAIN ALQURASHI Hostel For tourist lodges,نزل على بن حسين القرشي للنزل السياحيه,Makkah,10011607,Unclassified/Other,Active,292195
2309,Muneeb Hostel For tourist lodges,نزل منيب للنزل السياحيه,Makkah,10011606,Unclassified/Other,Active,293801
2310,abraj jawharat alzahra Establishment,مؤسسة ابراج جوهرة الزهراء,Makkah,10011605,Unclassified/Other,Active,292257
2311,ADEL SALEH ALSULAIMANI Hostel For tourist lodges,نزل عادل صالح السليمانى للنزل السياحيه,Makkah,10011648,Unclassified/Other,Active,292579
2312,Banayat AlSafa Establishment Real Estate,مؤسسة بنايات الصفا العقارية,Makkah,10011647,Unclassified/Other,Active,293503
2313,mashaaer dar albarakah Hostel,نزل مشاعر دار البركة,Makkah,10011646,Unclassified/Other,Active,293512
2314,Sama Alshaair Company To operate hotels,شركة سما الشعائر لتشغيل الفنادق,Makkah,10011645,Unclassified/Other,Active,292189
2315,ALI FAHAD ALHARBI Hostel,نزل على بن فهد الحربى,Makkah,10011644,Unclassified/Other,Active,296016
2316,alshahba almaskia Company,شركة الشهباء الماسية,Makkah,10011643,1-Star,Active,293095
2317,TRIPLE ONE HOTEL,فندق تريبل ون الفندقية,Madina,10011771,1-Star,Active,294599
2318,zahr almada Company,شركة زهر المدى,Makkah,10011770,Unclassified/Other,Active,293780
2319,alkhayr almuttahida Company Ltd. shakhs wahid,شركة الخير المتحدة المحدودة شخص واحد,Makkah,10011769,Unclassified/Other,Active,292915
2320,abdullah muhammad alzahrani altijaria shakhsi wahi,شركة عبدالله محمد الزهراني التجارية شخص واحد,Makkah,10011767,Unclassified/Other,Active,293143
2321,abdullah muhammad alzahrani altijaria shakhsi wahi,شركة عبدالله محمد الزهراني التجارية شخص واحد,Makkah,10011766,Unclassified/Other,Active,293480
2322,Wahat Alfaris Hotel for hospitality tourism,فندق واحة الفارس للضيافة السياحي,Makkah,10011765,Unclassified/Other,Active,293145
2323,aknan alsafa Company Hotel,شركة اكنان الصفا الفندقية,Makkah,10011764,Unclassified/Other,Active,293498
2324,IBRAHIM ISMAIL JOHARJI Establishment,مؤسسة ابراهيم اسماعيل جوهرجى,Makkah,10012020,Unclassified/Other,Active,294261
2325,Al Riffa Al Omrani Company Limited,شركة فيفيان للخدمات الفندقية,Makkah,10012061,1-Star,Active,294259
2326,Hotel dorat aljwhara for hospitality tourism,فندق درة الجوهرة للضيافة السياحي,Makkah,10012060,Unclassified/Other,Active,294315
2327,Wahat Alfaris Hotel for hospitality tourism,فندق واحة الفارس للضيافة السياحي,Makkah,10011746,Unclassified/Other,Active,292880
2328,WASAYF MOHAMMED ALRUQAYI Establishment,مؤسسة وصايف محمد الرقيعي,Makkah,10011744,Unclassified/Other,Active,293513
2329,Almira Al Mithali Estab For Maintenance & Cleaning,مؤسسة المعيار المثالي للصيانة والنظافة,Makkah,10011743,Unclassified/Other,Active,293781
2330,NoorAlfalaq Hostel,نزل نورآلفلاق,Makkah,10011742,Unclassified/Other,Active,292889
2331,ABDULAZIZ SUHAIL ALGHAMDI Company,شركة عبدالعزيز سهيل الغامدي,Makkah,10011741,Unclassified/Other,Active,294376
2332,qasr alihsan Hotel For Hotel Services,فندق قصر الاحسان للخدمات الفندقيه,Makkah,10011740,1-Star,Active,294340
2333,Almustahdith almasuuliyya almuaddada,شركة المستحدث للمقاولات شركة ذات المسؤولية المحدودة من,Makkah,10011739,Unclassified/Other,Active,292877
2334,EMAAR MILLION Company Ltd.,شركة إعمار مليون المحدودة,Makkah,10011738,Unclassified/Other,Active,292798
2335,MWASEEM ALKHEIR HOTEL,شركة مواسم الخير للسفر والسياحة,Makkah,10011736,1-Star,Active,292882
2336,Jawharat Alnuzhah Hotel Hotel,فندق جوهرة النزهة الفندقية,Makkah,10011735,1-Star,Active,293519
2337,Abdulrab Karam Elahi Fadl Elahi Hafez Abdullah Inf,مؤسسة عبدالرب كرم الهى فضل الهى حافظ عبدالله لتقنية المعلومات,Makkah,10012171,Unclassified/Other,Active,295495
2338,Asl aljawhara Establishment Hotel,مؤسسة أصل الجوهرة الفندقية,Makkah,10012170,Unclassified/Other,Active,295255
2339,Adnan Saeed Al-Saadi Tourist Lodge,نزل عدنان سعيد الصاعدي للنزل السياحيه,Makkah,10012169,Unclassified/Other,Active,296335
2340,Mohammed Bin Ayesh Bin Ahmed Yahya Al Ahdal Furnit,مؤسسة محمد بن عايش بن احمديحي الاهدل للمفروشات,Makkah,10012167,Unclassified/Other,Active,298915
2341,Saada Ajiyad Hotel,فندق سعداء أجياد,Makkah,10012166,Unclassified/Other,Active,297175
2342,FAISAL BIN HUMAYDAN ALHARBI Establishment,مؤسسة فيصل بن حميدان الحربى,Makkah,10012165,Unclassified/Other,Active,296115
2343,qafan Company For Real Estate,شركة قفان للتطوير والاستثمار العقاري,Makkah,10012164,Unclassified/Other,Active,295075
2344,qafan Company For Real Estate,شركة قفان للتطوير والاستثمار العقاري,Makkah,10012163,Unclassified/Other,Active,295235
2345,DUR ALTAMAYZ,مكتب دور التميز العقاري,Makkah,10012162,Unclassified/Other,Active,296215
2346,MOHAMMED AWWAD AL SHERBI Establishment Commercial,مؤسسة محمد عواض الشربي التجارية,Makkah,10012161,Unclassified/Other,Active,296355
2347,Ajnihat Alkhaleej Company Hotel,شركة أجنحة الخليج الفندقية,Makkah,10012036,1-Star,Active,294715
2348,Hak AlWataniya Establishment For Contracting,مؤسسة هاك الوطنية للمقاولات,Makkah,10012035,Unclassified/Other,Active,294696
2349,Marmara Group for Umra services,شركة مجموعة مرمرة لخدمات المعتمرين,Makkah,10012037,1-Star,Active,294237
2350,Abaq Al Neel Commercial Establishment,شركة عبق النيل المتحدة التجارية,Makkah,10012034,Unclassified/Other,Active,294328
2351,Midad AlMashair Hotel For Hotel Apartments,فندق مداد المشاعر للشقق الفندقية,Makkah,10012032,Unclassified/Other,Active,294038
2352,Qatrat alNada Apartments For Serviced Apartments,شقق قطرات الندى للشقق المخدومة,Makkah,10012031,Unclassified/Other,Active,294122
2353,Ihda alWisam Hostel,نزل إهداء الوسام,Makkah,10012030,Unclassified/Other,Active,294119
2354,Alnajd Aldawli Office For electronic services,مكتب النجد الدولي للخدمات الالكترونية,Makkah,10012029,Unclassified/Other,Active,295135
2355,Turki Ali Mohammed AlSufyani Real Estate Services,مكتب تركى على محمد السفيانى للخدمات العقارية,Makkah,10012028,Unclassified/Other,Active,294175
2356,Saleh Alwadhinani,مؤسسة صالح عويض هاضل الوذيناني للمقاولات العامة,Makkah,10012027,Unclassified/Other,Active,293972
2357,amina bibi muhammad husayn khan charitable trust,وقف امينة بيبي محمد حسين خان,Makkah,10011394,Unclassified/Other,Active,292259
2358,OMAR SAEED O BAHATHEQ Hostel For tourist lodges,نزل عمر بن سعيد بن عمر باحاذق للنزل السياحيه,Makkah,10011393,Unclassified/Other,Active,297435
2359,Mubadra,مؤسسة مبادرة للتشغيل والصيانة,Makkah,10011392,Unclassified/Other,Active,291320
2360,tayyib almasakin Establishment,مؤسسة طيب المسكن,Makkah,10011391,Unclassified/Other,Active,290935
2361,abna faisal abdulrahman rays Company Ltd.,شركة أبناء فيصل عبدالرحمن ريس المحدودة,Makkah,10011390,Unclassified/Other,Active,294268
2362,abna faisal abdulrahman rays Company Ltd.,شركة أبناء فيصل عبدالرحمن ريس المحدودة,Makkah,10011389,Unclassified/Other,Active,293756
2363,Company PRADAIS LAND AL-FANDAQUI AL-ALAMIYYA Ltd,شركة برادايس لاند الفندقية العالمية المحدودة,Makkah,10011387,1-Star,Active,291182
2364,adwa alssaeada alhaditha Establishment,مؤسسة اضواء السعادة الحديثة,Makkah,10011385,Unclassified/Other,Active,291075
2365,hajjaj alijabah Establishment,مؤسسة حجاج الإجابة,Makkah,10011384,Unclassified/Other,Active,293880
2366,Muwaffaq Abdulhai Muhammad Amira General Contracti,مؤسسة موفق بن عبدالحى بن محمد عميره للمقاولات العامة,Makkah,10011383,Unclassified/Other,Active,293514
2367,Rua Grand Hotel,فندق رؤى جراند,Madina,10010898,1-Star,Active,271915
2368,KAYAN ALMASY  HOTEL,فندق كيان الماسي الفندقية,Madina,10002577,Unclassified/Other,Active,274959
2369,rihla ada Hostel,نزل رحلة اداء,Makkah,10011734,Unclassified/Other,Active,293792
2370,madinat safwat alaalam Company,شركة مدينة صفوة العالم,Madina,10011733,Unclassified/Other,Active,292955
2371,muasasat manazil alsufara' lilmuqawalat,مؤسسة منازل السفراء للمقاولات,Makkah,10011731,Unclassified/Other,Active,292881
2372,hasan bin muhammad shaykh jamal allayl charitable,وقف حسن بن محمد شيخ جمل الليل,Makkah,10011730,Unclassified/Other,Active,294338
2373,Establishmen AHMAD MOHAMED ALWAHIDI,مؤسسة أحمد محمد بن محمد الواحدي التجارية,Makkah,10011729,Unclassified/Other,Active,293786
2374,Muwaffaq Abdulhai Muhammad Amira General Contracti,مؤسسة موفق بن عبدالحى بن محمد عميره للمقاولات العامة,Makkah,10011728,Unclassified/Other,Active,293817
2375,Munira Amr Al Jaid Hotel Management Company,مؤسسة منيره عمرو الجعيد لتشغيل الفنادق,Makkah,10011727,Unclassified/Other,Active,294337
2376,Establishment For Hotel Services,مؤسسة تميز الصفوة للخدمات الفندقيه,Makkah,10012081,Unclassified/Other,Active,294345
2377,MOHAMMED AWWAD AL SHERBI Establishment Commercial,مؤسسة محمد عواض الشربي التجارية,Makkah,10012160,Unclassified/Other,Active,295815
2378,Hazm almawani Establishment,مؤسسة حزم الموانئ,Makkah,10012159,Unclassified/Other,Active,295455
2379,Establishment For laundry,مؤسسة راكان راجح ضيف الله الكبكبي لغسيل الملابس,Makkah,10012158,Unclassified/Other,Active,295695
2380,Establishment For laundry,مؤسسة راكان راجح ضيف الله الكبكبي لغسيل الملابس,Makkah,10012157,Unclassified/Other,Active,296125
2381,DANISHCO Establishment,مؤسسة دانشكو,Makkah,10012156,Unclassified/Other,Active,295355
2382,HESHAM ABDULMALEK BINDEHAISH Establishment Hotel,مؤسسة هشام عبدالملك بن دهيش الفندقية,Makkah,10012155,1-Star,Active,297775
2383,rawdat altawhid Hotel Hotel,فندق روضة التوحيد الفندقية,Makkah,10012152,Unclassified/Other,Active,296038
2384,ABDULJALEEL ABDULHADI A ZAMZAMI Hostel,نزل عبدالجليل عبدالهادي علي زمزمى للنزل السياحيه,Makkah,10012151,Unclassified/Other,Active,295335
2385,Aaliyah Juhaynah Hostel For tourist lodges,نزل عالية جهينة للنزل السياحيه,Madina,10012150,Unclassified/Other,Active,295995
2386,Group For operation and maintenance,مجموعة وليد محمد عزيزالرحمن عزيزالرحمن للتشغيل والصيانة,Makkah,10012149,Unclassified/Other,Active,295375
2387,Masarat Intrnational company,شركة مسارات المملكة الدولية المحدودة,Makkah,10012026,Unclassified/Other,Active,294316
2388,Durat alkhaleej alfidhi Hotel Hotel,فندق درة الخليج الفضي الفندقية,Madina,10012025,1-Star,Active,300234
2389,jusur almashair Company To operate hotels,شركة جسور المشاعر لتشغيل الفنادق,Makkah,10012024,Unclassified/Other,Active,294121
2390,Musaed Bin Hussein Bin Khaishan Al-Omairi Contract,مؤسسة مساعد بن حسين بن خيشان العميري للمقاولات,Makkah,10012023,Unclassified/Other,Active,295275
2391,Zakariya Zamil Company,شركة زكريا زامل,Makkah,10012022,Unclassified/Other,Active,297715
2392,Safa Almasiya Establishment For Hotel Apartments,مؤسسة صفا الماسية للشقق الفندقية,Makkah,10012019,Unclassified/Other,Active,295055
2393,mabna aldar albayda Establishment,مؤسسة مبنى الدار البيضاء,Makkah,10012018,Unclassified/Other,Active,294118
2394,Ghazil Abdullah bin Mubarak AlKurbi,مؤسسة غزيل عبدالله بن مبارك الكربي التجارية,Makkah,10012017,Unclassified/Other,Active,294999
2395,MUBASHIR MOHAMMED,نزل مبشر محمد مبشر ال غرمان للنزل السياحيه,Makkah,10012016,Unclassified/Other,Active,298416
2396,ribat almabrah Hostel For tourist lodges,نزل رباط المبرة للنزل السياحيه,Makkah,10012015,Unclassified/Other,Active,298075
2397,Aali alqimma Exhibition For Cars,معرض أعالي القمة للسيارات,Makkah,10011382,Unclassified/Other,Active,291981
2398,MASHAEL ADNAN ALKISHAN Establishment Commercial,مؤسسة مشاعل عدنان الكيشان التجارية,Makkah,10011381,Unclassified/Other,Active,291359
2399,ALRAHMA TOWER LODGE,مؤسسة بلال عبدالله عبدالعزيز التويجري للتجارة,Makkah,10011380,Unclassified/Other,Active,291338
2400,Hostel For tourist lodges,نزل خالد بن محمد بن حمدان اللهيبي للنزل السياحيه,Makkah,10011379,Unclassified/Other,Active,292635
2401,Diyafat alBayt Company,شركة ضيافة البيت,Makkah,10011378,Unclassified/Other,Active,290955
2402,alqulub almutaalifah Hostel For tourist lodges,نزل القلوب المتآلفة للنزل السياحيه,Makkah,10011377,Unclassified/Other,Active,293636
2403,aalam alnojoom Company Hotel,شركة عالم النجوم الفندقية,Madina,10011376,1-Star,Active,292335
2404,Saqr Quraish Establishment Commercial,مؤسسة صقر قريش التجارية,Makkah,10011375,Unclassified/Other,Active,297995
2405,Hotel For Tourist Accommodation,فندق عبدالله بن حامد بن سويلم القرشي للايواء السياحي,Makkah,10011374,Unclassified/Other,Active,290977
2406,arwiqat alsafwa Hotel,فندق أروقة الصفوة,Makkah,10011373,1-Star,Active,293615
2407,NAWAL MOHAMMED ALQAHTANI Hostel,نزل نوال محمد القحطاني,Makkah,10011726,Unclassified/Other,Active,293718
2408,Badr AlHadith Hotel Hotel Establishment,مؤسسة فندق بدر الحديث الفندقية,Makkah,10011725,Unclassified/Other,Active,293775
2409,Humam almashaaer Establishment Commercial,مؤسسة همم المشاعر التجارية,Makkah,10011724,Unclassified/Other,Active,292918
2410,Osama Al-Maghribi Real Estate Company,مؤسسة اسامه المغربي للعقارات,Makkah,10011723,Unclassified/Other,Active,293358
2411,Turki Ali Mohammed AlSufyani Real Estate Services,مكتب تركى على محمد السفيانى للخدمات العقارية,Makkah,10011722,Unclassified/Other,Active,293895
2412,SULAIMAN HASSAN HAMMUDAH Hostel For tourist lodges,نزل سليمان بن حسن حموده للنزل السياحيه,Makkah,10011721,Unclassified/Other,Active,292742
2413,Hotel Al Jabir,شركة الجابر الخدمات الدولية المحدودة,Makkah,10011720,1-Star,Active,292899
2414,Salem Algethami for tourist lodges,نزل سالم دغيليب القثامي للنزل السياحيه,Makkah,10011719,Unclassified/Other,Active,292891
2415,Company diafat alwisam almasi,شركة ضيافة الوسام الماسي,Makkah,10011717,Unclassified/Other,Active,292916
2416,SHAKER FAYSAL HAMOH Establishment,مؤسسة شاكر فيصل حموه,Makkah,10011716,Unclassified/Other,Active,293147
2417,Hostel For tourist lodges,نزل عيسى كريم سرحان الرشيدي للنزل السياحيه,Madina,10012148,Unclassified/Other,Active,298595
2418,Almustahdith lilmuqawalat Sharikat,شركة المستحدث للمقاولات شركة ذات المسؤولية المحدودة من,Makkah,10012147,Unclassified/Other,Active,295655
2419,EMAAR MILLION Company Ltd.,شركة إعمار مليون المحدودة,Makkah,10012146,Unclassified/Other,Active,295395
2420,salih bin ghazi aldhufayri washarkah likhidmat,شركة صالح بن غازي الظفيري وشركاه لخدمة حجاج الداخل المحدودة,Makkah,10012145,Unclassified/Other,Active,296275
2421,Ruz AlFidhi Hotel Hotel,فندق روز الفضي الفندقية,Madina,10012143,1-Star,Active,295935
2422,Almaharat Alraida Company For Trading,شركة المهارات الرائدة للتجارة,Makkah,10012142,Unclassified/Other,Active,295856
2423,Bihar al Sharq Establishment For logistics,مؤسسة بحار الشرق للخدمات اللوجستية,Makkah,10012141,Unclassified/Other,Active,295515
2424,ABDULAZIZ ZAMZAMI Establishment for Tourist Lodges,مؤسسة عبدالعزيز عبدالهادي علي زمزمي للنزل السياحية,Makkah,10012140,Unclassified/Other,Active,295456
2425,SULAIMAN ABDULLAH ALMEKHLEF Establishment,مؤسسة سليمان بن عبدالله المخلف,Makkah,10012139,Unclassified/Other,Active,298555
2426,ibrahim abd alrahman aljawhari Endowment,وقف إبراهيم عبدالرحمن الجوهري الوقفية,Makkah,10011832,Unclassified/Other,Active,293362
2427,EMAAR MILLION Company Ltd.,شركة إعمار مليون المحدودة,Makkah,10011831,Unclassified/Other,Active,293415
2428,Yasser Abdulhadi Hamed AlOsaimi Hotel Management,مؤسسة ياسر عبدالهادى حامد العصيمى لتشغيل الفنادق,Makkah,10011830,Unclassified/Other,Active,293457
2429,Darb Almutamir Hotel Hotel,فندق درب المعتمر الفندقية,Makkah,10011829,Unclassified/Other,Active,294343
2430,Darb Almutamir Hotel Hotel,فندق درب المعتمر الفندقية,Makkah,10011828,Unclassified/Other,Active,293896
2431,Establishment Commercial,مؤسسة مستور بن مبيريك بن امبارك المطرفي التجارية,Makkah,10011827,Unclassified/Other,Active,298076
2432,nuzul ghaym Establishment,مؤسسة نزل غيم,Makkah,10011825,Unclassified/Other,Active,293376
2433,Altamour Company for Hotel services shakhs wahid,شركة التامور للخدمات الفندقية شخص واحد,Makkah,10011824,Unclassified/Other,Active,293828
2434,KHALAF MUSLIH ALQURASHI Establishment,مؤسسة خلف بن مصلح القرشى,Makkah,10011823,Unclassified/Other,Active,293535
2435,Mehad Al MAdina Plus Hotel,فندق مهاد المدينة بلس الفندقية,Madina,10011822,1-Star,Active,293255
2436,Fahd Abdulhadi Saad Alotaibi Establishment For Con,مؤسسة فهد عبدالهادي سعد العتيبي للمقاولات,Makkah,10011371,Unclassified/Other,Active,291917
2437,Hotel For Tourist Accommodation,فندق عبدالله بن حامد بن سويلم القرشي للايواء السياحي,Makkah,10011370,Unclassified/Other,Active,292756
2438,Khaled Ahmad Alsaigh EST,مؤسسة خالد احمد الصايغ التجارية,Makkah,10011369,Unclassified/Other,Active,291355
2439,thna albnna llmqawlat waltatwir Company Ltd.,شركة ثنا البناء للمقاولات والتطوير المحدودة,Makkah,10011368,Unclassified/Other,Active,291415
2440,Abdullah bin Hamed bin Mubarak Al-Jabri Foodstuffs,تموينات عبدالله بن حامد بن امبارك الجابري للمواد الغذائية,Makkah,10011367,Unclassified/Other,Active,291360
2441,adwa alssaeada alhaditha Establishment,مؤسسة اضواء السعادة الحديثة,Makkah,10011366,Unclassified/Other,Active,291318
2442,BANDAR MOHAMMAD ALHAMAZANI Establishment,مؤسسة بندر بن محمد الهمزاني,Makkah,10011365,Unclassified/Other,Active,290976
2443,Baloura Al Durra Hotel Services Company,شركة بلورة الدرة للخدمات الفندقية,Makkah,10011364,Unclassified/Other,Active,292975
2444,Aljad Alshasha Hotel Hotel,فندق الجاد الششة الفندقية,Makkah,10011400,Unclassified/Other,Active,294155
2445,AHMED SAMEER ALWASSABI Establishment Commercial,مؤسسة أحمد سمير الوصابي التجارية,Makkah,10011715,Unclassified/Other,Active,293995
2446,AHMED SAMEER ALWASSABI Establishment Commercial,مؤسسة أحمد سمير الوصابي التجارية,Makkah,10011714,Unclassified/Other,Active,295575
2447,alwaqt althamin lilkhadamat altijaria sharikat sha,شركة الوقت الثمين للخدمات التجارية شركة شخص واحد,Makkah,10011713,Unclassified/Other,Active,293696
2448,Qubat Najd Saleh Muhammad Al Najidi Establishment,مؤسسة قبة نجد لصاحبهانجيد صالح محمد النجيدي,Makkah,10011712,Unclassified/Other,Active,293436
2449,inaya hotel management Company Ltd.,شركة عناية هوتيل مانجمينت المحدودة,Makkah,10011711,Unclassified/Other,Active,293035
2450,OMAR AHMAD ALAMOODI Establishment,مؤسسة عمر احمد العمودي,Makkah,10011710,Unclassified/Other,Active,292593
2451,Diyar Ajwa Tapestry by Hilton Company,شركة ديار عجوة تابستري باي هيلتون,Madina,10011709,Unclassified/Other,Active,293195
2452,Company Ltd. shakhs wahid,شركة وقار العالمي المحدودة شخص واحد,Madina,10011708,1-Star,Active,293891
2453,Almustahdith lilmuqawalat,شركة المستحدث للمقاولات شركة ذات المسؤولية المحدودة من,Makkah,10011707,Unclassified/Other,Active,293438
2454,salih bin ghazi aldhufayri washarkah likhidmat huj,شركة صالح بن غازي الظفيري وشركاه لخدمة حجاج الداخل المحدودة,Makkah,10012138,Unclassified/Other,Active,295817
2455,HANE MESFER H ALQARASHI Esta,مؤسسة هاني مسفر حسن القرشي للمقاولات المعمارية العامة,Makkah,10012137,Unclassified/Other,Active,296255
2456,masakin alanwar aldhahabiya Company Ltd,شركة مساكن الانوار الذهبية المحدودة,Makkah,10012136,Unclassified/Other,Active,295736
2457,Jawhara Maysan AlFadhila Hotel forhospitality tour,فندق جوهرة ميسان الفضيلة للضيافة السياحي,Makkah,10012135,Unclassified/Other,Active,296235
2458,HOSTEL ATIF,شركة عاطف عبدالقادر عبدالله عبدالقادر للتطوير والاستثمار العقاري شخص واحد,Makkah,10012133,Unclassified/Other,Active,295315
2459,alsayyid husayn abdalghaffar charitable trust,وقف السيد حسين عبدالغفار,Makkah,10012131,Unclassified/Other,Active,295816
2460,SALEH QASHLAN EST,مؤسسة صالح حمزه قشلان,Makkah,10012129,Unclassified/Other,Active,298936
2461,Company AFAMIA ELITE,شركة أفاميا إليت,Madina,10012128,Unclassified/Other,Active,294997
2462,amara aldhahabiya Company for Hotel services,شركة عماره الذهبية للخدمات الفندقية,Makkah,10012232,1-Star,Active,297095
2463,altarmim alalami aldhahabi Establishment,مؤسسة الترميم العالمي الذهبي,Makkah,10012231,Unclassified/Other,Active,296295
2464,Naseem Alsharia Hotel Hotel Establishment,مؤسسة فندق نسيم الشريعه الفندقية,Madina,10011821,1-Star,Active,293196
2465,Company Ajnahat Alsaada,شركة اجنحة السعادة,Makkah,10011820,1-Star,Active,293136
2466,Marjan Al-Mashaaer Hotel Services Company,شركة مرجان المشاعر للخدمات الفندقية شخص واحد,Makkah,10011819,1-Star,Active,293940
2467,NASSER MARZOUQ ALHARBI Hotel For Hotel Services,فندق ناصر مرزوق الحربي للخدمات الفندقيه,Makkah,10011817,Unclassified/Other,Active,296955
2468,ORVANA Company,شركة أورفانا,Makkah,10011816,Unclassified/Other,Active,293518
2469,Atlas Company Hotel qabidah,شركة اطلس الفندقية قابضة,Makkah,10011815,Unclassified/Other,Active,299624
2470,Mohammed bin Riyal bin Mohammed Sadhan,مؤسسة محمد بن ريال بن محمد صادهان لتشغيل الفنادق,Makkah,10011814,Unclassified/Other,Active,293360
2471,jawharat almaad Hotel For Tourist Accommodation,فندق جوهرة المعاد للايواء السياحي,Makkah,10011813,Unclassified/Other,Active,293715
2472,masharif alikhae Company Ltd.,شركة مشارف الإخاء المحدودة,Makkah,10012014,Unclassified/Other,Active,294116
2473,Bosphorus Hotel Tow,فندق البسفور اثنان,Madina,10006042,Unclassified/Other,Active,235038
2474,Hamed Bin Mohammed Bin Hamed Al Hamed Trading Est,مؤسسة حامد بن محمد بن حامد الحامد للتجارة,Makkah,10011399,Unclassified/Other,Active,292455
2475,bagabas Hotel,فندق عبدالله محمد باقبص الفندقية,Makkah,10011398,Unclassified/Other,Active,290983
2476,SALEH MOHAMMAD ALQURASHI Establishment Hotel,مؤسسة صالح بن محمد القرشي الفندقية,Makkah,10011397,Unclassified/Other,Active,291576
2477,Company mas alttalae,شركة ماس الطلائع,Makkah,10011863,1-Star,Active,293955
2478,afwaj albayt Company Hotel,شركة أفواج البيت الفندقية,Makkah,10011862,Unclassified/Other,Active,293509
2479,Establishment For Hotel Services,مؤسسة تميز الصفوة للخدمات الفندقيه,Makkah,10011861,Unclassified/Other,Active,293797
2480,Lamar Al Salam Group For Hotel Apartments,مجموعة لمار السلام للشقق الفندقية,Makkah,10011860,Unclassified/Other,Active,296121
2481,OMAR SALIM MOSLAM,مؤسسة عمر سليم مسلم القرشي التجارية,Makkah,10011858,Unclassified/Other,Active,293823
2482,Ibrahim Ismail bin Abdulrazak Ali Commercial,مؤسسة ابراهيم اسماعيل بن عبدالرزاق علي التجارية,Makkah,10011856,Unclassified/Other,Active,293970
2483,abdallatif alhaj yunus fentyanah charitable trust,وقف عبداللطيف الحاج يونس فنتيانه,Makkah,10012080,Unclassified/Other,Active,294736
2484,sifat altamayyuz wa alibdaa Company,شركة صفات التميز و الابداع,Makkah,10012079,Unclassified/Other,Active,297535
2485,SAUD ALI ALSHAREEF Establishment,مؤسسة سعود بن علي الشريف,Makkah,10012078,Unclassified/Other,Active,294955
2486,Mohammed Ahmed Abdulsamed Hostel Tourist Hospilaty,نزل محمد احمد عبدالصمد للضيافة السياحي,Makkah,10012077,Unclassified/Other,Active,295115
2487,almudhia almasiya Company Ltd.,شركة المضيئة الماسية المحدودة,Makkah,10012076,1-Star,Active,297720
2488,KHALID WALEED ALI AEQ Hostel For tourist lodges,نزل خالد وليد علي عائق للنزل السياحيه,Makkah,10012075,Unclassified/Other,Active,294325
2489,Mohammed Bin Ayesh Bin Ahmed Yahya AlAhdal Furnit,مؤسسة محمد بن عايش بن احمديحي الاهدل للمفروشات,Makkah,10012073,Unclassified/Other,Active,298475
2490,MESHAL MUBARAK MUNEER ALSHAJANI Hostel,نزل مشعل مبارك بن منير الشجعانى للنزل السياحيه,Makkah,10012072,Unclassified/Other,Active,294323
2491,ABDULLAH MOHAMMED ALQAHTANI Company,شركة عبدالله محمد القحطاني,Makkah,10012071,Unclassified/Other,Active,294717
2492,MOHAMMED ALJABRI HOTeL CO,شركة محمد بن فالح الجابرى الفندقية,Makkah,10012070,Unclassified/Other,Active,296895
2493,aamar alnazhah almutamayyiz Hotel,فندق اعمار النزهه المتميز,Makkah,10012230,1-Star,Active,296120
2494,SAEED ABDULLAH ALGHAMDI Establishment Commercial,مؤسسة سعيد عبدالله الغامدي التجارية,Makkah,10012229,Unclassified/Other,Active,296135
2495,Moro Company Global lilshqq walfanadiq sharikat sh,شركة مورو العالمية للشقق والفنادق شركة شخص واحد,Makkah,10012228,Unclassified/Other,Active,295735
2496,Zahrat Al Madain Hotel Company,شركة زهرة المدائن الفندقية ,Makkah,10012227,1-Star,Active,296395
2497,eesa hotel,نزل عيسى كريم سرحان الرشيدي للنزل السياحيه,Madina,10012226,1-Star,Active,299744
2498,HANE MESFER H ALQARASHI Esta,مؤسسة هاني مسفر حسن القرشي للمقاولات المعمارية العامة,Makkah,10012225,Unclassified/Other,Active,295875
2499,salih bin ghazi aldhufayri washarkah likhidmat huj,شركة صالح بن غازي الظفيري وشركاه لخدمة حجاج الداخل المحدودة,Makkah,10012224,Unclassified/Other,Active,297016
2500,aknan alsafa Company Hotel,شركة اكنان الصفا الفندقية,Makkah,10012223,Unclassified/Other,Active,297476
2501,OQAB MURAYZIQ ALOTAIBI Establishment,مؤسسة عقاب بن مريزيق العتيبي,Makkah,10012222,Unclassified/Other,Active,296575
2502,FAWZAN SAAD ALOMAYRI Company,شركة فوزان سعد العميرى,Makkah,10012221,Unclassified/Other,Active,296995
2503,YAHYA HAMDAN ALHARBI charitable trust,وقف يحيى بن حمدان الحربي,Makkah,10011578,Unclassified/Other,Active,293794
2504,ABDULKARIM SAEED ALZAHRANI Establishment,مؤسسة عبدالكريم سعيد الزهراني,Makkah,10011577,Unclassified/Other,Active,293483
2505,adwa alssaeada alhaditha Establishment,مؤسسة اضواء السعادة الحديثة,Makkah,10011576,Unclassified/Other,Active,291859
2506,Samad Company Ltd.,شركة سمد المحدودة,Makkah,10011575,Unclassified/Other,Active,294359
2507,TURKI ALI ALSEFYANI Hostel For tourist lodges,نزل تركى على السفيانى للنزل السياحيه,Makkah,10011574,Unclassified/Other,Active,293815
2508,Yasser Abdulhadi Hamed AlOsaimi Hotel Management,مؤسسة ياسر عبدالهادى حامد العصيمى لتشغيل الفنادق,Makkah,10011573,Unclassified/Other,Active,292879
2509,Yasser Abdulhadi Hamed Al-Osaimi Hotel Operations,مؤسسة ياسر عبدالهادى حامد العصيمى لتشغيل الفنادق,Makkah,10011572,Unclassified/Other,Active,292115
2510,Manzil AlFalak Hotel  Catering Solutions Company,شركة مانزيل ألفلاك هوتيل كاتيرينج سولوشنز,Makkah,10011571,1-Star,Active,293295
2511,Basma Esraa AlDhahabi Foundation for Operation an,مؤسسة بصمة اسراء الذهبي للتشغيل والصيانة,Makkah,10011570,Unclassified/Other,Active,291857
2512,jawharah muna Establishment,مؤسسة جوهرة منى,Makkah,10011569,Unclassified/Other,Active,294716
2513,Thabir alakhdar Hostel,نزل ثبير الأخضر,Makkah,10011854,Unclassified/Other,Active,293796
2514,umar musa rawas charitable trust,وقف عمر موسى رواس,Makkah,10011853,Unclassified/Other,Active,294598
2515,Company Ltd.,شركة حجوزات الخليج المحدودة,Makkah,10011852,Unclassified/Other,Active,293717
2516,KHALID SALEH ALMATRAFI Establishment,مؤسسة خالد صالح المطرفي,Makkah,10011850,Unclassified/Other,Active,293783
2517,Fawaz Al-Dhahabi Serviced Apartments,شقق فواز الذهبي للشقق المخدومة,Makkah,10011849,Unclassified/Other,Active,293784
2518,Hassan Jameel Thigha Hostel,فندق حسن جميل عبدالغني ثقه الفندقية,Makkah,10011848,Unclassified/Other,Active,295976
2519,Establishment Commercial,مؤسسة مستور بن مبيريك بن امبارك المطرفي التجارية,Makkah,10011847,Unclassified/Other,Active,298515
2520,Mohammed Ahmed Almatrafi,مؤسسة محمد بن احمد بن ناصر المطرفي التجارية,Makkah,10011846,Unclassified/Other,Active,293578
2521,Company For General ContrSULIMAN MOHAMMAD ALTAMIM,شركة سليمان محمد التميمي للمقاولات العامة,Makkah,10011845,Unclassified/Other,Active,293755
2522,ZUHAIR ABDULHAMID KHAYAT Establishment,مؤسسة زهير بن عبدالحميد خياط,Makkah,10011844,Unclassified/Other,Active,293918
2523,ABDULLAH MOHAMMED ALQAHTANI Company,شركة عبدالله محمد القحطاني,Makkah,10011943,Unclassified/Other,Active,293791
2524,Anwar Almarjan Company Ltd.,شركة أنوار المرجان المحدودة,Makkah,10011942,Unclassified/Other,Active,293971
2525,Diyafat Alnujum Establishment For residential unit,مؤسسة ضيافة النجوم للوحدات السكنية,Makkah,10011941,Unclassified/Other,Active,293822
2526,SAAD AHMED DEMYATI Establishment For Housing,مؤسسة سعد أحمد دمياطي للاسكان,Makkah,10011940,Unclassified/Other,Active,294675
2527,alkiram alfidi Hostel,نزل الكرام الفضي,Madina,10011938,Unclassified/Other,Active,293935
2528,7alHidayah alKubra Hotel Hotel,فندق الهداية الكبرى الفندقية,Makkah,10011937,Unclassified/Other,Active,293829
2529,makhayyam rafadah Company Ltd,شركة مخيم رفادة المحدودة شركة شخص واحد,Makkah,10011936,Unclassified/Other,Active,293789
2530,Moro Company Global lilshqq walfanadiq sharikat sh,شركة مورو العالمية للشقق والفنادق شركة شخص واحد,Makkah,10011935,Unclassified/Other,Active,293973
2531,ABDULAZIZ SUHAIL ALGHAMDI Company,شركة عبدالعزيز سهيل الغامدي,Makkah,10011934,Unclassified/Other,Active,294264
2532,makhayyam rafadah Company Ltd,شركة مخيم رفادة المحدودة شركة شخص واحد,Makkah,10011933,Unclassified/Other,Active,294935
2533,Imarat littashghil Company Ltd.,شركة إمارات للتشغيل المحدودة,Makkah,10012220,Unclassified/Other,Active,295095
2534,dhi almashair Establishment,مؤسسة ضيء المشاعر,Makkah,10012219,Unclassified/Other,Active,295936
2535,Ali Mohammed Abdullah Al Rajhi Endowment Foundatio,مؤسسة علي محمد عبدالله الراجحي الوقفية الأولى,Makkah,10012218,Unclassified/Other,Active,297198
2536,Ali Mohammed Abdullah Al Rajhi Endowment Foundatio,مؤسسة علي محمد عبدالله الراجحي الوقفية الأولى,Makkah,10012217,Unclassified/Other,Active,297255
2537,Mohamed bin saif company for general contracting,شركة محمد سيف اليماني للمقاولات العامة,Makkah,10012216,Unclassified/Other,Active,296195
2538,Masar Al Izz Hotel Hotel Establishment,مؤسسة فندق مسار العز الفندقية,Makkah,10012215,Unclassified/Other,Active,296815
2539,alkhaymah Company To operate hotels,شركة الخيمة لتشغيل الفنادق,Makkah,10012214,Unclassified/Other,Active,296039
2540,MOZAH HAMOUD ALMASOUDI HOTEL,فندق موزه حمود المسعودي الفندقية,Makkah,10012213,Unclassified/Other,Active,297357
2541,Future Lighting International Travel and Tourism C,شركة انارة المستقبل العالمية للسفر و السياحة,Makkah,10012212,1-Star,Active,295696
2542,nusk almasrah altijariyah qabidah Company,شركة نسك المسرة التجارية قابضة,Makkah,10012211,Unclassified/Other,Active,295916
2543,alasdiqa almasiat litashghil alfanadiq,شركة الأصدقاء الماسية لتشغيل الفنادق شخص واحد,Madina,10010858,1-Star,Active,288215
2544,MARINA ALDAHABI HOTEL,شركة مارينا الذهبي للخدمات الفندقية شخص واحد,Madina,10010857,1-Star,Active,271662
2545,AFAQ ALSUD HOTEL,فندق افاق السد الفندقية,Makkah,10010854,1-Star,Active,287618
2546,Zaki Ishaq Bivari Category,مؤسسة زكى اسحاق بيغارى,Makkah,10012013,Unclassified/Other,Active,294195
2547,Unwan alkhayrat Establishment,مؤسسة عنوان الخيرات,Makkah,10012012,Unclassified/Other,Active,293969
2548,abdalrahman bin ali bin yasin charitable trust,وقف عبدالرحمن بن علي بن ياسين,Makkah,10012011,Unclassified/Other,Active,293996
2549,Ruya Alandalus Company,شركة رؤيا الأندلس,Madina,10012021,1-Star,Active,295715
2550,MASAD FAZI ALQURASHI Establishment,مؤسسة مسعد بن فازع القرشي,Makkah,10012010,Unclassified/Other,Active,294277
2551,Rehab kalid AnaAlrefaey Est,مؤسسة رحاب بنت خالد ابن حسن عناالرفاعي للتجارة,Makkah,10012009,Unclassified/Other,Active,294136
2552,Sultan Ali Hussein Hazazi Tourist Lodges,مؤسسة سلطان علي حسين هزازي للنزل السياحيه,Makkah,10012008,Unclassified/Other,Active,293968
2553,rimas altaqwa Hotel,فندق ريماس التقوى,Makkah,10011843,Unclassified/Other,Active,293915
2554,makan altamayuz Company Ltd.,شركة مكان التميز المحدودة,Makkah,10011842,Unclassified/Other,Active,293507
2555,MANEA HAMAD ALSAQOOR Establishment For Real Estate,مؤسسة مانع بن حمد الصقور للعقارات,Makkah,10011841,Unclassified/Other,Active,293637
2556,Wagf Abbas Binyaseen Alzamzami,وقف عباس بن أحمد بن عباس بن ياسين الزمزمي,Makkah,10011840,Unclassified/Other,Active,293505
2557,Qubat Najd Saleh Muhammad Al Najidi Establishment,مؤسسة قبة نجد لصاحبهانجيد صالح محمد النجيدي,Makkah,10011839,Unclassified/Other,Active,293735
2558,Shadi Nafadi Establishment,مؤسسة شادي نفادي,Makkah,10011838,Unclassified/Other,Active,293576
2559,masharif alazizyah hotel,فندق مشارف العزيزية للخدمات الفندقية,Makkah,10011837,Unclassified/Other,Active,293999
2560,nuzul ghaym Establishment,مؤسسة نزل غيم,Makkah,10011836,Unclassified/Other,Active,293819
2561,nuzul ghaym Establishment,مؤسسة نزل غيم,Makkah,10011835,Unclassified/Other,Active,293490
2562,SALEH SAHAL ALTHOBITI Hostel For tourist lodges,نزل صالح سهل الثبيتي للنزل السياحيه,Makkah,10011833,Unclassified/Other,Active,293923
2563,nada aljawhara Hotel Hotel,فندق ندى الجوهرة الفندقية,Makkah,10012007,1-Star,Active,295795
2564,SAAD AHMED DEMYATI Establishment For Housing,مؤسسة سعد أحمد دمياطي للاسكان,Makkah,10012006,Unclassified/Other,Active,298855
2565,Princess Sultana bint Abdulaziz Al Saud Charitable,وقف الأميرة سلطانة بنت عبدالعزيز ال سعود الخيري,Makkah,10012005,Unclassified/Other,Active,294737
2566,MASAD FAZI ALQURASHI Establishment,مؤسسة مسعد بن فازع القرشي,Makkah,10012004,Unclassified/Other,Active,294037
2567,Waqf almas agha 1,وقف الماس اغا,Makkah,10012003,Unclassified/Other,Active,293963
2568,siraj alkhamsa Company for Hotel services,شركة سراج الخامسة للخدمات الفندقية,Makkah,10012002,Unclassified/Other,Active,294375
2569,Rahab Al Baraka Limited Company,شركة رحاب البركة المحدودة,Makkah,10012001,Unclassified/Other,Active,294515
2570,alajyal  For Cars,معرض الاجيال للسيارات,Makkah,10012000,Unclassified/Other,Active,293966
2571,tasahil almashair Establishment,مؤسسة تساهيل المشاعر,Makkah,10011999,Unclassified/Other,Active,295615
2572,rihlat julan Company sharikat shakhs wahid,شركة رحلات جولان شركة شخص واحد,Makkah,10011998,Unclassified/Other,Active,293965
2573,RAYAN RAJEH ALKABKABI Hostel For Tourist,نزل ريان راجح الكبكبي للايواء السياحي,Makkah,10012210,Unclassified/Other,Active,296037
2574,Office For Real Estate Services,مكتب فليح بن رويحى بن عتيق الله السلمى للخدمات العقارية,Makkah,10012209,Unclassified/Other,Active,295996
2575,Naeema Khal Muhammad Muhammad Othman Bukhari Tradi,مؤسسة نعيمه خال محمد محمدعثمان بخاري للتجارة,Makkah,10012208,Unclassified/Other,Active,295955
2576,Company To operate hotels,شركة اوتاد المتحدة لتشغيل الفنادق,Makkah,10012207,1-Star,Active,296015
2577,Ali Mohammed Abdullah Al Rajhi Endowment Foundatio,مؤسسة علي محمد عبدالله الراجحي الوقفية الأولى,Makkah,10012206,Unclassified/Other,Active,297335
2578,SAFAR DAKHAL ALOTAIBI Establishment,مؤسسة سفر بن داخل العتيبي,Makkah,10012205,Unclassified/Other,Active,297475
2579,abdalmuttalib ibrahim fahgh aljawiy alwaqfiyah cha,وقف عبدالمطلب ابراهيم فهغ الجاوي الوقفية,Makkah,10012204,Unclassified/Other,Active,295415
2580,Ajnihat Alkhaleej Company Hotel,شركة أجنحة الخليج الفندقية,Makkah,10012244,Unclassified/Other,Active,296795
2581,saleh qashlan est,مؤسسة صالح حمزه قشلان,Makkah,10012243,Unclassified/Other,Active,297176
2582,Funduq Manazil AlFath Group Hotel,مجموعة فندق منازل الفتح الفندقية,Makkah,10012242,Unclassified/Other,Active,296915
2583,alayniah hotel,فندق العينية الفندقية,Madina,10005772,Unclassified/Other,Active,288195
2584,AJYAD ALQMMA HOTEL,فندق اجياد القمة الفندقية,Makkah,10010911,1-Star,Active,288575
2585,ALBARON GOLDEN COMPANY,شركة إل بارون إل زهبي,Makkah,10010910,1-Star,Active,289075
2586,SALEH ABED ALQURASHI Hostel For tourist lodges,نزل صالح ابن عابد القرشى للنزل السياحيه,Makkah,10011706,Unclassified/Other,Active,293356
2587,Qubat Najd  Saleh Muhammad Al Najidi Establishment,مؤسسة قبة نجد لصاحبهانجيد صالح محمد النجيدي,Makkah,10011705,Unclassified/Other,Active,293015
2588,Rima alyasmin Hostel,نزل ريما الياسمين,Makkah,10011704,Unclassified/Other,Active,292584
2589,nuzul aljawhara Establishment,مؤسسة نزل الجوهرة,Makkah,10011703,Unclassified/Other,Active,293502
2590,Nasim alafidah Hotel,فندق نسيم الأفئدة,Makkah,10011702,Unclassified/Other,Active,300458
2591,NORAH MASAD ALLAHYANI Hostel For tourist lodges,نزل نوره مسعد اللحيانى للنزل السياحيه,Makkah,10011700,Unclassified/Other,Active,293897
2592,Kanana Alaziziya Hotel for Hotel services,فندق كنانة العزيزية للخدمات الفندقية,Makkah,10011699,Unclassified/Other,Active,293137
2593,Muzan alaziziya Hostel,نزل مزن العزيزية,Makkah,10012059,Unclassified/Other,Active,294322
2594,Abdul Latif Bin Abdul Wahab Bin Abdul Razzaq Al-Ha,مؤسسة عبداللطيف بن عبدالوهاب بن عبدالرزاق الحماد لخدمات الحجاج,Makkah,10012057,Unclassified/Other,Active,294273
2595,MOHAMMED HAMED ALOTAIBI Establishment For,مؤسسة محمد حامد العتيبي للخدمات التجارية,Makkah,10012056,1-Star,Active,298115
2596,albahry company,شركة البحري العالمية التجارية,Makkah,10012055,Unclassified/Other,Active,294267
2597,WISAM AL MISK HOTEL,شركة وسام المسك الفندقية,Madina,10012054,1-Star,Active,294216
2598,saleh hamzah qashlan est,مؤسسة صالح حمزه قشلان,Makkah,10012053,Unclassified/Other,Active,296495
2599,saleh hamzah qashlan est,مؤسسة صالح حمزه قشلان,Makkah,10012052,Unclassified/Other,Active,296036
2600,Dal Establishment For Trading,مؤسسة دال للتجارة,Makkah,10012050,Unclassified/Other,Active,294135
2601,Durrat Al Mawasem Serviced Apartments,مؤسسة درة المواسم للشقق المخدومة,Makkah,10012049,Unclassified/Other,Active,294615
2602,Muwaffaq Abdulhai Muhammad Amira General Contracti,مؤسسة موفق بن عبدالحى بن محمد عميره للمقاولات العامة,Makkah,10012048,Unclassified/Other,Active,294258
2603,abna omar said abood bafel Company Ltd.,شركة أبناء عمر سعيد عبود بافيل المحدودة,Makkah,10011997,Unclassified/Other,Active,293924
2604,Mashhoor AlJazeera Establishment Commercial,مؤسسة مشهور الجزيرة التجارية,Makkah,10011996,1-Star,Active,298456
2605,abzar Establishment Commercial,مؤسسة أبزار التجارية,Makkah,10011995,Unclassified/Other,Active,293938
2606,sheikha abed alqurashi foundation,مؤسسة شيخه عابد بن عبدربه القرشي للمقاولات,Makkah,10011993,Unclassified/Other,Active,294321
2607,makhayyam rafadah Company Ltd,شركة مخيم رفادة المحدودة شركة شخص واحد,Makkah,10011992,Unclassified/Other,Active,293943
2608,alLuban charitable trust,وقف اللبان,Makkah,10011989,Unclassified/Other,Active,293887
2609,Rafadat Makkah Hotel,فندق رفادة مكة,Makkah,10011991,Unclassified/Other,Active,293957
2610,jarat almashaaer Establishment,مؤسسة جارة المشاعر,Makkah,10011987,Unclassified/Other,Active,294595
2611,Darb Almutamir Hotel Hotel,فندق درب المعتمر الفندقية,Makkah,10011986,Unclassified/Other,Active,296756
2612,MUSTFA SALEM BAKHAZLAQ Establishment,مؤسسة مصطفى سالم باخدلق,Makkah,10011985,Unclassified/Other,Active,294255
2613,DUR ALTAMAYZ,مكتب دور التميز العقاري,Makkah,10012240,Unclassified/Other,Active,296835
2614,anaqid aljuri Hostel,نزل عناقيد الجوري,Makkah,10012238,Unclassified/Other,Active,298835
2615,SAAD AHMED DEMYATI Establishment For Housing,مؤسسة سعد أحمد دمياطي للاسكان,Makkah,10012237,Unclassified/Other,Active,297575
2616,Establishment For Hotel Services,مؤسسة تميز الصفوة للخدمات الفندقيه,Makkah,10012305,Unclassified/Other,Active,297376
2617,Yasser Mutair Al-Fahmi General Contracting Establi,مؤسسة ياسر مطير الفهمي للمقاولات عامة,Makkah,10012304,Unclassified/Other,Active,298875
2618,Diyafat Alalam,شركة ضيافات العالم للاستثمار,Makkah,10012303,Unclassified/Other,Active,297577
2619,almasat almashair Company To operate hotels,شركة الماسة المشاعر لتشغيل الفنادق,Makkah,10012302,1-Star,Active,299175
2620,alqawafil Company Global lilmuqawalat shakhs wahid,شركة القوافل العالمية للمقاولات شخص واحد,Makkah,10012301,Unclassified/Other,Active,297477
2621,altatwir almuttahida Company Real Estate,شركة التطوير المتحدة العقارية,Makkah,10012300,Unclassified/Other,Active,298035
2622,Alqaswaa Travel and Tourism Company,شركة القصواء للسفر و السياحة,Makkah,10010872,1-Star,Active,271755
2623,Al Ain Homes Coma Trading Holding Comp,شركة منازل العين كوما التجارية  قابضة,Makkah,10010871,1-Star,Active,271655
2624,diafa almorouj company,شركة ضيافة المروج,Makkah,10010870,Unclassified/Other,Active,271659
2625,Loujain alfadiy Hotel,مؤسسة فندق لجين الفضي الفندقية,Madina,10010869,1-Star,Active,271735
2626,HOTEL NAJMAT ALQASWA,فندق نجمة القصواء,Madina,10010867,1-Star,Active,287996
2627,wurathat muhammad ibrahim mirah charitable trust,وقف ورثة محمد ابراهيم ميره,Makkah,10011680,Unclassified/Other,Active,293695
2628,Establishment of Abdallah bin Mohammed bin Ababaka,مؤسسة عبدالله بن محمد بن ابابكر اول للتجارة,Makkah,10011679,1-Star,Active,293151
2629,OMAR KHALID ALHARTHI Establishment,مؤسسة عمر خالد الحارثي,Makkah,10011678,Unclassified/Other,Active,293075
2630,dahiat alnuzhah Hostel For tourist lodges,نزل ضاحية النزهة للنزل السياحيه,Makkah,10011677,Unclassified/Other,Active,292457
2631,ABDULKARIM SAEED ALZAHRANI Establishment,مؤسسة عبدالكريم سعيد الزهراني,Makkah,10011676,Unclassified/Other,Active,293580
2632,Ruya Alandalus Company,شركة رؤيا الأندلس,Madina,10012047,1-Star,Active,294346
2633,al Arab al Haditha Establishment For Contracting,مؤسسة العرب الحديثة للمقاولات,Makkah,10012046,Unclassified/Other,Active,296975
2634,diar almultaqa Hotel Hotel,فندق ديار الملتقى الفندقية,Makkah,10012045,1-Star,Active,299781
2635,ABDULELAH ALI ALHAZMI Establishment Commercial,مؤسسة عبدالاله بن علي الحازمي التجارية,Makkah,10012044,Unclassified/Other,Active,294275
2636,khallal Establishment Real Estate,مؤسسة خلال العقارية,Makkah,10012043,Unclassified/Other,Active,294115
2637,Sky Alaziziyya Hotel,فندق سما العزيزية الفندقية,Makkah,10012042,Unclassified/Other,Active,297035
2638,Zahra Malhah Establishment,مؤسسة زهرة ملحة,Makkah,10012041,Unclassified/Other,Active,294616
2639,wahat albayt alaqariyah  Company,شركة واحة البيت العقارية شركة شخص واحد,Makkah,10012040,Unclassified/Other,Active,294266
2640,wahat albayt alaqariyah  Company,شركة واحة البيت العقارية شركة شخص واحد,Makkah,10012039,Unclassified/Other,Active,294095
2641,Safwat al Abrar Hotel For Tourist Accommodation,فندق صفوة الابرار للايواء السياحي,Makkah,10012038,Unclassified/Other,Active,294795
2642,tharawat almashair Company For Tourism,شركة ثروات المشاعر للسياحة,Makkah,10011990,Unclassified/Other,Active,293886
2643,Diyafat AlMuruj Company,شركة ضيافة المروج,Makkah,10011982,Unclassified/Other,Active,294215
2644,SAEED HASSAN ALZAHRANI Establishment,مؤسسة سعيد بن حسن الزهراني,Makkah,10011981,Unclassified/Other,Active,295835
2645,Alwaleed Saleh Alharbi Company Tourist,شركة الوليد صالح الحربي السياحية,Makkah,10011980,Unclassified/Other,Active,296615
2646,AlAmana AlTaawuniya Company For Trading,شركة الأمانة التعاونية للتجارة,Madina,10011979,1-Star,Active,294395
2647,Muwathiqoon Taybah Establishment For Contracting,مؤسسة موثقون طيبة للمقاولات,Makkah,10011978,Unclassified/Other,Active,293956
2648,Ambassadors of Reconstruction Foundation for Gener,مؤسسة سفراء الاعمار للمقاولات العامة,Makkah,10011976,Unclassified/Other,Active,294318
2649,ALBADR W ALFAJER HOTEL,فندق البدر والفجر الفندقية,Makkah,10011975,Unclassified/Other,Active,293942
2650,Nozol nawwaf,نزل نواف عبدالعزيز بن عبدالله العيسى,Makkah,10011973,Unclassified/Other,Active,294055
2651,NUHA MOHAMMEDFOZI YAMANI Establishment,مؤسسة نهى محمدفوزى يمانى,Makkah,10011972,Unclassified/Other,Active,294355
2652,Raafat Bin Ramzi Bin Mohammed Makki Al-Ketbi Hotel,فندق رأفت بن رمزى بن محمدمكى الكتبي الفندقية,Makkah,10012299,1-Star,Active,297718
2653,IMTINAN SULIMAN ALSHARIF,مؤسسة امتنان سليمان البركاتي الشريف للخدمات الفندقيه,Makkah,10012298,Unclassified/Other,Active,297635
2654,abna omar said abood bafel Company Ltd.,شركة أبناء عمر سعيد عبود بافيل المحدودة,Makkah,10012297,1-Star,Active,297275
2655,alruqi waltaqaddum Establishment For,مؤسسة الرقي والتقدم للخدمات العقارية,Makkah,10012296,Unclassified/Other,Active,297655
2656,nuzul nujum alawali lildiyafa alsiyahi Establishme,مؤسسة نزل نجوم العوالي للضيافة السياحي,Madina,10012295,Unclassified/Other,Active,299761
2657,Establishment For laundry,مؤسسة راكان راجح ضيف الله الكبكبي لغسيل الملابس,Makkah,10012294,Unclassified/Other,Active,297415
2658,nakhlat alaasima Establishment,مؤسسة نخلة العاصمة,Makkah,10012293,Unclassified/Other,Active,297556
2659,diyar alwaad Hostel For tourist lodges,نزل ديار الوعد للنزل السياحيه,Makkah,10012292,Unclassified/Other,Active,297536
2660,ajwa alhatim Company Hotel,شركة أجواء الحطيم الفندقية,Makkah,10012291,Unclassified/Other,Active,297355
2661,zahra alburhan Company for Hotel services,شركة زهرة البرهان للخدمات الفندقية,Makkah,10012290,Unclassified/Other,Active,297676
2662,nuzul abu mishal Establishment,مؤسسة نزل ابو مشعل,Makkah,10011675,Unclassified/Other,Active,292735
2663,Manazil Alrafidain Almasi Hotel,فندق منازل الرافدين الماسي,Makkah,10011674,Unclassified/Other,Active,292896
2664,Capital Homes Trading and Contracting Company Limi,شركة منازل العاصمه للتجارة والمقاولات المحدودة,Makkah,10011673,Unclassified/Other,Active,293115
2665,Noor AlSalam AlMuttahida Company Commercial,شركة نور السلام المتحدة التجارية,Makkah,10011672,Unclassified/Other,Active,293499
2666,Mawasim Alrawabi Hotel Hotel,فندق مواسم الروابي الفندقية,Makkah,10011670,Unclassified/Other,Active,292459
2667,Company diafat alwisam almasi,شركة ضيافة الوسام الماسي,Makkah,10011669,Unclassified/Other,Active,292884
2668,Company Mazaya Roufan,شركة مزايا روفان,Makkah,10011668,Unclassified/Other,Active,292740
2669,muasasat miha badr bin huays aleutaybi lilmuqawala,مؤسسة مها بدر بن هويص العتيبي للمقاولات,Makkah,10011667,Unclassified/Other,Active,293998
2670,Fawaz Al-Dhahabi Serviced Apartments,شقق فواز الذهبي للشقق المخدومة,Makkah,10011666,Unclassified/Other,Active,295175
2671,MASHAEL ADNAN ALKISHAN Establishment Commercial,مؤسسة مشاعل عدنان الكيشان التجارية,Makkah,10011665,Unclassified/Other,Active,292476
2672,ay ar alalamiyya Company Ltd.,شركة أي ار العالمية المحدودة,Makkah,10012098,Unclassified/Other,Active,294635
2673,Kayan wa Saba Apartments For Serviced Apartments,شقق كيان و صبا للشقق المخدومة,Makkah,10012097,Unclassified/Other,Active,294335
2674,MANSOUR WASLALLAH AL THOBAITI Establishment,مؤسسة منصور وصل الله الثبيتي,Makkah,10012096,Unclassified/Other,Active,294775
2675,Establishment Commercial,مؤسسة مزنه حمد سعد الحربي التجارية,Makkah,10012095,Unclassified/Other,Active,298275
2676,abna omar said abood bafel Company Ltd.,شركة أبناء عمر سعيد عبود بافيل المحدودة,Makkah,10012103,Unclassified/Other,Active,294996
2677,Alfadila Establishment To operate hotels,مؤسسة الفضيلة لتشغيل الفنادق,Makkah,10012102,Unclassified/Other,Active,295635
2678,Abdullah Faisal Mahmudah Hostal,نزل عبدالله فيصل بن محمدحسين مهمده للضيافة السياحي,Makkah,10012101,Unclassified/Other,Active,294995
2679,Barakat Tabarak Hostel For tourist lodges,نزل بركات تبارك للنزل السياحيه,Makkah,10012100,Unclassified/Other,Active,296075
2680,MANSOUR WASLALLAH AL THOBAITI Establishment,مؤسسة منصور وصل الله الثبيتي,Makkah,10012099,Unclassified/Other,Active,294271
2681,arafat aldhahabiya Company,شركة عرفات الذهبية,Makkah,10012107,Unclassified/Other,Active,294257
2682,MAHMOUD NOOR JASSIM Establishment,مؤسسة محمود نور جاسم,Makkah,10011971,Unclassified/Other,Active,293937
2683,Fahad aljuaei charitable trust,وقف فهد الجوعي,Makkah,10011970,Unclassified/Other,Active,296035
2684,Sharifah Khadija Al-Tabatabi Endowment,وقف الشريفة خديجة محمد الطباطبي الوقفية,Makkah,10011969,Unclassified/Other,Active,298055
2685,ABDULRAHMAN ABDULRAHIM BAWZEER Establishment,مؤسسة عبدالرحمن بن عبدالرحيم باوزير,Makkah,10011968,Unclassified/Other,Active,295295
2686,Ahood Saeed Awad Alharithi Establishment,مؤسسة عهود سعيد عواض الحارثي للشقق الفندقية,Makkah,10011974,Unclassified/Other,Active,294455
2687,Group For operation and maintenance,مجموعة وليد محمد عزيزالرحمن عزيزالرحمن للتشغيل والصيانة,Makkah,10012069,Unclassified/Other,Active,294342
2688,taim in Company Ltd. sharikat shakhs wahid,شركة تايم إن المحدودة شركة شخص واحد,Makkah,10012068,Unclassified/Other,Active,294735
2689,Manaber Almahabbah Hotel Hotel,فندق منابر المحبة الفندقية,Makkah,10012067,Unclassified/Other,Active,294936
2690,Establishment For Hotel Services,مؤسسة تميز الصفوة للخدمات الفندقيه,Makkah,10012066,Unclassified/Other,Active,294274
2691,JAMAN JARAH ALZHRANI Hostel For tourist lodges,نزل جمعان بن جارالله الزهراني للنزل السياحيه,Makkah,10012289,Unclassified/Other,Active,297616
2692,Al Kamal Est For Architectural Contracting,مؤسسة الكمال للمقاولات المعمارية,Makkah,10012288,Unclassified/Other,Active,297315
2693,MANSOUR WASLALLAH AL THOBAITI Establishment,مؤسسة منصور وصل الله الثبيتي,Makkah,10012287,Unclassified/Other,Active,297495
2694,Samaya alhijaz,مؤسسة سمايا الحجاز للنقل البري,Makkah,10012285,Unclassified/Other,Active,298375
2695,tasnim Co,شركة تسنم للمقاولات العامة شركة شخص واحد,Makkah,10012284,Unclassified/Other,Active,297576
2696,RANA ISMAIL JOHARJI Establishment,مؤسسة رنا اسماعيل جوهرجى,Makkah,10012283,Unclassified/Other,Active,297195
2697,nazal hadiqat alruwz aithnan,فندق حديقة الروز الفندقية,Makkah,10012282,Unclassified/Other,Active,297595
2698,AHMAD ABDULFATTAH MOUSA Establishment,مؤسسة احمد عبدالفتاح موسى,Makkah,10012281,Unclassified/Other,Active,298155
2699,nur manazil alkaram Hotel Hotel,فندق نور منازل الكرام الفندقية,Makkah,10012280,Unclassified/Other,Active,299075
2700,Makarem Al-Nujoom Foundation for Operation and Mai,مؤسسة مكارم النجوم للتشغيل والصيانة,Makkah,10012279,Unclassified/Other,Active,297615
2701,Moro Company Global lilshqq walfanadiq sharikat sh,شركة مورو العالمية للشقق والفنادق شركة شخص واحد,Makkah,10011641,1-Star,Active,293976
2702,MEEZAB ALNUKHBA HOTEL,شركة ميزاب الفندقية شركة شخص واحد,Makkah,10011640,1-Star,Active,292190
2703,albuyut almasiya Company For Real Estate,شركة البيوت الماسية للعقارات,Makkah,10011639,Unclassified/Other,Active,292192
2704,Muwaffaq Abdulhai Muhammad Amira General Contracti,مؤسسة موفق بن عبدالحى بن محمد عميره للمقاولات العامة,Makkah,10011638,Unclassified/Other,Active,293675
2705,Mohammad Abdullah aljammaz Establishment Hotel,مؤسسة محمد عبدالله محمد الجماز الفندقية,Makkah,10011637,Unclassified/Other,Active,293504
2706,nasir Ghanyan Muhammad Alameeri Establishment Co,مؤسسة ناصر غنيان محمد العميرى التجارية,Makkah,10011636,Unclassified/Other,Active,292795
2707,Kurat alMashair Hotel Hotel,فندق كرة المشاعر الفندقية,Makkah,10011635,Unclassified/Other,Active,292592
2708,Afaq Al Salam Al Zahabi,شركة حياة الايمان للتشغيل والصيانة,Madina,10011634,1-Star,Active,292935
2709,Makarem AlMashaer Hotel Hotel,فندق مكارم المشاعر الفندقية,Makkah,10011633,Unclassified/Other,Active,292878
2710,AlAmana AlTaawuniya Company For Trading,شركة الأمانة التعاونية للتجارة,Madina,10011632,Unclassified/Other,Active,292350
2711,alajyal For Cars,معرض الاجيال للسيارات,Makkah,10012106,Unclassified/Other,Active,294272
2712,albina alasriyya Establishment For Contracting,مؤسسة البناء العصرية للمقاولات,Makkah,10012105,Unclassified/Other,Active,294336
2713,Naeema Khal Mohammed Mohammed Othman Bukhari Tradi,مؤسسة نعيمه خال محمد محمدعثمان بخاري للتجارة,Makkah,10012104,Unclassified/Other,Active,294656
2714,adam alkhayr Company Hotel,شركة ادم الخير الفندقية,Makkah,10012094,Unclassified/Other,Active,294262
2715,The endowments of Sharif Mansour bin Saleh Abu Riy,نزل أوقاف الشريف منصور بن صالح بن محمد أبو رياش للضيافة السياحي,Makkah,10012093,Unclassified/Other,Active,297656
2716,Munira Amr Al Jaid Hotel Management Company,مؤسسة منيره عمرو الجعيد لتشغيل الفنادق,Makkah,10012092,Unclassified/Other,Active,294596
2717,HASIN FAEZ ALLEHAIBI Hostel,نزل حاسن بن فائز اللهيبي للضيافة السياحي,Makkah,10012091,Unclassified/Other,Active,294575
2718,SULIMAN MOUSA HAMAD ALOLAYANRAY ZAKHIR,مؤسسة سليمان بن موسى بن حمد العليان,Makkah,10012090,1-Star,Active,295775
2719,Invictus Construction Company,شركة إنفيكتوس كونستراكشن,Makkah,10012089,Unclassified/Other,Active,294855
2720,HANE MESFER H ALQARASHI,مؤسسة هاني مسفر حسن القرشي للمقاولات المعمارية العامة,Makkah,10012088,Unclassified/Other,Active,294344
2721,aid abdalrahman alaid Awqaf,أوقاف عايد عبدالرحمن العايد,Makkah,10012065,Unclassified/Other,Active,299342
2722,aid abdalrahman alaid Awqaf,أوقاف عايد عبدالرحمن العايد,Makkah,10012064,Unclassified/Other,Active,299460
2723,SAAD AHMED DEMYATI Establishment For Housing,مؤسسة سعد أحمد دمياطي للاسكان,Makkah,10012063,Unclassified/Other,Active,299418
2724,makhayyam rafadah Company Ltd,شركة مخيم رفادة المحدودة شركة شخص واحد,Makkah,10012062,Unclassified/Other,Active,294357
2725,Raed Wan Hostel,نزل رائد وان,Madina,10012127,Unclassified/Other,Active,295895
2726,ALKAMAL EST,مؤسسة الكمال للمقاولات المعمارية,Makkah,10012126,Unclassified/Other,Active,297197
2727,almudhia almasiya Company Ltd.,شركة المضيئة الماسية المحدودة,Makkah,10012125,1-Star,Active,297055
2728,manasik albayt alhuda Hotel,فندق مناسك البيت الهُدى,Makkah,10012124,1-Star,Active,294895
2729,alHidayah alKubra Hotel 8,فندق الهداية الكبرى الفندقية,Makkah,10012123,Unclassified/Other,Active,296155
2730,alHidayah alKubra Hotel Hotel,فندق الهداية الكبرى الفندقية,Makkah,10012122,Unclassified/Other,Active,295077
2731,Company RAKAN ZAWIYE To manage tourist hospitality,شركة ركن الزاوية لإدارة مرافق الضيافة السياحية شخص واحد,Makkah,10009954,1-Star,Active,241231
2732,MANARAT GHAZA COMPANY,شركة منارات غزة لتشغيل الفنادق شخص واحد,Makkah,10008357,3-Star,Active,231970
2733,Swissotel Makkah,شركة أبراج ساره للاستثمار العقاري فندق مكةسويس اوتيل,Makkah,10007774,5-Star,Active,219937
2734,Snowd Hotel Company,شركة سنود الفندقية شركة مساهمة مقفلة,Makkah,10008031,1-Star,Active,239444
2735,Wirgan company for hotel services,شركة ورقان للضيافة,Makkah,10007011,4-Star,Active,290775
2736,Company DIAR AL AMARAT For Hotel Services,شركة ديار الامارات للخدمات الفندقيه,Makkah,10006900,1-Star,Active,288996
2737,ALASEELREFADA HOTEL,فندق الأصيل رفادة الفندقية,Makkah,10006893,1-Star,Active,218049
2738,SARY MARMARAH HOTEL COMPANY,شركةفندق ساري مرمرة الفندقية,Makkah,10007371,1-Star,Active,218490
2739,KHADER SAADI ALZAHRANI Establishment,مؤسسة خضر سعدي الزهراني,Makkah,10011630,Unclassified/Other,Active,292576
2740,Obaidullah al ahmamadi,مؤسسة عبيدالله بن عبدالله بن عطاالله الاحمدي,Makkah,10011664,Unclassified/Other,Active,294319
2741,EMAAR MILLION Company Ltd.,شركة إعمار مليون المحدودة,Makkah,10011663,Unclassified/Other,Active,292415
2742,MANSOUR WASLALLAH AL THOBAITI Establishment,مؤسسة منصور وصل الله الثبيتي,Makkah,10011662,Unclassified/Other,Active,293235
2743,ABDULLAH MOHAMMED ALQAHTANI Company,شركة عبدالله محمد القحطاني,Makkah,10011661,Unclassified/Other,Active,292876
2744,MOHAMMED ABDULLAH A ALBAQAMI Hostel,نزل محمد بن عبدالله بن عايض البقمي,Makkah,10011660,Unclassified/Other,Active,292775
2745,Fahd Abdulhadi Saad Alotaibi Establishment For,مؤسسة فهد عبدالهادي سعد العتيبي للمقاولات,Makkah,10011657,Unclassified/Other,Active,292456
2746,Diyafat Al Tamayuz Establishment For Furnished,مؤسسة ضيافة التميز للوحدات السكنية المفروشة,Makkah,10011655,Unclassified/Other,Active,292348
2747,Jamil Ahmed Mohamed Madani Serviced Apartments,شقق جميل احمد محمد مدني للشقق المخدومة,Makkah,10011654,Unclassified/Other,Active,292695
2748,Tabah Silver Towers Hotel,فندق أبراج طابة الفضي الفندقية,Madina,10007173,1-Star,Active,225028
2749,Wafadah Alzahraa Hotel,شركة وفادة الزهراء للخدمات الفندقيه,Madina,10007170,1-Star,Active,228597
2750,Jay Den Hotel Company,شركة جاي دن الفندقية,Madina,10006571,Unclassified/Other,Active,221991
2751,Assaafa Hotel,شركة السعفة للخدمات الفندقيه,Madina,10006554,Unclassified/Other,Active,235721
2752,PARK ALMADINA SERVICED APARTMENT,شقق بارك المدينة للشقق المخدومة,Madina,10006552,2-Star,Active,259435
2753,Hotel Zawaya almasia,فندق زوايا الماسية للايواء السياحي,Madina,10006547,1-Star,Active,235621
2754,Sewar Al Thahab serviced apartments,شقق سوار الذهب للشقق المخدومة,Madina,10006539,2-Star,Active,269065
2755,Emaar Elite,فندق اعمار اليت المدينة الفندقية,Madina,10006072,Unclassified/Other,Active,235781
2756,E hotel,فندق إيي الفندقية,Madina,10006522,Unclassified/Other,Active,242990
2757,Fakamat alaqama for serviced apartments,شقق فخامة الاقامة للشقق المخدومة,Madina,10007158,2-Star,Active,271795
2758,Safwat al Abrar Hotel For Tourist Accommodation,فندق صفوة الابرار للايواء السياحي,Makkah,10011236,Unclassified/Other,Active,291401
2759,Sama aljoury Hotel,فندق سما الجوري,Makkah,10011232,1-Star,Active,290319
2760,Hotel Number One,فندق رقم وان الفندقية,Makkah,10011231,1-Star,Active,290618
2761,ajwa alhatim Company Hotel,شركة أجواء الحطيم الفندقية,Makkah,10011230,Unclassified/Other,Active,291096
2762,karam alwifadah Establishment,مؤسسة كرم الوفادة,Makkah,10011307,Unclassified/Other,Active,291535
2763,Asila Al Andalus Hotel,شركة أصيلة الأندلس لتشغيل الفنادق,Makkah,10011306,1-Star,Active,290835
2764,SALEH ALI ALGHAMDI Hostel For tourist lodges,نزل صالح علي الغامدي للنزل السياحيه,Makkah,10011304,Unclassified/Other,Active,291155
2765,abna omar said abood bafel Company Ltd.,شركة أبناء عمر سعيد عبود بافيل المحدودة,Makkah,10011302,Unclassified/Other,Active,292835
2766,Khaled Abdo AlAssiri Company for Operati,شركة خالد عبده بن محمد العسيري للتشغيل والصيانة,Makkah,10011301,Unclassified/Other,Active,291178
2767,ASSAF SALEM ALQURASHI Establishment,مؤسسة عساف بن سالم القرشي,Makkah,10011568,Unclassified/Other,Active,291781
2768,awtad alfadhila Company,شركة اوتاد الفضيلة,Makkah,10011567,Unclassified/Other,Active,293146
2769,SALMAN MAYODH ALJIMAYEI Establishment,مؤسسة سلمان بن معيوض الجميعي,Makkah,10011566,Unclassified/Other,Active,291980
2770,Joud Al Khair Hotel,فندق جود الخير الفندقية,Makkah,10011565,Unclassified/Other,Active,291958
2771,KHALED MAHMOUD S QATTAN Establishment,مؤسسة خالد محمود صالح قطان,Makkah,10011564,Unclassified/Other,Active,294238
2772,EMAAR MILLION Company Ltd.,شركة إعمار مليون المحدودة,Makkah,10011563,Unclassified/Other,Active,292075
2773,sadeen aldhahabiya Company Ltd.,شركة سدين الذهبية المحدودة,Makkah,10011562,1-Star,Active,293883
2774,salih bin ghazi aldhufayri washarkah likhidmat huj,شركة صالح بن غازي الظفيري وشركاه لخدمة حجاج الداخل المحدودة,Makkah,10011560,Unclassified/Other,Active,292255
2775,sameer falas Company Ltd.,شركة سمير فلاس المحدودة,Makkah,10011559,Unclassified/Other,Active,293575
2776,Shadi Nafadi Establishment,مؤسسة شادي نفادي,Makkah,10011558,Unclassified/Other,Active,293782
2777,Ajyal Almadinah Hotel 1,اجيال المدينة الفندقية,Madina,10009378,1-Star,Active,235800
2778,Durrat Al Hamra Serviced Apartments,شقق درة الحمراء المخدومة,Madina,10009492,2-Star,Active,269778
2779,Zowar international Hotel,فندق زوار العالمي,Madina,10008777,3-Star,Active,227959
2780,ALMARZAM HOTEL,شركة المرزم الفندقية,Madina,10008776,1-Star,Active,230721
2781,Al Mukhtara Plaza Hotel,فندق المختارة بلازا,Madina,10009459,1-Star,Active,235791
2782,Jawharat Sama Hotel,فندق جوهرة سما,Madina,10008829,2-Star,Active,235747
2783,Abrag Almarzam Hotel,شركة ابراج المرزم الفندقية,Madina,10008824,1-Star,Active,223122
2784,Al Manar Silver Hotel,المنارالفضي,Madina,10008823,1-Star,Active,235751
2785,Karam Al Khair Hotel,فندق كرم الخير الفندقية,Madina,10008835,1-Star,Active,225222
2786,Almokhtara Diamond hotel,شركة المختارة الماسي للخدمات الفندقيه شخص واحد,Madina,10008822,1-Star,Active,230404
2787,shakaq aldura alraqiyya lishquq almakhdouma,شقق الدرة الراقية للشقق المخدومة,Madina,10007152,2-Star,Active,289835
2788,al bastan hotel,فندق ماسة البستان,Madina,10007135,1-Star,Active,235810
2789,ASIN HOTEL,فندق اسين الفندقية,Madina,10006468,1-Star,Active,292883
2790,Elaf Al Taqwa Hotel,فندق ايلاف التقوى,Madina,10006022,1-Star,Active,235767
2791,Sama AlMadina Hotel,فندق سما المدينة الفندقية,Madina,10006444,1-Star,Active,250454
2792,Karma Al Madaen Hotel,فندق كارمة المدائن الفندقية,Madina,10006438,1-Star,Active,255115
2793,Emaar Al Maktan Hotel,فندق اعمار مكتان الفندقية,Madina,10006414,3-Star,Active,244715
2794,Durrat Al Madinah Hotel Company,شركة درة المدينة الفندقية,Madina,10006361,1-Star,Active,225034
2795,OWNARA STAY COMPANY,شركة أونارا ستاي,Madina,10006350,2-Star,Active,262838
2796,Khaled Abdo AlAssiri Company for Operati,شركة خالد عبده بن محمد العسيري للتشغيل والصيانة,Makkah,10011300,Unclassified/Other,Active,291397
2797,zahra sufi Establishment,مؤسسة زهرة صوفي,Makkah,10011298,Unclassified/Other,Active,291480
2798,DYAFAT ALATHEL INVESTMENT CO,شركة ضيافة الأثيل للاستثمار,Madina,10011297,1-Star,Active,290535
2799,0000,مؤسسة محمد رزيق الحليفي للمقاولات المعمارية العامة,Makkah,10011295,Unclassified/Other,Active,291115
2800,dana aldiyafa Hotel Hotel,فندق دانة الضيافة الفندقية,Makkah,10011294,Unclassified/Other,Active,290981
2801,Diyafat Al Tamayuz Establishment For Furnished Apa,مؤسسة ضيافة التميز للوحدات السكنية المفروشة,Makkah,10011293,Unclassified/Other,Active,292185
2802,Nourah Dhifallah Alzahrani hostel for Hajj season,نزل نوره ضيف  الله غرسان الزهراني للنزل السياحيه,Makkah,10011292,Unclassified/Other,Active,290855
2803,Company diafat alwisam almasi,شركة ضيافة الوسام الماسي,Makkah,10011291,1-Star,Active,293149
2804,ALI HAMED ALOSAIMI Establishment,مؤسسة علي بن حامد العصيمي,Makkah,10011363,Unclassified/Other,Active,291418
2805,AlDiyafa AlMumayaza Establishment For residential,مؤسسة الضيافة المميزه للوحدات السكنية,Makkah,10011361,Unclassified/Other,Active,291175
2806,Laylah Wahedah Hotel Est,مؤسسة فندق ليلة واحدة الفندقية,Madina,10010598,1-Star,Active,299121
2807,Maysan Al Taqwa Hotel,مجموعة ميسان الدولية,Madina,10010592,1-Star,Active,239195
2808,Asfar Alhijaz Alalamiah  For Investment company,شركة أسفار الحجاز العالمية للاستثمار,Makkah,10010672,1-Star,Active,255023
2809,Abraj Al Diafa,شركة ابراج الضيافة واحد لتشغيل الفنادق,Madina,10010670,1-Star,Active,254575
2810,Tareeq Al Hijrah Hotel Services Company,شركة طريق الهجره للخدمات الفندقية,Makkah,10010991,1-Star,Active,288396
2811,Asrar Al Mahbas Hotel Operation Company,شركة اسرار المحبس لتشغيل الفنادق,Makkah,10010990,1-Star,Active,288517
2812,Arkan Al Hayat Hotel,فندق اركان الحياة الفندقية,Makkah,10010988,1-Star,Active,288415
2813,Namaa Alasria Hotel Company,شركة نماء العصرية للفنادق,Makkah,10010987,1-Star,Active,288356
2814,Zahrat Ithnan Hotel,فندق زهرة اثنان,Madina,10010986,1-Star,Active,288337
2815,Zahrat Taiba Khamsa Hotel,فندق زهرة طيبة خمسة الفندقية,Madina,10010985,1-Star,Active,288375
2816,Millennium Madinah Airport Hotel,شركة فندق مطار المدينة ميلينيوم,Madina,10008820,Unclassified/Other,Active,272587
2817,Manazili Medina Hotel,فندق منازلي المدينة,Madina,10008819,1-Star,Active,235924
2818,Diyar Al Huda Hotel,فندق ديار الهدى الفندقية,Madina,10008814,1-Star,Active,230644
2819,Golden Palace Hotel,فندق قصر الاندلس الذهبي,Madina,10008811,1-Star,Active,235750
2820,Tabah Towers Limited Company,شركة أبراج طابة المحدودة (شركة شخص واحد),Madina,10008808,1-Star,Active,225206
2821,Jawar Taiba Hotel,فندق جوار طيبة الفندقية,Madina,10008833,1-Star,Active,227612
2822,Hayah Diamond Hotel,شركة حياة الماسي للخدمات الفندقيه,Madina,10008806,1-Star,Active,247466
2823,KINAN SUITE HOTEL,فندق كنان سويت الفندقية,Madina,10007924,1-Star,Active,301855
2824,Hill Hotel,فندق هيل,Madina,10010157,1-Star,Active,235884
2825,Nasamat Hotel,شركة نسمات الفندقية,Madina,10010154,1-Star,Active,227831
2826,Dakhil Bin Naqa Bin Shenishil Al Rahili Serviced A,شقق دخيل بن نقا بن شنيشيل الرحيلي للشقق المخدومة,Madina,10005718,2-Star,Active,288518
2827,EMAAR ROYAL,فندق اعمار رويال للخدمات الفندقية,Madina,10007095,3-Star,Active,232162
2828,TAJ AL-EIMAN HOTEL,فندق تاج الإيمان الفندقية,Madina,10007072,2-Star,Active,244776
2829,Safwa City Hotel,فندق صفوة المدينة الفندقية,Madina,10006318,1-Star,Active,227604
2830,Sky ViewHotel,فندق سكاي فيو,Madina,10006293,1-Star,Active,235920
2831,shaqaq adiwa' alsalam lilshuqaq almakhduma,شقق اضواء السلام للشقق المخدومة,Madina,10006236,2-Star,Active,269348
2832,raqaz,فندق ركاز الماسي الفندقية,Madina,10006232,2-Star,Active,269062
2833,SOFITEL SHAHD ALMADINAH,فندق سوفتيل  شهد المدينة,Madina,10007643,5-Star,Active,235834
2834,Jawharat Al Rasheed Hotel,فندق جوهرة الرشيد,Madina,10007642,1-Star,Active,222957
2835,verdun hotel,فندق فيردان الفندقية,Madina,10007641,1-Star,Active,269762
2836,kunuz alrahma Establishment Hotel,مؤسسة كنوز الرحمة الفندقية,Makkah,10011229,Unclassified/Other,Active,290695
2837,altur 5 Company,شركة الطور 5,Makkah,10011228,Unclassified/Other,Active,292875
2838,HANI HAMOUD ALHATHLA Establishment,مؤسسة هاني حمود الهذلى,Makkah,10011227,Unclassified/Other,Active,291398
2839,Safwat al Abrar Hotel For Tourist Accommodation,فندق صفوة الابرار للايواء السياحي,Makkah,10011226,Unclassified/Other,Active,291678
2840,Rawad alhijaz aldhahabi Office For Public Services,مكتب رواد الحجاز الذهبي للخدمات العامة,Makkah,10011225,Unclassified/Other,Active,290700
2841,abna omar said abood bafel Company Ltd.,شركة أبناء عمر سعيد عبود بافيل المحدودة,Makkah,10011360,Unclassified/Other,Active,293997
2842,muasasat diafat salih lilwahadat alsakaniat almafr,مؤسسة ضيافة صالح للوحدات السكنية المفروشة,Makkah,10011359,Unclassified/Other,Active,291875
2843,Abdullah bin Hamed bin Mubarak Al-Jabri Foodstuffs,تموينات عبدالله بن حامد بن امبارك الجابري للمواد الغذائية,Makkah,10011358,Unclassified/Other,Active,291482
2844,ayfint dizayn Establishment Commercial,مؤسسة ايفنت ديزاين التجارية,Makkah,10011357,Unclassified/Other,Active,292591
2845,Qawafil Al Naseem Office For Public Services,مكتب قوافل النسيم للخدمات العامة,Makkah,10011356,Unclassified/Other,Active,290984
2846,Zahrat AlYasser Hotel,فندق زهرة الياسر الفندقية,Makkah,10010728,1-Star,Active,290156
2847,UMRAH SEASON,مؤسسة فندق مكارم الحجاز للخدمات الفندقيه,Makkah,10010726,1-Star,Active,259035
2848,Bissan Golden Hotel,شركة بيسان الذهبي الفندقية,Makkah,10010724,1-Star,Active,259256
2849,Hotel manazl al majd hotel,فندق منازل المجد الفندقية,Madina,10010723,1-Star,Active,259295
2850,REHAB ALBUSTAN HOTEL,فندق رحاب البستان الفندقية,Makkah,10010997,1-Star,Active,288516
2851,RAHAT ALUBUR COMPANY,شركة راحه العبور,Madina,10010994,Unclassified/Other,Active,288955
2852,Loaloat Al Tawfiq Hotel Operating Establishment,مؤسسة لؤلؤة التوفيق لتشغيل الفنادق,Makkah,10010993,1-Star,Active,288495
2853,aamar alsafa almumayaz Hotel,فندق اعمار الصفا المميز,Makkah,10011557,1-Star,Active,293396
2854,abna omar said abood bafel Company Ltd.,شركة أبناء عمر سعيد عبود بافيل المحدودة,Makkah,10011556,Unclassified/Other,Active,294120
2855,Wisam Al Alami Hotel,شركة وسام العالمي الفندقية شخص واحد,Madina,10010146,1-Star,Active,230637
2856,HOWE INN for hotel services,شركة هاو إن للخدمات الفندقيه,Madina,10009450,1-Star,Active,256718
2857,Jahina al masi Apartments,شقق جهينة الماسي,Madina,10009448,Unclassified/Other,Active,235769
2858,Shaza Al Baraka Tourist Hospitality Hotel,فندق شذا البركة للضيافة السياحي,Madina,10009446,1-Star,Active,227571
2859,Orchid Hotel,فندق الأوركيدا,Madina,10009358,1-Star,Active,254475
2860,Retaj Al Rawdah Hotel Establishment,مؤسسة رتاج الروضة الفندقية,Madina,10009351,1-Star,Active,227592
2861,manazil alsaadiq,منازل الصادق ,Madina,10009344,1-Star,Active,235788
2862,MADINAH ARAM HOTEL,فندق آرام المدينة للضيافة السياحي,Madina,10009432,1-Star,Active,254495
2863,Areek Taiba,شركة اريك طيبة للخدمات الفندقيه,Madina,10008804,1-Star,Active,235804
2864,Rua Alfakhama Hotel,فندق رؤى الفخامة,Madina,10008797,1-Star,Active,224753
2865,Sila Hotel Establishment,مؤسسة صلة الفندقية,Madina,10007621,1-Star,Active,271476
2866,View Almadina Hotel,فندق فيو المدينة,Madina,10007051,1-Star,Active,235842
2867,Saraya Taibh Hotel,فندق سرايا طيبة,Madina,10004948,1-Star,Active,235748
2868,AL SADD AL KHALEJE HOTEL,فندق السد الخليجي الفندقية,Madina,10007427,1-Star,Active,258935
2869,Diyar Al Hijaz Diamond Hotel,فندق ديار الحجاز الماسي الفندقية,Madina,10007593,1-Star,Active,228536
2870,Makarim Suites Serviced Apartments Company,شركة اجنحة مكارم للشقق المخدومة,Madina,10007048,2-Star,Active,244477
2871,Rotana Almesk Hotel,فندق روتانا المسك,Madina,10004058,2-Star,Active,235738
2872,Salsabeel Almasy Hotel,مؤسسة سلسبيل الماسية الفندقية,Madina,10007567,1-Star,Active,259395
2873,Golden City Hotel,فندق المدينة الذهبي الفندقية,Madina,10006997,1-Star,Active,224982
2874,LAMARTAIBA SERVICED APARTMENTS,شقق لمار طيبة للشقق المخدومة,Madina,10007521,2-Star,Active,242968
2875,Mubarak Bin Abdullah Bin Salem Al Barakati Hotel,فندق مبارك بن عبدالله بن سالم البركاتي الفندقية,Makkah,10011355,Unclassified/Other,Active,291795
2876,ABDULELAH MOHAMMAD BANOON Establishment,مؤسسة عبدالاله بن محمد بنون,Makkah,10011353,Unclassified/Other,Active,293487
2877,nawabigh alruya Establishment,مؤسسة نوابغ الرؤية,Makkah,10011352,Unclassified/Other,Active,293978
2878,Maharat alIbtiqar Center Private Nursery,مركز مهارات الابتكار ضيافة الأطفال الأهلية,Makkah,10011351,Unclassified/Other,Active,291655
2879,ABDULLAH HUSSAIN ALKHALAGI Establishment,مؤسسة عبدالله حسين الخلاقي,Makkah,10011350,Unclassified/Other,Active,292815
2880,ADEL HUSSAIN ALQURASHI Hostel For tourist lodges,نزل عادل بن حسين القرشي للنزل السياحيه,Makkah,10011349,Unclassified/Other,Active,290980
2881,MOHAMMED ABDULLAH A ALBAQAMI Hostel,نزل محمد بن عبدالله بن عايض البقمي,Makkah,10011347,Unclassified/Other,Active,291358
2882,zewar mashaer company ltd,شركة زوار المشاعر المحدودة,Makkah,10011346,Unclassified/Other,Active,291961
2883,Matruk Misfar Alotaibi Altejariyah Establishment,مؤسسة متروك مسفر العتيبي التجاريه,Makkah,10011344,Unclassified/Other,Active,291876
2884,abna omar said abood bafel Company Ltd.,شركة أبناء عمر سعيد عبود بافيل المحدودة,Makkah,10011343,Unclassified/Other,Active,293144
2885,ALYA SALAH ALOSAIMI Establishment,مؤسسة علياء صلاح العصيمي,Makkah,10011555,Unclassified/Other,Active,293475
2886,Sama Maysan General Contracting Establishment,مؤسسة سما ميسان للمقاولات العامة,Makkah,10011553,Unclassified/Other,Active,291862
2887,abraj alafq Company,شركة أبراج الافق,Makkah,10011552,Unclassified/Other,Active,291860
2888,Hani Hamed Mohamed Sanki Trading Establishment,مؤسسة هاني حامد محمد سنكى التجارية,Makkah,10011551,Unclassified/Other,Active,293215
2889,alrayyan almakiya Company Ltd.,شركة الريان المكية المحدودة,Makkah,10011550,1-Star,Active,293175
2890,Sama Maysan General Contracting Establishment,مؤسسة سما ميسان للمقاولات العامة,Makkah,10011549,Unclassified/Other,Active,291780
2891,Abdulaziz A Zamzami Establishment for Turist,مؤسسة عبدالعزيز عبدالهادي علي زمزمي للنزل السياحية,Makkah,10011548,Unclassified/Other,Active,291895
2892,nuzul dayratna Establishment Commercial,مؤسسة نزل ديرتنا التجارية,Makkah,10011547,Unclassified/Other,Active,292155
2893,Nada Taiba For Tourist Hostel,نزل ندى طيبة للنزل السياحيه,Madina,10011585,Unclassified/Other,Active,291855
2894,roaa,روى الاندلس,Madina,10008790,1-Star,Active,235770
2895,Karam Al Madina Hotel,فندق كرم المدينة الفندقية,Madina,10008744,1-Star,Active,224791
2896,rooy alandalus,رؤيا الاندلس,Madina,10008787,1-Star,Active,235798
2897,Saraya Harmony Hotel (A),فندق سرايا هارموني (أ),Madina,10008781,1-Star,Active,235777
2898,Luma Serviced Apartments Company,شركة شقق لوما للشقق المخدومة,Madina,10008779,2-Star,Active,271458
2899,Waqf outhman bin affan hotel,فندق وقف عثمان بن عفان,Madina,10008752,1-Star,Active,239237
2900,Dar Al Naeem,فندق دار النعيم,Madina,10007920,1-Star,Active,224814
2901,Ewan AlRabwah for serviced apartments,مؤسسة إيوان الربوة للشقق المخدومة,Madina,10007918,2-Star,Active,288835
2902,Ansam tyaba,فندق انسام طيبه للضيافة السياحي,Madina,10007519,1-Star,Active,256418
2903,Abral Hotel,فندق ابرال الفندقية,Madina,10002511,1-Star,Active,228401
2904,Al Eairy Serviced Apartments Company,شركة العييري للشقق المخدومة,Madina,10007398,2-Star,Active,242979
2905,SEASON STAR HOTEL,فندق نجم الموسم الفندقية,Madina,10002486,3-Star,Active,258736
2906,Dosh Serviced Apartments,شقق دوش للشقق المخدومة,Madina,10007480,2-Star,Active,242234
2907,Castle Hotel,فندق كاسيل الفندقية,Madina,10007448,2-Star,Active,221981
2908,KAREM ALZAHBI HOTEL,فندق كارم الذهبي الفندقية,Madina,10007222,1-Star,Active,242972
2909,almadina al-joudida Hotel for Tourist Hospitality,فندق المدينة الجديدة للضيافة السياحي,Madina,10007434,3-Star,Active,235904
2910,AL Alya Hotel,فندق العلياء,Madina,10007433,1-Star,Active,235831
2911,abna omar said abood bafel Company Ltd.,شركة أبناء عمر سعيد عبود بافيل المحدودة,Makkah,10011342,Unclassified/Other,Active,293826
2912,MESHAL HUMUD ALHATHLA Establishment,مؤسسة مشعل بن حمود الهذلى,Makkah,10011423,Unclassified/Other,Active,292355
2913,Hasibat aljawal Establishment For communications,مؤسسة حاسبات الجوال للاتصالات,Makkah,10011421,Unclassified/Other,Active,291835
2914,SALMAN MOHAMMED ALMEHMADI,نزل سلمان بن محمد المحمادي للنزل السياحيه,Makkah,10011420,Unclassified/Other,Active,291735
2915,Yasser Abdulhadi Hamed AlOsaimi Hotel Management,مؤسسة ياسر عبدالهادى حامد العصيمى لتشغيل الفنادق,Makkah,10011419,Unclassified/Other,Active,292736
2916,almaqam alraqi almasi Establishment,مؤسسة المقام الراقي الماسي,Makkah,10011418,Unclassified/Other,Active,291977
2917,SAAD MISHAL ALHAKAMI Establishment,مؤسسة سعد بن مشعل الحكمى,Makkah,10011417,Unclassified/Other,Active,291595
2918,Abdul Rahman Al Qurashi Hotel,فندق عبدالرحمن بن عطيه بن خضر القرشى الفندقية,Makkah,10011414,Unclassified/Other,Active,291135
2919,Anwar Al Salah Company Ltd.,شركة انوار الصلاح المحدودة,Makkah,10011413,1-Star,Active,293555
2920,AlTala AlNadid Establishment For Trading,مؤسسة الطلع النضيد للتجارة,Makkah,10011412,Unclassified/Other,Active,290995
2921,AL ANSAR GOLDEN TULIP HOTEL,فندق الانصار جولدن توليب,Madina,10002526,3-Star,Active,254406
2922,Establishment masar alamal aljadid,مؤسسة مسار الأمل الجديد,Makkah,10011273,1-Star,Active,290676
2923,dar almazn Hostel,نزل دار المزن,Makkah,10011270,Unclassified/Other,Active,290702
2924,Mohammad Almatarifi Establishment For Contracting,مؤسسة محمد نوير شحيب المطرفي للمقاولات,Makkah,10011269,Unclassified/Other,Active,290986
2925,Mohammad Almatarifi Establishment For Contracting,مؤسسة محمد نوير شحيب المطرفي للمقاولات,Makkah,10011268,Unclassified/Other,Active,290701
2926,Jawharat Alkaramah Hostel,نزل جوهرة الكرامة للايواء السياحي,Makkah,10011267,Unclassified/Other,Active,291679
2927,Sharkat almomayazh alola,شركة المميزة الاولى الفندقية,Makkah,10011582,1-Star,Active,292015
2928,Fares Ajyad Hotel for Hotel Services,فندق فارس أجياد للخدمات الفندقية,Makkah,10011581,1-Star,Active,296055
2929,MOHAMMAD NJOEM ALSOBHY Establishment,مؤسسة محمد بن نجيم الصبحي,Makkah,10011580,Unclassified/Other,Active,292343
2930,Hazm almawani Establishment,مؤسسة حزم الموانئ,Makkah,10011579,Unclassified/Other,Active,292347
2931,Guest Time Hotel,فندق وقت النزيل الفندقية,Madina,10007973,1-Star,Active,235899
2932,Plaza Inn One,بلازا إن أحد,Madina,10007968,1-Star,Active,235823
2933,Durrat Balensia Hotel,فندق درة بلنسية الفندقية,Madina,10009332,1-Star,Active,259377
2934,Fakhamat Al Madinah Gifts Company,شركة فخامة المدينة للهدايا,Madina,10009420,2-Star,Active,259137
2935,Diwan Alhijra,ديوان الهجره,Madina,10009338,1-Star,Active,235838
2936,Diyar Taiba Hotel,فندق ديار طيبه الفندقية,Madina,10008736,1-Star,Active,239196
2937,Al Manar Silver Hotel 2,المنار الفضي(2),Madina,10008743,1-Star,Active,235815
2938,Arkan Aldahbi Hotel,فندق أركان الذهبي الفندقية,Madina,10008724,1-Star,Active,254796
2939,Diwan Almadinah Hotel,ديوان المدينة,Madina,10008723,1-Star,Active,235903
2940,Faraj almadina hotel,فندق فرج المدينة الفندقية,Madina,10008721,3-Star,Active,235763
2941,Ramah Almadina For Serviced Apartments,مؤسسة رامة المدينة للشقق المخدومة,Madina,10008718,2-Star,Active,269067
2942,Valy Hotel,فندق فالي المدينة,Madina,10006897,1-Star,Active,235824
2943,ROYA AL ANDALUS COMPANY,شركة رؤيا الأندلس لتشغيل الفنادق شخص واحد,Madina,10001976,2-Star,Active,235275
2944,Ruve Hotel,فندق روف المدينة الفندقية,Madina,10001932,1-Star,Active,227512
2945,Shaza Regency Plaza Hotel,فندق شذا ريجنسي بلازا للفنادق,Madina,10007217,3-Star,Active,226899
2946,PLATINUM HOTIL,فندق بلاتينيوم الفندقية,Madina,10007368,1-Star,Active,247583
2947,itlalat uhud,فندق اطلالة احد الفندقية,Madina,10007367,1-Star,Active,245427
2948,Almokhtara internatlonnal hotel,شركة المختارة العالمي للخدمات الفندقيه شخص واحد,Madina,10007215,1-Star,Active,230295
2949,Anfal Taiba Serviced Apartments,شقق انفال طيبة للشقق المخدومة,Madina,10007363,2-Star,Active,255015
2950,AL RITZ AL MADINA HOTEL,فندق الريتز المدينة,Madina,10007213,3-Star,Active,226810
2951,AL Madinah Hilton Hotel,فندق المدينة هيلتون,Madina,10007360,1-Star,Active,235837
2952,Gacine hotel,فندق غسن الفندقية,Madina,10007357,1-Star,Active,254655
2953,Najma Israa Al-Dhahabi Hotel Services Company,شركة نجمة اسراء الذهبي للخدمات الفندقية,Makkah,10011411,1-Star,Active,292535
2954,abna faisal abdulrahman rays Company Ltd.,شركة أبناء فيصل عبدالرحمن ريس المحدودة,Makkah,10011410,Unclassified/Other,Active,293500
2955,Nozol zahrat khdayra alsiyahia,مؤسسة زهرة خضيراء للمقاولات عامة,Makkah,10011409,Unclassified/Other,Active,292575
2956,Dhaif Allah Dukheil   AlRashidi Establishment,مؤسسة ضيف الله بن دخيل بن دخيل الله الرشيدي,Makkah,10011408,Unclassified/Other,Active,292295
2957,Company Ltd. shakhs wahid,شركة وقار العالمي المحدودة شخص واحد,Madina,10011440,Unclassified/Other,Active,293456
2958,Hotel For Tourist Accommodatino,فندق عبدالله بن حامد بن سويلم القرشي للايواء السياحي,Makkah,10011439,1-Star,Active,292395
2959,WAQF SAB,مؤسسة وقف عثمان ساب إبراهيم خطيب السرتي الوقفية,Makkah,10011438,Unclassified/Other,Active,292895
2960,abraj shahd Company for Hotel services,شركة ابراج شهد للخدمات الفندقية,Madina,10011437,Unclassified/Other,Active,292135
2961,one inn hotel,شركة فندق ون ان الفندقية,Madina,10007935,1-Star,Active,235073
2962,AZhar Salsabil,فندق ازهار سلسبيل الفندقية,Madina,10008022,1-Star,Active,235820
2963,Assaafa Golden Hotel,فندق السعفة الذهيبة,Madina,10008021,3-Star,Active,235787
2964,Maysan Al Harithia,فندق ميسان الحارثية ,Madina,10008016,1-Star,Active,235805
2965,Dan Hotel,شركة فندق دان الفندقية,Madina,10008010,1-Star,Active,259644
2966,afaq alfaday,شركة افاق الفضي لتشغيل الفنادق,Madina,10010513,1-Star,Active,244521
2967,Safwa Taiba Hotel Suites Establishment,مؤسسة فندق اجنحة صفوة طيبة الفندقية,Madina,10010507,1-Star,Active,255176
2968,Ajyal Almadinah Hotel 2,فندق اجيال المدينة 2,Madina,10009725,1-Star,Active,235885
2969,Ruh Taiba Hotel,فندق روح طيبة الفندقية,Madina,10009714,1-Star,Active,256476
2970,Hotel Ruaa Alsaadah,فندق رؤى السعادة للخدمات الفندقيه,Madina,10008714,1-Star,Active,225212
2971,ALBADR SERVIEED APARTMENTS,شقق البدر للشقق المخدومة,Madina,10007964,2-Star,Active,269777
2972,hayah plaza hotel,فندق حياة بلازة الفندقية,Madina,10007962,1-Star,Active,244735
2973,Anwar Alzahraa Hotel,فندق أنوار الزهراء الفندقية,Madina,10007906,1-Star,Active,230671
2974,Rawabi Alzahraa Hotel,شركة روابي الزهراء للخدمات الفندقيه,Madina,10007905,1-Star,Active,235733
2975,Afaq Taiba,شركة آفاق الايمان للتشغيل والصيانة,Madina,10007911,1-Star,Active,242951
2976,Grand plaza madinah Hotel,فندق جراند بلازا المدينة,Madina,10007910,1-Star,Active,227638
2977,Con Code Alnazeel Hotel,فندق كون كود النزيل للخدمات الفندقية,Madina,10007907,1-Star,Active,235915
2978,Moroccan Hotel,شركة فندق المغاربي للضيافة السياحي,Madina,10010036,1-Star,Active,242589
2979,Umsia Alhijaz For serviced apartment,شقق أمسية الحجاز للشقق المخدومة,Madina,10007355,2-Star,Active,259235
2980,zawaya Almasia for serviced apartments,شقق زوايا الماسية للشقق المخدومة,Madina,10007352,2-Star,Active,242226
2981,Loma Hotel,فندق لوما الفندقية,Madina,10007350,1-Star,Active,239935
2982,Diyar AlIman Hotel Services Company,شركة ديار الايمان للخدمات الفندقيه,Madina,10006850,1-Star,Active,230668
2983,THEEXECUTIVESUNRISE,شركة اشراق التنفيذي للخدمات الفندقية,Madina,10006835,4-Star,Active,230883
2984,Hafawah Suites,شقق أجنحة حفاوه للوحدات السكنية,Madina,10001910,2-Star,Active,271757
2985,Sidra Alia AL-DAHABI hotel,فندق السدرة العالية الذهبي للايواء السياحي,Madina,10007347,1-Star,Active,244235
2986,Rua Taiba Plus Hotel,شركة رؤئ طيبة بلس للضيافة السياحي,Madina,10007348,1-Star,Active,259275
2987,Hotel Shyan,فندق شيان الفندقية,Madina,10007332,1-Star,Active,256475
2988,Hotel ALANWAN AL DAHABI Hotel,فندق العنوان الذهبي الفندقية,Madina,10007327,1-Star,Active,287655
2989,ABRAJ ALTALAAYIE,شركة أبراج الطلائع الفندقية,Makkah,10011166,1-Star,Active,290145
2990,Madinat Al Zahra Hospitality Tourist Hotel,فندق مدينة الزهراء للضيافة السياحي,Makkah,10011165,1-Star,Active,293778
2991,hasan bin muhammad shaykh jamal allayl charitable,وقف حسن بن محمد شيخ جمل الليل,Makkah,10011436,Unclassified/Other,Active,293878
2992,Mawakeb Real Estate Company is a sole proprietorsh,شركة مواكب العقارية شركة شخص واحد,Makkah,10011433,1-Star,Active,296515
2993,Talal aljabri hotel,فندق طلال بن محمد بن فالح الجابرى الفندقية,Makkah,10011432,Unclassified/Other,Active,297716
2994,MOHAMMED ALJABRIHOTEL CO,شركة محمد بن فالح الجابرى الفندقية,Makkah,10011431,Unclassified/Other,Active,292180
2995,Fajr Bakka Establishment For Hotel Apartments,مؤسسة فجر بكة للشقق الفندقية,Makkah,10011430,Unclassified/Other,Active,291176
2996,Sama Alshaair Company To operate hotels,شركة سما الشعائر لتشغيل الفنادق,Makkah,10011429,1-Star,Active,291995
2997,Najma Israa Al-Dhahabi Hotel Services Company,شركة نجمة اسراء الذهبي للخدمات الفندقية,Makkah,10011428,Unclassified/Other,Active,291356
2998,saraya alrifadah Hostel For tourist lodges,نزل سرايا الرفادة للنزل السياحيه,Makkah,10011427,Unclassified/Other,Active,291635
2999,manazil almarsa hotel,فندق منازل المرسى الفندقية,Madina,10009085,1-Star,Active,228387
3000,Diyar Al Habib Hotel,فندق ديار الحبيب الفندقية,Madina,10008947,1-Star,Active,235765
3001,ANWAR ALMADINAH MOVENPICK HOTEL,فندق أنوار المدينة موفنبيك,Madina,10009082,Unclassified/Other,Active,235916
3002,Wrdat AlSaadah Hotel,شركة وردة السعادة الفندقية,Madina,10008944,1-Star,Active,223344
3003,Diyar AlSaliheen Limited Company,شركة ديار الصالحين المحدودة شخص واحد,Madina,10009069,2-Star,Active,259415
3004,Malameh ALmadinah furnished,مؤسسة شقق ملامح المدينة المخدومة,Madina,10010476,2-Star,Active,259215
3005,Shaza Saffron Hotel for Tourist Accommodation,مؤسسة فندق شذا الزعفران للايواء السياحي,Madina,10010490,Unclassified/Other,Active,225188
3006,ALNAQAT AL THAMANIH HOTEL,شركة فندق النقاط الثمانية للضيافة السياحي ,Madina,10010466,1-Star,Active,239110
3007,Marsa Al Khair Tourist Accommodation Foundation,مؤسسة نزل مرسى الخير للايواء السياحي,Madina,10010460,Unclassified/Other,Active,226099
3008,DRUB AL SAKINA FOR HOTEL SERVICES,شركة دروب السكينة للخدمات الفندقيه,Madina,10010238,1-Star,Active,259140
3009,Diyar Al Gharaa Hotel,فندق ديار الغراء ,Madina,10010072,1-Star,Active,235893
3010,Peninsula Worth Hotel,فندق بيننسولا وورث للخدمات الفندقيه,Madina,10009844,Unclassified/Other,Active,241265
3011,Al Eairy Serviced Apartments Company is a one pers,شركة العييري للشقق المخدومة شركة شخص واحد,Madina,10010056,2-Star,Active,242494
3012,Shaza Al Munawara Hotel,فندق شذا المنورة الفندقية,Madina,10010044,1-Star,Active,221938
3013,sharikat alafaq almasiat lilkhadamat alfunduqia,شركة الافاق الماسية للخدمات الفندقية,Madina,10009183,1-Star,Active,227753
3014,MIRAGE ALSALAM HOTEL,فندق ميراج السلام الفندقية,Madina,10008141,1-Star,Active,235814
3015,Gacine hotel,فندق غسن الفندقية,Madina,10008140,1-Star,Active,256455
3016,Dar Al Hijra Intercontinental Hotel,شركة ديار المستدامة الفندقية,Madina,10007902,Unclassified/Other,Active,287137
3017,mihad almadina,مهاد المدينة بلس,Madina,10007898,1-Star,Active,235922
3018,Anfal Taiba Serviced Apartments,شقق انفال طيبة للشقق المخدومة,Madina,10007897,2-Star,Active,259463
3019,Apartments Monazel Aldid For serviced,شقق منازل الضيف للشقق المخدومة,Madina,10007314,2-Star,Active,259016
3020,"Al-Mihrab Hotel, Taiba",فندق المحراب طيبة,Madina,10007303,1-Star,Active,235821
3021,Al Aqeeq Al Rawda Hotel,فندق العقيق الروضة,Madina,10007300,3-Star,Active,235896
3022,Rayidat AlDiyafah AlHijra for serviced apartments,شركة رائدة الضيافة الهجره للشقق المخدومة,Madina,10007291,Code 27,Active,302375
3023,Rua international Hotel,شركة رؤى العالمي الفندقية,Madina,10007202,1-Star,Active,259145
3024,alrayyan hotel,فندق الريان,Madina,10007280,Unclassified/Other,Active,235775
3025,Enwan Madina Serviced Apartments,شقق عنوان المدينة للشقق المخدومة,Madina,10007276,2-Star,Active,289255
3026,Flavor Hotel Company,شركة فلا فور الفندقية,Madina,10007271,1-Star,Active,287755
3027,Finda Almadinah,فندق فندا المدينة الفندقية,Madina,10006754,Unclassified/Other,Active,230379
3028,LAYALI AL HALIMA,فندق الليالي الحالمة الفندقية,Madina,10006645,1-Star,Active,254835
3029,WAHDAT ALKHAIR For Tourism Hospitality,فندق وحدات الخير للضيافة السياحي,Makkah,10011017,1-Star,Active,289195
3030,Awad Ayed AlMalki Foundation,مؤسسة عوض عائض المالكي,Makkah,10011016,1-Star,Active,288676
3031,ROTANA JABAL OMAR Company,شركة روتانا جبل عمر,Makkah,10011279,5-Star,Active,293478
3032,ALtawhid Park Hotel,شركة ضيوف التوحيد المحدودة,Makkah,10011278,1-Star,Active,290898
3033,Hotel Poinciana,شركة الرفاع العمراني المحدودة,Makkah,10011277,1-Star,Active,290675
3034,OSAMA MUSTAFA MOHANDIS Establishment,مؤسسة اسامه بن مصطفى مهندس,Makkah,10011275,Unclassified/Other,Active,290735
3035,awtad albadar Company,شركة أوتاد البدر,Makkah,10011290,1-Star,Active,291615
3036,Fajr Alnusk Company To operate hotels,شركة فجر النسك لتشغيل الفنادق,Makkah,10011289,1-Star,Active,290596
3037,Diyafat alBayt Company,شركة ضيافة البيت,Makkah,10011287,Unclassified/Other,Active,290900
3038,Mohammed bin Ahmed bin Ali Al-Asiri Maintenance an,مؤسسة محمد بن احمد بن علي العسيري للصيانة والنظافة,Makkah,10011286,Unclassified/Other,Active,292888
3039,Maysan Rehab Al Mask Hotel,شركة ميسان رحاب المسك للخدمات الفندقيه شخص واحد,Madina,10009685,1-Star,Active,227431
3040,COOV FOR SERVICED APARTMENTS,شركة كوف للوحدات السكنية,Madina,10009684,2-Star,Active,289135
3041,ROAYA ALANDALUS,شركة رؤيا الأندلس لتشغيل الفنادق,Madina,10009677,2-Star,Active,262354
3042,amjadalsalam hotel,شركة فندق امجاد السلام الفندقية,Madina,10009065,1-Star,Active,239415
3043,Marjan Golden,شركة المرجان الذهبية للخدمات الفندقيه,Madina,10009055,1-Star,Active,224769
3044,wardah roma serviced apartments company,شركة وردة رومة للشقق المخدومة,Madina,10009047,2-Star,Active,254895
3045,BELLANTE HOTEL,فندق بلانتي,Madina,10009064,1-Star,Active,223394
3046,Company Millar Al Dhahbia For Hospital,شركة ميار الذهبية للضيافة السياحي,Madina,10009035,1-Star,Active,269855
3047,Arkan almanar Hotel,فندق أركان المنار الفندقية,Madina,10009033,1-Star,Active,244195
3048,Rose Almedina Hotel,فندق روز المدينة الفندقية,Madina,10007724,1-Star,Active,254555
3049,vatran hotel,فندق فاتور ان للايواء السياحي,Madina,10007891,1-Star,Active,254918
3050,Verdun suites,شقق أجنحة فيردان للشقق المخدومة,Madina,10007889,2-Star,Active,269815
3051,Dar Al Taqwa Madinah Hotel,فندق دار التقوى,Madina,10007887,1-Star,Active,235818
3052,Maghreb Hotel,شركة فندق المغاربي للضيافة السياحي,Madina,10009832,1-Star,Active,242596
3053,Al Amjad Al Thahabi Serviced Apartments,شقق الامجاد الذهبي للشقق المخدومة,Madina,10010029,2-Star,Active,226157
3054,ALFAYROZ ALDAHBI HOTEL,فندق الفيروز الذهبي,Madina,10010018,1-Star,Active,235789
3055,Almokhtara Algharbi hotel,فندق المختارة الغربي فرع شركة منازل المختارة التجارية,Madina,10010011,1-Star,Active,227083
3056,Retaj Al Madinah Tourist Hostel,نزل رتاج المدينة للنزل السياحيه,Madina,10010007,Unclassified/Other,Active,234549
3057,Hafawah ajnaht Serviced Apartments,شقق اجنحة حفاوه للشقق المخدومة,Madina,10009818,2-Star,Active,274173
3058,hayah alwaha hotel,فندق حياة الواحة الفندقية,Madina,10010002,1-Star,Active,228005
3059,Jiwar Al Saha Hotel,شركة جوار الساحة,Madina,10006762,1-Star,Active,244300
3060,Diyar Al Taqwa Hotel,فندق ديار التقوى الفندقية,Madina,10006642,2-Star,Active,221975
3061,HAYAH SALAM SILVER,شركة فندق حياة السلام الفضي الفندقية,Madina,10010612,1-Star,Active,250259
3062,ARES ALMASI HOTEL COMPANY,شركة أريس الماسي الفندقية,Madina,10010610,1-Star,Active,287795
3063,Ard al juman alhadeeth,شركة ارض الجمان الحديث الفندقية,Makkah,10010609,1-Star,Active,259139
3064,Itqan AlMashair Commercial Establishment,مؤسسة اتقان المشاعر التجارية,Makkah,10010617,1-Star,Active,255532
3065,ALANDALES ALFAKHER For Hotel Apartments,الأندلس الفاخر للشقق الفندقية,Madina,10009132,2-Star,Active,235890
3066,Jawharat Al Alia,شقق جوهرة العالية الفندقية,Madina,10008107,2-Star,Active,244375
3067,COMPANY ASR MARMARA LTD,شركة عصر مرمرة المحدودة,Madina,10008258,2-Star,Active,259015
3068,MWASEEM SAMRQAND HOTEL,شركة مواسم الخير للسفر والسياحة,Makkah,10010865,1-Star,Active,271775
3069,Company PRADAIS LAND ALFANDAQUI ALALAMIYYA Ltd,شركة برادايس لاند الفندقية العالمية المحدودة,Makkah,10010864,1-Star,Active,271664
3070,Adnan Mutawaq Bin Saleh Al Ameri Hotel Company,شركة فندق عدنان معتوق بن صليح العميري الفندقية,Makkah,10010863,1-Star,Active,286616
3071,Abdul Aziz Musa Al-Mousa General Contracting Estab,مؤسسة عبدالعزيز موسى الموسى للمقاولات العامة,Makkah,10011014,1-Star,Active,288715
3072,Rua Almasi Hotel,رؤى الماسي,Madina,10011283,1-Star,Active,290455
3073,dar almashair alawla Company Ltd.,شركة دار المشاعر الأولى المحدودة,Makkah,10011282,Unclassified/Other,Active,291215
3074,Moro Company Global lilshqq walfanadiq sharikat sh,شركة مورو العالمية للشقق والفنادق شركة شخص واحد,Makkah,10011281,Unclassified/Other,Active,290681
3075,Anwar Al Sariyah Est For Residential Units,مؤسسة انوار السارية للوحدات السكنية,Makkah,10011280,Unclassified/Other,Active,291317
3076,dar almashair alawla Company Ltd.,شركة دار المشاعر الأولى المحدودة,Makkah,10011274,Unclassified/Other,Active,291336
3077,company funduq tabah al-salam hotel,شركة فندق طابة السلام الفندقية,Madina,10007722,3-Star,Active,259360
3078,Ajnahat Al-Baidaa Serviced Apartments Company,شركة اجنحة البيداء للشقق المخدومة,Madina,10007718,2-Star,Active,258895
3079,Waqf Al Safi Hotel,فندق وقف الصافي,Madina,10007708,3-Star,Active,235785
3080,REST INN HOTEL,مؤسسة فندق ريست إن للايواء السياحي,Madina,10010449,1-Star,Active,287876
3081,AL MAJD SILVER HOTEL,مؤسسة فندق المجد الفضي الفندقية,Madina,10010445,1-Star,Active,245228
3082,karam alhijaz liistijar waeajrir aldawr alskaniah,شركة كرم الحجاز لإستئجار وتأجير الدور السكنية,Madina,10010234,1-Star,Active,235881
3083,Shaza Al-Iman Tourist Hostel,مؤسسة نزل شذا الايمان للنزل السياحيه,Madina,10010420,Unclassified/Other,Active,222965
3084,nozl alfalah,مؤسسة نزل الفلاح العوالي للنزل السياحيه,Madina,10010418,Unclassified/Other,Active,228629
3085,warda salsabeel company,شركة وردة سلسبيل,Madina,10009658,1-Star,Active,258735
3086,vatoran 1 Hotel for Tourist Accommodation,فندق فاتور ان للايواء السياحي,Madina,10009672,1-Star,Active,255075
3087,Saja Hotel Company,شركة فندق سجى المدينة الفندقية,Madina,10009290,Unclassified/Other,Active,254735
3088,Manar Al Eman Hotel,فندق منار الايمان,Madina,10009288,1-Star,Active,235771
3089,Al Miqat serviced apartments,شركة الميقات للشقق المخدومة,Madina,10009276,2-Star,Active,242943
3090,Mawaddah Tower,برج مودة,Madina,10009272,1-Star,Active,235746
3091,danahtibahgroup,شقق دانة طيبة للشقق المخدومة,Madina,10009270,2-Star,Active,262127
3092,tubal alma siverviced apartment,شقق توبال الماسي للشقق المخدومة,Madina,10008663,2-Star,Active,259949
3093,Luma Hotel,فندق لوما الفندقية,Madina,10008659,1-Star,Active,240578
3094,Hotel Louloat Aldiyafah,فندق لؤلؤة الضيافة الفندقية,Madina,10008639,1-Star,Active,223244
3095,Sanabel Madinah Hotel,فندق سنابل المدينة,Madina,10007873,1-Star,Active,244156
3096,PALLADIUM HOTEL,فندق بلاد يوم للايواء السياحي,Madina,10007862,1-Star,Active,288775
3097,Sunduq Bonyan Hotel Apartments Company,شركة صندوق بنيان للشقق الفندقية,Madina,10008817,1-Star,Active,300775
3098,Sud boutique Hotel Operation Company,شركة سدو بوتيك لتشغيل الفنادق,Madina,10007946,2-Star,Active,259141
3099,Alia Gate Hotel Apartments,شقق بوابة العالية للشقق الفندقية,Madina,10008049,2-Star,Active,260495
3100,Al Mosafer Sabaa Hotel Apartments,شقق المسافر سبعة للشقق الفندقية,Madina,10007101,2-Star,Active,287895
3101,La cordia hotel Apartment,شركة اجنحة لاكورديا للشقق الفندقية,Madina,10007190,2-Star,Active,256416
3102,FATIMA AHMAD BEN KAYAD ALHARBI,شقق فاطمه احمد بن قياض الحربي للشقق الفندقية,Madina,10007044,1-Star,Active,302735
3103,Rose Holiday for Tourism Hospitality Company,شركة روز هوليداي للضيافة السياحي,Madina,10010621,1-Star,Active,288456
3104,Salah Al Madinah Travel and Tourism Company,شركة صلاح المدينة للسفر و السياحة,Makkah,10010712,1-Star,Active,255119
3105,MEYSSAN ALMASSI Hotel Company,شركة ميسان الماسي الفندقية,Makkah,10010710,1-Star,Active,255058
3106,Lamar Almasi hotel,مؤسسة فندق لمار الماسي الفندقية,Makkah,10010779,1-Star,Active,271818
3107,Darakum Almithali establishment,مؤسسة داركم المثالي,Madina,10010627,1-Star,Active,288596
3108,White Lion Hotel for Tourism and Hospitality,فندق الاسد الابيض للضيافة السياحي,Makkah,10010629,1-Star,Active,246521
3109,Al Ansar new palace hotel,فندق قصر الانصار الجديد,Madina,10002435,2-Star,Active,235758
3110,Najma Israa Al-Dhahabi Hotel Services Company,شركة نجمة اسراء الذهبي للخدمات الفندقية,Makkah,10011338,Unclassified/Other,Active,290915
3111,dar almashair alawla Company Ltd.,شركة دار المشاعر الأولى المحدودة,Makkah,10011341,Unclassified/Other,Active,291417
3112,Park house hotels,شركة بارك هاوس الفندقية,Makkah,10011340,1-Star,Active,290660
3113,ABDULAZIZ SUHAIL ALGHAMDI Company,شركة عبدالعزيز سهيل الغامدي,Makkah,10011339,Unclassified/Other,Active,290985
3114,Najma Israa Al-Dhahabi Hotel Services Company,شركة نجمة اسراء الذهبي للخدمات الفندقية,Makkah,10011337,Unclassified/Other,Active,290901
3115,Aalam alajhiza wal tajhiz Establishment,مؤسسة عالم الاجهزة والتجهيز,Makkah,10011426,Unclassified/Other,Active,291775
3116,kunuz alrahma Establishment Hotel,مؤسسة كنوز الرحمة الفندقية,Makkah,10011425,Unclassified/Other,Active,291982
3117,In Taiba Hotel Apartments,مؤسسة إن طيبة للشقق المخدومة,Madina,10009664,2-Star,Active,244536
3118,Arjwan Almadina Hotel,شركة فندق ارجوان المدينة الفندقية,Madina,10008931,1-Star,Active,232235
3119,SEBAL,فندق سبال الفندقية,Madina,10009022,1-Star,Active,227702
3120,Karam Taibah Almasi Hotel,فندق كرم طيبة الماسي الفندقية,Madina,10009021,1-Star,Active,222035
3121,Diyar Al Salam Hotel,فندق ديار السلام,Madina,10009018,1-Star,Active,221958
3122,Manazel Alzahraa Hotel,شركة منازل الزهراء للايواء السياحي,Madina,10009010,1-Star,Active,240531
3123,Diyar Al Medina Hotel,فندق ديار المدينة,Madina,10009005,1-Star,Active,230416
3124,ABRAJ ALARAB SERVICED APARTMENT,مؤسسة أبراج العرب للشقق المخدومة,Madina,10007707,2-Star,Active,259144
3125,Bait Salsabil,بيت سلسبيل,Madina,10007706,1-Star,Active,238697
3126,Sama Alkhair Hotel,فندق سما الخير الفندقية,Madina,10007701,1-Star,Active,259495
3127,Rama Al Madinah Hotel Services Company,شركة راما المدينة للخدمات الفندقية,Madina,10007858,1-Star,Active,223240
3128,Ruh Taiba Hotel,فندق روح طيبة الفندقية,Madina,10009992,1-Star,Active,256495
3129,Elite AL Hijra Hotel,شركة إليت لتشغيل الفنادق,Madina,10009812,Unclassified/Other,Active,291416
3130,BASHAYIR TAYIBA SERVICED APARTMENTS,شقق بشاير طيبة,Madina,10009240,2-Star,Active,235819
3131,Sama Al-Masi Hotel Company,شركة سما الماسي الفندقية,Madina,10008104,1-Star,Active,225243
3132,MADEN Taiba Hotel,شركة مادن طيبة,Madina,10008600,Unclassified/Other,Active,235806
3133,RUA ALKHAIR,شركة رؤى الخير الفندقية,Madina,10007764,1-Star,Active,224829
3134,AlBaidaa Wings Serviced Apartments,اجنحة البيداء للشقق المخدومة,Madina,10007842,2-Star,Active,258955
3135,DORAAT ELSHARK SERVED APARTMENT,شقق درة الشرق للشقق المخدومة,Madina,10007850,2-Star,Active,260468
3136,Azar Apartments,شقق ازار للشقق المخدومة,Madina,10007826,2-Star,Active,255035
3137,Ajnahat Al-Baidaa Serviced Apartments Company,شركة اجنحة البيداء للشقق المخدومة,Madina,10010778,1-Star,Active,271495
3138,Arjwan Rose Hotel,فندق ارجوان روز,Madina,10002575,Unclassified/Other,Active,235802
3139,Asrar West Jad Hotel Operating Company,شركة اسرار الغربية اجياد لتشغيل الفنادق,Makkah,10010788,1-Star,Active,269057
3140,Sulaiman Bin Musa AlOlayan Hotel Company one per,شركة سليمان بن موسى العليان الفندقية شخص واحد,Makkah,10010785,1-Star,Active,259359
3141,ROYA AL ANDALUS COMPANY,شركة رؤيا الأندلس لتشغيل الفنادق,Madina,10010781,1-Star,Active,259376
3142,Rabwa Al Safwa Hotel 7,فندق ربوة الصفوة,Madina,10010791,1-Star,Active,271475
3143,Delma One Youth Hotel Est.,مؤسسة فندق شباب دلما واحد الفندقية,Makkah,10010800,1-Star,Active,269795
3144,Alyasmeen,شركة الياسمين الأبيض للخدمات الفندقية شخص واحد,Madina,10010799,1-Star,Active,269047
3145,Al Safwa Royal Orchid Hotel,فندق الصفوة رويال أوركيد الفندقية,Makkah,10010798,1-Star,Active,269134
3146,Loaloat Al Tayseer Hotel Est,مؤسسة لؤلؤة التيسير الفندقية,Makkah,10011139,1-Star,Active,289915
3147,Afaq Almasi To operate hotels Company,شركة افاق الماسي لتشغيل الفنادق ,Madina,10011138,1-Star,Active,292191
3148,Moro Company Global lilshqq walfanadiq sharikat sh,شركة مورو العالمية للشقق والفنادق شركة شخص واحد,Makkah,10011137,1-Star,Active,289955
3149,SAHAR AL SMIT HOTELFOR TOURIST,فندق سحر السيمت للايواء السياحي,Makkah,10011135,Unclassified/Other,Active,290157
3150,Ilaf International Investment Company,شركة إيلاف للاستثمار الدولي ,Makkah,10011133,1-Star,Active,289655
3151,diwan batal Hostel For tourist lodges,نزل ديوان بتال للنزل السياحيه,Makkah,10011407,Unclassified/Other,Active,291983
3152,Park House Hotels,شركة بارك هاوس الفندقية,Makkah,10011406,1-Star,Active,290795
3153,Aali alqimma Exhibition For Cars,معرض أعالي القمة للسيارات,Makkah,10011405,Unclassified/Other,Active,291916
3154,BANDAR MOHAMMAD ALHAMAZANI Establishment,مؤسسة بندر بن محمد الهمزاني,Makkah,10011404,Unclassified/Other,Active,291196
3155,Modern Signs Maintenance and Finishing Establishme,مؤسسة علامات الحديثه للصيانة والتشطيب,Makkah,10011403,Unclassified/Other,Active,290899
3156,BELLANTE HOTEL FOR HOTEL SERVICES,فندق بلانتي للخدمات الفندقيه,Madina,10007691,1-Star,Active,254595
3157,Zawaya almasia Hotel,مؤسسة فندق زوايا الماسية للايواء السياحي,Madina,10010406,1-Star,Active,244455
3158,AFAQ ELIMAN,شركة حياة الايمان للتشغيل والصيانة,Madina,10009618,1-Star,Active,253177
3159,ROYA AL ANDALUS COMPANY,شركة رؤيا الأندلس لتشغيل الفنادق شخص واحد,Madina,10009611,1-Star,Active,230488
3160,AL ZAHABI GOLDEN TULIP,الذهبي جولدن توليب,Madina,10009560,3-Star,Active,230431
3161,HOTEL AL-ANDALUS DAR AL-SALAAM,فندق الأندلس دار السلام,Madina,10008894,1-Star,Active,228531
3162,LUXURY CITY SERVICED APRTMENTS,شقق فخامة المدينة المخدومة,Madina,10008996,2-Star,Active,258875
3163,Manazel Alhassan Hotel,شركة منازل الحسن للايواء السياحي,Madina,10008762,1-Star,Active,239994
3164,Bar AIman Hotel,فندق بر الإيمان,Madina,10008908,1-Star,Active,241175
3165,Amjad Al Gharra Hotel,فندق امجاد الغراء,Madina,10008907,1-Star,Active,235923
3166,Saraya Harmony Hotel (c),فندق سراياهارموني(ج),Madina,10007823,1-Star,Active,235809
3167,Nozol Royal Inn Hotel,فندق نزل رويال,Madina,10009956,3-Star,Active,239121
3168,Ajyal Almadinah Hotel 3,فندق اجيال المدينة 3,Madina,10009952,1-Star,Active,235873
3169,DOYOF COMPANY FOR TOURIST ACCOMMODATION,شركة ضيوف للايواء السياحي,Madina,10009802,2-Star,Active,288055
3170,Hayat Al Madin Hotel,فندق حياه المدينة الفندقية,Madina,10009932,1-Star,Active,235891
3171,Rose Holiday Hotel (1),فندق روزهوليداي (1),Madina,10009236,1-Star,Active,235752
3172,AL MADENA ANASAT HOTEL,فندق المدينة آنست للخدمات الفندقيه,Madina,10008980,1-Star,Active,247764
3173,Saba Ohud Serviced Apartments,شقق صبا احد للشقق المخدومة,Madina,10008446,2-Star,Active,287715
3174,Dan Pelatinum Hotel,فندق دان البلاتيني الفندقية,Madina,10008443,1-Star,Active,259055
3175,Zaha Al Munawara Hotel,فندق زها المنورة,Madina,10008569,1-Star,Active,235778
3176,Mahabbat Al Akhawin Hotel,فندق محبة الاخوين الفندقية,Makkah,10010829,1-Star,Active,271897
3177,Rest Inn Hotel for tourist accommodation,مؤسسة فندق ريست إن للايواء السياحي,Madina,10010827,1-Star,Active,292495
3178,Arak Al Shariah Hotel,مؤسسة فندق آراك الشريعة الفندقية,Makkah,10010835,4-Star,Active,289895
3179,Dhaif Alazizia Hotel Est,مؤسسة فندق ضيف العزيزية الفندقية,Makkah,10010834,1-Star,Active,288135
3180,hikmah global,شركة الحكمة غلوبل ليميتد المحدودة,Makkah,10010840,1-Star,Active,271441
3181,ROYA ALANDALUS Hotel Operation Company,شركة رؤيا الأندلس لتشغيل الفنادق,Madina,10010838,1-Star,Active,287877
3182,Mubarak Al Majed Hotel Services Company,شركة فندق مبارك الماجد للخدمات الفندقية,Makkah,10010851,1-Star,Active,271756
3183,Emaar Al Khair Almasi Hotel for Tourism,فندق اعمار الخير الماسي للضيافة السياحي,Makkah,10010845,1-Star,Active,271875
3184,Mazer Al Iman General Contracting Company,شركة مآزر الايمان للمقاولات العامة,Makkah,10010881,1-Star,Active,275812
3185,Lujain AlDhahabi Hotel Est,مؤسسة فندق لجين الذهبي الفندقية,Madina,10010880,1-Star,Active,271778
3186,Abdulhamed ahmad saqr hotel,مؤسسة فندق عبدالحميد احمد صقر الفندقية,Madina,10010692,Unclassified/Other,Active,254875
3187,Sadaf Al Khair Serviced Apartments Company,شركة صدف الخير للخدمات الفندقية,Makkah,10010689,2-Star,Active,259142
3188,KHALED MAHMOUD S QATTAN Establishment,مؤسسة خالد محمود صالح قطان,Makkah,10011402,Unclassified/Other,Active,294015
3189,HUSSAIN ALI ALQURASHI Establishment,مؤسسة حسين بن علي القرشي,Makkah,10011401,Unclassified/Other,Active,294265
3190,tamaz alsawfa,مؤسسة تميز الصفوة للخدمات الفندقيه,Makkah,10011457,Unclassified/Other,Active,291617
3191,nukhbat alusus almumtazih Company,شركة نخبة الأسس المتميزة,Makkah,10011456,Unclassified/Other,Active,291778
3192,Majmouat Marai bin Mahfouz Shurakah Musahamah Saud,شركة مجموعة مرعي بن محفوظ وشركاه مساهمة سعودية مقفلة,Makkah,10011455,Unclassified/Other,Active,292176
3193,Abdulkarim Ubaid Thabit Althubaiti Establishment,مؤسسة عبدالكريم عبيد ثابت الثبيتي التجارية,Makkah,10011454,Unclassified/Other,Active,292279
3194,diafat albayt alatiq Establishment,مؤسسة ضيافة البيت العتيق,Makkah,10011453,Unclassified/Other,Active,291255
3195,alkafaa almithaliyah Hostel For tourist lodges,نزل الكفاءة المثاليه للنزل السياحيه,Makkah,10011452,Unclassified/Other,Active,293237
3196,Arjwan AlSaadah Hotel,فندق ارجوان السعادة,Madina,10008898,1-Star,Active,235822
3197,nasuk alayman hotel,نسك الايمان,Madina,10008896,1-Star,Active,235739
3198,Kayan Almadina Hotel,فندق كيان المدينة,Madina,10007667,1-Star,Active,227498
3199,The House of Faith,دار الايمان الحرم ,Madina,10007660,4-Star,Active,235829
3200,Al-Deem Serviced Apartments,شقق الديم للشقق المخدومة,Madina,10007656,2-Star,Active,259887
3201,EWAN DAR ALHEJRA HOTEL,شركة إيوان دار الهجرة الفندقية,Madina,10007648,1-Star,Active,254601
3202,Dua Roz Hotel,شركة فندق دعاء روز الفندقية ,Madina,10010333,1-Star,Active,224825
3203,Shams Al Madinah Hostel,شركة شمس المدينة المحدودة,Madina,10009550,Unclassified/Other,Active,226837
3204,AlSanobra Hotel Company,شركة الصنوبره الفندقية,Madina,10009540,1-Star,Active,288316
3205,HOTEL TALLAQ for Hotel services,فندق تلاق للخدمات الفندقيه,Madina,10008891,1-Star,Active,258815
3206,Durrat Al Azizia for Serviced Apartments,شقق درة العزيزية للشقق المخدومة,Madina,10008432,2-Star,Active,271663
3207,MNAZEL EL TEF FOR SERVICED APARTMENTS,شركة منازل الطيف للشقق المخدومة شركة شخص واحد,Madina,10008557,Code 27,Active,298695
3208,Rehab Harmony Hotel,فندق رحاب هارموني,Madina,10008089,1-Star,Active,235762
3209,MANAZEL ALAZIZIYAH FOR SERVICED APARTMENTS,شقق منازل العزيزية للشقق المخدومة,Madina,10008423,Code 27,Active,302015
3210,Lviv ALmumayazah Hotel,شركة لفيف المميزة الفندقية,Madina,10007820,1-Star,Active,288315
3211,Byt Almadina serviced arartmint,شقق بيت المدينة للشقق المخدومة,Madina,10007818,2-Star,Active,255095
3212,Gacine hotel,فندق غسن الفندقية,Madina,10007808,1-Star,Active,254695
3213,Dan Golden Hotel,شركة دان الذهبي الفندقية,Madina,10007800,1-Star,Active,258755
3214,Tamanina Hotel Company,شركة طمأنينة الفندقية,Madina,10009901,2-Star,Active,287501
3215,Safa Taiba Hotel Operation Company,شركة صفا طيبه لتشغيل الفنادق,Madina,10009199,1-Star,Active,251045
3216,Abdul Malik Hotel,مؤسسة عبدالملك بن مصلح بن عيظه الفهمي لتشغيل الفنادق,Makkah,10010879,1-Star,Active,271815
3217,Matouk bin Muzand Salem ALQarhi Hotel Service Est,مؤسسة فندق معتوق بن مزند بن سالم القارحي للخدمات الفندقيه,Makkah,10010878,1-Star,Active,288555
3218,Rua Al Dhiyafa Hotel,رؤى الضيافة ,Madina,10010887,1-Star,Active,271835
3219,Park Plaza Hotel,فندق بارك بلازا الفندقية,Makkah,10010953,3-Star,Active,288475
3220,ALMOWHDEEN ALMASIH HOTEL,فندق الموحدين الماسية الفندقية,Makkah,10010952,1-Star,Active,287957
3221,PARK ELIAS HOTEL,فندق بارك الياس للضيافة السياحي,Makkah,10010959,1-Star,Active,296175
3222,Diyar Al Safa Hotel Services Company,شركة ديار الصفا للخدمات الفندقية شخص واحد,Madina,10011026,Unclassified/Other,Active,288735
3223,Rahma Alfarida Company Limited,شركة رحمة الفريدة المحدودة,Makkah,10011035,1-Star,Active,289715
3224,Manazil Al Izz Hotel Hotel,فندق منازل العز الفندقية,Makkah,10011258,Unclassified/Other,Active,290699
3225,Almustahdith lilmuqawalat,شركة المستحدث للمقاولات شركة ذات المسؤولية المحدودة من,Makkah,10011256,Unclassified/Other,Active,293140
3226,riyadat alamakin Company For investment,شركة ريادة الأماكن للاستثمار,Makkah,10011253,1-Star,Active,290335
3227,karam alwifadah Establishment,مؤسسة كرم الوفادة,Makkah,10011251,Unclassified/Other,Active,291375
3228,Qawasem Alkhayrat Hostel For tourist lodges,نزل قواسم الخيرات للنزل السياحيه,Makkah,10011451,Unclassified/Other,Active,291476
3229,alamoudu est,مؤسسة محمد احمد العمودي التجارية,Makkah,10011447,Unclassified/Other,Active,291484
3230,Osama Saad Sunki General Contracting Establishment,مؤسسة أسامه سعد بن حامد سنكى للمقاولات العامة,Makkah,10011444,Unclassified/Other,Active,292715
3231,Mubarak Al Barakati Hotel,فندق مبارك بن عبدالله بن سالم البركاتي الفندقية,Makkah,10011441,1-Star,Active,292076
3232,Ajial Taiba,أجيال طيبة,Madina,10011460,Unclassified/Other,Active,291402
3233,ABDULMAJEEDALI SAEED ALZAHRANI EST,مؤسسة عبدالمجيد علي سعيد الزهراني لنقل الحجاج والمعتمرين,Makkah,10011459,Unclassified/Other,Active,291399
3234,BURJ ALMARJAN ALALAMI HOTEL,شركة برج المرجان العالمي للخدمات الفندقيه,Madina,10008758,1-Star,Active,227846
3235,roaya alandalus,شركة رؤيا الأندلس لتشغيل الفنادق,Madina,10008878,2-Star,Active,259459
3236,Sama Golden Hotel,فندق سما الذهبي الفندقية,Madina,10008755,1-Star,Active,225269
3237,Grand Zowar hotel,فندق جراند زوار للضيافة السياحي,Madina,10008871,1-Star,Active,230686
3238,Salsabil AlDhahabi Renewed Company,شركة سلسبيل الذهبي المتجدد للخدمات الفندقيه,Madina,10008870,1-Star,Active,235811
3239,SPALL PIUS HOTEL,فندق سبال بلس الفندقية,Madina,10008861,1-Star,Active,227416
3240,Diyar Al Nakheel Hotel,فندق ديار النخيل الفندقية,Madina,10008860,1-Star,Active,235632
3241,shaqaq filfit almakhduma,شقق المخملية المخدومة,Madina,10007685,2-Star,Active,259175
3242,Al-Muna Kareem Hotel for Tourist Accommodation,فندق المنى كريم للايواء السياحي,Madina,10009201,3-Star,Active,221992
3243,Al Manakha Rotana Hotel,المناخة روتانا,Madina,10008380,Unclassified/Other,Active,235832
3244,Hotel NAWAH ALAZIZIA Hotel,فندق نواة العزيزية الفندقية,Madina,10008047,1-Star,Active,271635
3245,AYID MAGBOL ALGHARNI Hotel Commercial,فندق عايض مقبول القرني التجارية,Madina,10007798,1-Star,Active,288815
3246,Mamoun Abdulghani Bri Hotel,فندق مأمون عبدالغني مأمون بري الفندقية,Madina,10007788,1-Star,Active,251178
3247,almanzil aalmasi for serviced apartments,شقق المنزل الماسي للشقق المخدومة,Madina,10007786,2-Star,Active,271616
3248,Luma Hotel,فندق لوما الفندقية,Madina,10007768,1-Star,Active,259923
3249,Dar Al Iman Intercontinental Hotel,شركة مساكن الايمان للخدمات الفندقيه,Madina,10009871,Unclassified/Other,Active,288095
3250,Diyar Al Salam Al Fidhi Hotel,فندق ديار السلام الفضي,Madina,10009102,1-Star,Active,228022
3251,Dhyafat Alzaer hotel,فندق ضيافة الزائر,Madina,10009101,1-Star,Active,235886
3252,maydan albayt Company Hotel shakhs wahid,شركة ميدان البيت الفندقية شخص واحد,Makkah,10011050,1-Star,Active,289156
3253,Rehab Al Madain Tourist Lodges Company,شركة رحاب المدائن للنزل السياحيه,Madina,10011046,Unclassified/Other,Active,288935
3254,MEEZAB ALRAWDAH HOTEL,شركة ميزاب الفندقية شركة شخص واحد,Makkah,10011044,1-Star,Active,293980
3255,Company Hotel ALTALAAYIE,شركة الطلائع الفندقية,Makkah,10011043,1-Star,Active,288995
3256,Company To operate hotels shakhs wahid,شركة فرسان الغد لتشغيل الفنادق شخص واحد,Madina,10011041,Unclassified/Other,Active,288975
3257,Abdulhamid Ahmed Saqr Hotel Hotel Establishment,مؤسسة فندق عبدالحميد احمد صقر الفندقية,Madina,10011082,Unclassified/Other,Active,289315
3258,Immigration One Hotel Company,شركة الهجرة واحد الفندقية,Makkah,10011115,1-Star,Active,296655
3259,Fayez Ali Bin Mohammed BujayriHotel for Tourist Ac,مؤسسة فندق فايز على بن محمد بجيرى للايواء السياحي,Makkah,10011122,1-Star,Active,290659
3260,Moro Company Global lilshqq walfanadiq sharikat sh,شركة مورو العالمية للشقق والفنادق شركة شخص واحد,Makkah,10011119,1-Star,Active,290158
3261,Al Rayyan Hospitality Company for Hotel Management,شركة الريان الضيافة لأدارة وتشغيل الفنادق,Makkah,10010962,1-Star,Active,287995
3262,Establishment iwaa almatl,مؤسسة إيواء المطل,Madina,10011335,Code 27,Active,301155
3263,dar almashair alawla Company Ltd.,شركة دار المشاعر الأولى المحدودة,Makkah,10011334,Unclassified/Other,Active,291477
3264,najmat rawat alkhayl alfunduqiah Establishment,مؤسسة نجمة روعة الخليل الفندقية,Makkah,10011333,1-Star,Active,292435
3265,Kurat alMashair Hotel Hotel,فندق كرة المشاعر الفندقية,Makkah,10011331,1-Star,Active,292475
3266,Aaliyah AlDawadiyah Hotel Hotel,فندق عالية الدوادية الفندقية,Madina,10011330,1-Star,Active,290678
3267,Bayt Yel Hotel Management Corporation,مؤسسة بيوت يل لتشغيل الفنادق,Makkah,10011329,Unclassified/Other,Active,290982
3268,alshahba almaskia Company,شركة الشهباء الماسية,Makkah,10011328,1-Star,Active,292577
3269,Diyafat Al Naseem Al Mumayyaz Establishment For re,مؤسسة ضيافة النسيم المميز للوحدات السكنية,Makkah,10011327,Unclassified/Other,Active,291339
3270,Ahda alamakin Establishment For furnished apartmen,مؤسسة أهدى الأماكن للشقق المفروشة,Makkah,10011326,Unclassified/Other,Active,291337
3271,Hotel RASIA Hotel,فندق راسيا الفندقية,Madina,10007682,1-Star,Active,271760
3272,Al Shohadaa ALFAKHIR  Hotel Apartments,شقق الشهداء الفاخر للشقق المخدومة,Madina,10007680,2-Star,Active,259095
3273,Al Fakhama Diamond Serviced Apartments,شقق الفخامة الماسية للشقق المخدومة,Madina,10007678,2-Star,Active,221921
3274,Golden Jasmine Hotel,فندق الياسمين الذهبي الفندقية,Madina,10007674,1-Star,Active,241471
3275,Elite Haven,مؤسسة إيلايت هافن,Madina,10010310,Unclassified/Other,Active,256834
3276,ANAF HOTEL,مؤسسة فندق أناف للايواء السياحي,Madina,10010309,1-Star,Active,254675
3277,Maghreb Hotel for Tourist Hospitality,شركة فندق المغاربي للضيافة السياحي,Madina,10010199,1-Star,Active,241256
3278,Sina Serviced Apartments Company One Person,شركة سينا للشقق المخدومة شخص واحد,Madina,10010198,2-Star,Active,256415
3279,Rabwa Al Safwa Hotel 8,فندق ربوة الصفوة,Madina,10010188,1-Star,Active,269875
3280,HOTEL ALBARAKA KARIM TOURISM HOSPITALITY COMPANY,فندق شركة البركة كريم للضيافة السياحي,Madina,10009519,1-Star,Active,235926
3281,Company Diyar wahat alnazzil Hotel,شركة ديار واحة النزيل للخدمات الفندقيه,Madina,10008963,1-Star,Active,239155
3282,ALSHAHBA,الشهباء,Madina,10009098,1-Star,Active,235833
3283,Muna Alsalaam,المنى السلام,Madina,10008959,1-Star,Active,235892
3284,AJENHA ALFIA ALMADINAH,أجنحة ألفيه المدينة,Madina,10008347,1-Star,Active,235872
3285,ZAHA ALMADINA HOTEL,فندق زها المدينة,Madina,10008033,1-Star,Active,235795
3286,PROVINCE ALSHAM HOTEL,فندق الشام الاقليمية,Madina,10008032,1-Star,Active,230422
3287,ASTONEAST TAIBA HOTEL,فندق اسنونيست طيبة,Madina,10008030,1-Star,Active,244175
3288,Al Mokhtara Tower Hotel,شركة فندق برج المختاره الفندقية,Madina,10010297,1-Star,Active,224932
3289,Shaza Al Hijra Hotel Establishment for Tourism Hos,مؤسسة فندق شذا الهجرة للضيافة السياحي,Madina,10010580,Unclassified/Other,Active,221993
3290,HELLA TAYBA hotel,فندق هلا طيبة الفندقية,Madina,10010290,1-Star,Active,287977
3291,diof altawhid company,شركة ضيوف التوحيد المحدودة,Makkah,10011177,1-Star,Active,290135
3292,Lujain Al Dhahabi Company Ltd.,شركة لجين الذهبي المحدودة,Madina,10011175,1-Star,Active,289936
3293,Benon Alhadithah Company Hotel,شركة بينون الحديثة المحدودة,Makkah,10011173,1-Star,Active,290143
3294,awtad alimtiaz Company Hotel,شركة أوتاد الامتياز الفندقية,Makkah,10011172,1-Star,Active,290295
3295,alsafa albaraka Company Ltd.,شركة الصفا البركة المحدودة,Madina,10011192,1-Star,Active,289995
3296,jawharat almanshia,فندق جوهرة المنشية,Makkah,10011190,1-Star,Active,290597
3297,Wisam Al Madinah Company for hotels managemnets,شركة وسام المدينة لتشغيل الفنادق شركة شخص واحد,Madina,10011186,1-Star,Active,290015
3298,Safwat al Abrar Hotel For Tourist Accommodation,فندق صفوة الابرار للايواء السياحي,Makkah,10011224,Unclassified/Other,Active,291557
3299,dar almashair alawla Company Ltd,شركة دار المشاعر الأولى المحدودة,Makkah,10011243,Unclassified/Other,Active,290696
3300,Stone Square Hotel Foundation,مؤسسة ساحة الحجارة الفندقية,Makkah,10011500,1-Star,Active,291575
3301,aldhayafa almasiya Company,شركة الضيافة الماسية المحدودة شركة شخص واحد,Makkah,10011499,1-Star,Active,293458
3302,hasan bin muhammad shaykh jamal allayl charitable,وقف حسن بن محمد شيخ جمل الليل,Makkah,10011498,Unclassified/Other,Active,294124
3303,awtad alfadhila Company,شركة اوتاد الفضيلة,Makkah,10011496,Unclassified/Other,Active,292278
3304,Funduq Athraa Alaziziyah Company Hotel,شركة فندق أثراء العزيزية الفندقية,Makkah,10011490,Unclassified/Other,Active,291836
3305,n,مؤسسة مشعل بن مساعد بن مطلق الشريف التجارية,Makkah,10011489,Unclassified/Other,Active,294341
3306,Abdulkarim Ubaid Thabit Althubaiti Establishment,مؤسسة عبدالكريم عبيد ثابت الثبيتي التجارية,Makkah,10011488,Unclassified/Other,Active,292515
3307,MANSOUR WASLALLAH AL THOBAITI Establishment,مؤسسة منصور وصل الله الثبيتي,Makkah,10011487,Unclassified/Other,Active,292578
3308,Abdulrahman Nasser Bin Ali Al-Ghafees General Cont,مؤسسة عبدالرحمن ناصر بن علي الغفيص للمقاولات المعمارية العامة,Makkah,10011486,Unclassified/Other,Active,292095
3309,MANSOUR WASLALLAH AL THOBAITI Establishment,مؤسسة منصور وصل الله الثبيتي,Makkah,10011485,Unclassified/Other,Active,292797
3310,Hotel Zahrat sita,فندق زهرة ستة,Madina,10009514,1-Star,Active,230693
3311,Hotel Dorra EL Manabar,فندق درة المنابر الفندقية,Madina,10009379,1-Star,Active,301495
3312,Anwar Albaraka Hotel,فندق انوار البركة الفندقية,Madina,10009502,1-Star,Active,244215
3313,Diyar Alnoor Motel,نزل ديار النور للضيافة السياحي,Madina,10009496,Unclassified/Other,Active,232437
3314,Rowdah Almokhtara hotel,فندق روضة المختارة,Madina,10008858,1-Star,Active,231387
3315,Diyafat Almokhtara hotel,فندق شركة ضيافة المختارة للخدمات الفندقيه,Madina,10008854,1-Star,Active,234559
3316,Hotel AL-RAYYAN FADI For Hotel Services,فندق الريان الفضي للخدمات الفندقيه,Madina,10008853,1-Star,Active,227385
3317,Kayan International Hotel,شركة كيان العالمي للخدمات الفندقيه,Madina,10008851,1-Star,Active,227043
3318,Taibah hills company,شركة طيبة هيلز,Madina,10008845,1-Star,Active,225066
3319,"""Sedra International Hotel and Hospitality Service",شركة فندق سدرة العالمي للخدمات الفندقيه,Madina,10010287,1-Star,Active,223391
3320,Funduq Surur Taib Aldhahabiat Alfunduqiafunduq,شركة فندق سرور طيبة الذهبية الفندقية,Madina,10010559,1-Star,Active,244535
3321,Rahaba Al Bait Hotel Company,شركة رحابة البيت الفندقية,Madina,10010280,1-Star,Active,254456
3322,Manazel Alsafiyah Hotel,شركة منازل الصافية لتشغيل الفنادق,Madina,10010275,1-Star,Active,239515
3323,jawharat alkarawan,مؤسسة جوهرة الكروان للشقق المخدومة,Madina,10010577,Code 27,Active,298255
3324,Marjan Rose Hotel Company One Person,شركة مرجان روز الفندقية شخص واحد,Madina,10009769,1-Star,Active,239368
3325,DEEM ALMADINAH HOTEL,شركة ديم المدينة الفندقية,Madina,10009600,1-Star,Active,244635
3326,Zahrat Three Hotel,فندق زهرة ثلاثة,Madina,10009753,1-Star,Active,228562
3327,Durrat Balensia Hotel,فندق درة بلنسية الفندقية,Madina,10006704,1-Star,Active,254815
3328,Grand Plaza Badr Al Maqam,جراند بلازا بدر المقام,Madina,10007247,2-Star,Active,221922
3329,Rawabi Salam Hotel,شركة روابي سلام لتشغيل الفنادق,Makkah,10010653,1-Star,Active,250222
3330,KARAM MEDYAF HOTEL,فندق كرم مضياف الفندقية,Makkah,10010654,1-Star,Active,246550
3331,Dufla Ithnan Hotel for hospitality tourism,فندق دفلى اثنان للضيافة السياحي,Makkah,10011067,1-Star,Active,289977
3332,Jawharat Ohod Hotels,شركة جوهرة أحد الفندقية,Madina,10011064,Unclassified/Other,Active,300755
3333,arafat aldhahabiya Company Hotel,شركة عرفات الذهبية,Makkah,10011060,1-Star,Active,289157
3334,Safwat al Abrar Hotel For Tourist Accommodation,فندق صفوة الابرار للايواء السياحي,Makkah,10011242,Unclassified/Other,Active,291915
3335,Manazil Qurban Hotel For Hotel Apartments,فندق منازل قربان للشقق الفندقية,Madina,10011240,1-Star,Active,290395
3336,HOTE AL SHAAB GOLDEN,فندق الشعب الذهبي الفندقية,Makkah,10011239,1-Star,Active,299705
3337,Kunuz AlTaqwa Hotel Hotel,فندق كنوز التقوي الفندقية,Madina,10011238,1-Star,Active,290275
3338,Safwat al Abrar Hotel For Tourist Accommodation,فندق صفوة الابرار للايواء السياحي,Makkah,10011237,Unclassified/Other,Active,291777
3339,Diamond Tower Hotel Apartments,فندق البرج الماسي للشقق الفندقية,Makkah,10011098,Unclassified/Other,Active,297015
3340,ALI HUSSAIN ALQURASHI Hostel For tourist lodges,نزل على بن حسين القرشي للنزل السياحيه,Makkah,10011484,Unclassified/Other,Active,292342
3341,Establishment For General Contracting,مؤسسة حمدي بن محمد بن حمدي القرشي للمقاولات العامة,Makkah,10011530,Unclassified/Other,Active,291957
3342,Al Izz Al Aam Establishment For Trading,مؤسسة العز العام للتجارة,Makkah,10011529,Unclassified/Other,Active,292215
3343,Osama Saad Sunki General Contracting Establishment,مؤسسة أسامه سعد بن حامد سنكى للمقاولات العامة,Makkah,10011528,Unclassified/Other,Active,291965
3344,Luluat Saltanah Hostel For Tourist Lodges,نزل لؤلؤة سلطانة للنزل السياحية,Madina,10011527,Unclassified/Other,Active,291856
3345,Diyafat Al Naseem Al Mumayyaz Establishment,مؤسسة ضيافة النسيم المميز للوحدات السكنية,Makkah,10011526,Unclassified/Other,Active,292737
3346,Bayt al Hajjij2 Hotel,فندق بيت الحجيج,Makkah,10011525,1-Star,Active,299900
3347,hasan bin muhammad shaykh jamal allayl charitable,وقف حسن بن محمد شيخ جمل الليل,Makkah,10011524,Unclassified/Other,Active,293962
3348,Durat Tabah Hotel,درة طابة الفندقية,Madina,10008841,Unclassified/Other,Active,235917
3349,Durrat AlIman Hotel Company,شركة درة الإيمان الفندقية,Madina,10008838,1-Star,Active,230873
3350,MERCAN MEDINE Golden  Hotel,فندق مرجان المدينة الذهبي,Madina,10008837,1-Star,Active,235882
3351,tamkeen hotel company,شركة فندق تمكين الفندقية شركة شخص واحد,Madina,10008006,1-Star,Active,271661
3352,Wrdt Alrayan Hotel,وردة الريان,Madina,10008206,1-Star,Active,235783
3353,Gulnar Taiba hotel,فندق جلنار طيبة,Madina,10008193,1-Star,Active,235898
3354,Saraya Harmony Hotel B,فندق سراياهارموني(ب),Madina,10008191,1-Star,Active,235753
3355,Kinan Almadina,كنان المدينة,Madina,10008188,1-Star,Active,235741
3356,Jiwar Almadina Hotel,فندق جوار المدينة الفندقية,Madina,10007240,1-Star,Active,227663
3357,MANAZIL ALOUROBA FOR FUMISHED,شقق منازل العروبة للشقق المخدومة,Madina,10007232,2-Star,Active,271575
3358,park plus serviced APARTMENT,شقق بارك بلس للشقق المخدومة,Madina,10007269,2-Star,Active,259460
3359,nusuk hotel campany,شركة نسك الهجرة للخدمات الفندقيه,Madina,10006600,2-Star,Active,235773
3360,zaha taiba hotel,فندق زها طيبة الفندقية,Madina,10006193,1-Star,Active,235808
3361,Emaar Taibah,فندق اعمار طيبة الفندقية,Madina,10006586,1-Star,Active,235840
3362,The Biltmore Almadinah Hotel,فندق ذا بيلتمور المدينة,Madina,10007189,Unclassified/Other,Active,235740
3363,Maien Taiba,معين طيبة الفندقية,Madina,10007188,1-Star,Active,235780
3364,alsahabat Hotel Establishment,فندق السحابات الفندقية,Madina,10007176,1-Star,Active,271440
3365,AL MANAZEL WADIYAR AL MADINAH HOTEL,فندق المنازل وديار المدينة الفندقية,Madina,10007174,1-Star,Active,222930
3366,Saja Almadinah Hotel Company,شركة فندق سجى المدينة الفندقية,Madina,10002070,5-Star,Inactive,13231
3367,Rua Taiba Plus Hotel,شركة رؤى طيبه للشقق الفندقية,Madina,10007384,2-Star,Inactive,253
