Hotel Name (English),Hotel Name (Arabic),City,License Number,Classification,Status,Hotel ID
Dar Al Iman InterContinental,فندق دار الايمان انتركونتنتال,Madinah,1988,2-Star,Active,219338
SHAKIR AL GHAZA HOTEL,فندق شاكر الغزة الفندقية,Makkah,10009449,1-Star,Active,221575
Dar Al Wafedeen Hotel,فندق دار الوافدين الفندقية,Makkah,10009484,1-Star,Active,239458
nuzul rawabi alwahaj,نزل روابي الوهج للنزل السياحيه,Makkah,10009499,Unclassified/Other,Active,243035
LULAH AJYAD HOTEL,فندق لؤلؤة اجياد للايواء السياحي,Makkah,10009498,1-Star,Active,221005
ethar alwahaj hotel,فندق إيثار الوهج الفندقية,Makkah,10009500,1-Star,Active,241174
Park Royal Hotel Company,شركة بارك رويال الفندقية,Makkah,10009547,3-Star,Active,209536
Asrar Al-Ti Service Company for Hotel Services,شركة اسرار التيسير للخدمات الفندقيه,Makkah,10009556,1-Star,Active,230579
Kanf Hotel,شركة كنف الفندقية,Makkah,10009553,1-Star,Active,259375
Company EJIAD ALBAET Hotel,شركة اجياد البيت الفندقية,Makkah,10002275,3-Star,Active,210077
DIAFAT ALRAJAA HOTEL,فندق ضيافة الرجاء,Makkah,10001158,3-Star,Active,45518
BORJ AL DEAFAH HOTEL,فندق برج الضيافة الفندقية,Makkah,10001435,1-Star,Active,224579
Novotel Thakher Hotel,فندق نوفوتيل ذاخر الفندقية,Makkah,10002107,4-Star,Active,220403
Makarem Umm Al Qura Hotel,فندق مكارم أم القرى,Makkah,10002241,Unclassified/Other,Active,220998
MASARAT AL KHALIL HOTEL,شركة مسارات الخليل,Makkah,10002446,Unclassified/Other,Active,221978
MASARAT SILVER HOTEL,فندق مسارات الفضي الفندقية,Makkah,10002441,Unclassified/Other,Active,221856
Snood Al Rayyan Hotel,فندق سنود الريان للخدمات الفندقيه,Makkah,10001983,2-Star,Active,254520
al ahbab al kobra hotel,فندق الاحباب الكبرى الفندقية,Makkah,10002233,1-Star,Active,246588
Mysk Albalad Rawafed,شركة البلد روافد الفندقية,Madinah,10002215,3-Star,Active,230278
Mira Mar Hotel,فندق ميرا مار الفندقية,Madinah,10002161,1-Star,Active,269340
Makkah Hotel & Towers,شركة فندق ابراج شركة مكه الفندقية شركة شخص واحد,Makkah,10000983,1-Star,Active,219628
alekhwa tabarak hotel,فندق الاخوة تبارك الفندقية,Makkah,10002062,1-Star,Active,290679
Hajar Tower Real Estate Company Limited Movenpick,شركة برج هاجر العقارية المحدودة,Makkah,10001330,4-Star,Active,33661
Ajwad Ajyad Hotel,فندق أجواد أجياد,Makkah,10001556,1-Star,Active,218429
funduq jawharat alshariea,فندق جوهرة الشريعة الفندقية,Makkah,10002483,1-Star,Active,219117
Hasanah suites,شقق أجنحة حسنة للشقق المخدومة,Madinah,10002000,2-Star,Active,254995
Odest Hotel,فندق اوديست المدينة,Madinah,10001866,Unclassified/Other,Active,235749
ABEER AL DEAFAH HOTEL,فندق عبير الضيافة الفندقية,Makkah,10001875,1-Star,Active,228120
nusl hotel company,شركة فندق نسك المدينة المحدودة,Madinah,10000988,1-Star,Active,239197
Nour Al Raqia for Serviced Apartments,شقق نور الراقية للوحدات السكنية,Madinah,10001835,2-Star,Active,259361
Jawad Al Taj Hotel,فندق جواد التاج الفندقية,Makkah,10001850,Unclassified/Other,Active,221395
Nada Alsalam Hotel,فندق ندى السلام الفندقية,Madinah,10002329,1-Star,Active,274138
Company Pradais Ness Hotel,شركة برادايس نيس الفندقية,Makkah,10001130,1-Star,Active,241441
alZhil alAjnihah Hotel Hotel Establishment,مؤسسة فندق الظل الأجنحة الفندقية,Makkah,10001692,Unclassified/Other,Active,302756
Violet Three Hotel,فندق فيوليت ثلاثة الفندقية,Makkah,10000966,2-Star,Active,211570
Tharawat Al-Khalil Hotel,فندق ثروات الخليل,Makkah,10002200,1-Star,Active,244436
Suleiman Musa Al-Olayan Diamond Hotel,فندق سليمان موسى العليان الفندقية,Makkah,10002506,1-Star,Active,253964
Nuzhat Al Naseem Hotel,فندق نزهة النسيم الفندقية,Makkah,10001665,1-Star,Active,282793
TAIF ALNEBRAS HOTEL,فندق طيف النبراس الفندقية,Madinah,10002279,Unclassified/Other,Active,287499
DIARY HOTEL COMPANY,شركة دياري الفندقية شركة شخص واحد,Makkah,10002093,1-Star,Active,107094
wahat al deafah hotel,فندق واحة الضيافة الفندقية,Makkah,10002047,2-Star,Active,95495
Ajyad Aljiwar Hotel,فندق أجياد الجوار الفندقية,Makkah,10002267,1-Star,Active,220571
SEDAIR KARAH HOTEL,فندق سدير كرم الفندقية,Makkah,10001652,1-Star,Active,211733
SYOOF ALSHUHADAA HOTEL,فندق سيوف الشهداء الفندقية,Makkah,10000538,1-Star,Active,221024
MAATHER ALDIYAFA,شركة مأثر الضيافة لخدمات المعتمرين  ,Makkah,10001669,4-Star,Active,254106
Rawdat Al shrroq hotel,فندق روضة الشروق الفندقية,Makkah,10002156,Unclassified/Other,Active,289335
Ghala Al Taj Hotel,فندق غلا التاج ,Makkah,10001865,Unclassified/Other,Active,290137
amal abdullazez,شقق مسكن الجواد للشقق المخدومة,Madinah,10001284,Code 27,Active,301475
Afraa Hotel,فندق عفراء الفندقية,Makkah,10000993,3-Star,Active,218631
Al Masa Private Limited Company,شركة الماسة الخاصة المحدودة,Makkah,10002514,3-Star,Active,219022
Areej Alwafa Hotel,فندق أريج الوفاء الفندقية,Makkah,10002505,Unclassified/Other,Active,232382
Holiday inn Hotel,فندق هوليدي إن بكة الفندقية,Makkah,10002352,Unclassified/Other,Active,221117
REHAB AL MOHABBAH HOTEL,فندق رحاب المحبة,Makkah,10002170,1-Star,Active,94815
Jabal Omar Hilton Suite,فندق جبل عمر اجنحة هيلتون,Makkah,10002500,4-Star,Active,219569
Rabwah Al Safwa Hotel,فندق ربوة الصفوة فرع شركة الريان المكية المحدودة,Makkah,10001671,Unclassified/Other,Active,291776
manazil alrahma hotel,فندق منازل الرحمة الفندقية,Madinah,10002137,Unclassified/Other,Active,289295
Makkah Royal Hotel,فندق مكة رويال,Makkah,10002100,1-Star,Active,289155
manar al sheroq hotel,فندق منار الشروق الفندقية,Makkah,10002204,Unclassified/Other,Active,293357
Jayan Hotel,فندق جيان فرع شركة جيان العالمية المحدودة,Makkah,10001992,1-Star,Active,211514
ANJUM HOTELS,شركة أنجم لتشغيل الفنادق,Makkah,10001487,5-Star,Active,219501
Hayah Grand Hotel,فندق حياة جراند,Madinah,10001329,Unclassified/Other,Active,290055
RAMADA by Wyndham Makkah Zad Plus,شركة رمادا زاد بلس الفندقية,Makkah,10002141,4-Star,Active,213720
Altalaea Hotels,شركة الطلائع الفندقية,Makkah,10005693,Unclassified/Other,Active,289015
Arafat Golden Company,شركة عرفات الذهبية,Makkah,10002004,2-Star,Active,219402
Bright Hotel,فندق برايت الفندقية,Makkah,10005125,2-Star,Active,222092
Saraya Al-Sultans Hotel,فندق سرايا السلاطين الفندقية,Makkah,10004431,1-Star,Active,248543
Doubletree By Hilton Jabal Omar Makkah,فندق جبل عمر دبل تري باي هيلتون,Makkah,10002349,4-Star,Active,219590
ALZAHRA ALRAQI HOTEL,فندق الزهراء الراقي للايواء السياحي,Madinah,10001821,Unclassified/Other,Active,292235
Mohammed Al-Sbitani Hotel Apartments,شقق محمد السبيتاني للشقق الفندقية,Makkah,10001343,2-Star,Active,271415
Retaj Al Hayat Hotel Operations Company,مؤسسة رتاج الحياة لتشغيل الفنادق,Makkah,10002213,1-Star,Active,209614
Azka ALmaqam hotel,فندق أزكى المقام الفندقية,Makkah,10002212,1-Star,Active,197448
Golden Falah Homes Hotel,فندق منازل الفلاح الذهبي الفندقية,Madinah,10001735,Unclassified/Other,Active,259315
GRAND SAFI HOTEL,جراند الصافي,Madinah,10002298,1-Star,Active,235835
Riyadh Deafah Hotel,فندق رياض الضيافة الفندقية,Makkah,10001869,1-Star,Active,217964
Hotel Hareth Mohammed Bahareth,فندق حارث محمد باحارث الفندقية,Makkah,10001710,Unclassified/Other,Active,234469
Manasik Alnoor Co,شركة مناسك النور لإدارة وتشغيل المباني ,Makkah,10001496,1-Star,Active,218697
RAWDHAT ALTAWHEED,فندق روضة التوحيد الفندقية,Makkah,10003172,1-Star,Active,291275
Makarem Diafa One House Hotel,فندق مكارم ضيافة البيت واحد الفندقية,Makkah,10002368,1-Star,Active,255018
Shamoukh Saad Hotel for Tourist Accommodation,فندق شموخ سعد للايواء السياحي,Makkah,10006286,1-Star,Active,223552
Mead Al Majd Hotel,فندق ميعاد المجد الفندقية,Makkah,10002277,Unclassified/Other,Active,246584
Safwat Al Bait Hotel,فندق صفوة البيت الفندقية,Makkah,10002869,1-Star,Active,241155
Maghreb Hotel,فندق المغاربي للشقق الفندقية,Madinah,10001433,2-Star,Active,242930
HOTEL THREE POINT ALKAWTHER,فندق ثلاثة نقاط الكوثر,Madinah,10001761,Unclassified/Other,Active,235880
Qasr AlsharqTower Hotel Services Company,شركة برج قصر الشرق للخدمات الفندقيه,Makkah,10002036,Unclassified/Other,Active,291035
Nebras Alhuda,شركة نبراس الهدي للسفر و السياحة شخص واحد,Makkah,10001042,Unclassified/Other,Active,271695
Four Points by Sheraton Hotel,فندق فور بوينتس باي شيراتون الفندقية,Makkah,10000643,4-Star,Active,212529
DAR UMM ALQURA  GOLDEN,فندق دار أم القرى الذهبي الفندقية,Makkah,10001087,1-Star,Active,230013
BOSPHORUS HOTELS,فندق البسفور(1),Madinah,10001335,3-Star,Active,235826
Zamzam Pullman Makkah Hotel,فندق زمزم بولمان مكة,Makkah,10001442,4-Star,Active,211654
Zahra Al Saad Arbaa Hotel Hotel Establishment,مؤسسة فندق زهرة السعد اربعة الفندقية,Makkah,10002087,1-Star,Active,294035
funduq luluat almadina Company Hotel,شركة فندق لؤلؤة المدينة الفندقية,Madinah,10002268,1-Star,Active,289275
Ajyad Hotel Services Company,شركة اجياد للخدمات الفندقية,Makkah,10002536,3-Star,Active,218151
Burj Al Fouad Hotel,فندق برج الفؤاد الفندقية,Makkah,10002543,1-Star,Active,220073
HUDA TAIBAH HOTEL,فندق هدى طيبة الفندقية,Madinah,10001640,Unclassified/Other,Active,287452
HOTEL AL-ANDALUS AL-MASI,فندق الاندلس الماسي,Madinah,10001907,Unclassified/Other,Active,235830
Rabwat Al Safwa Golden Hotel Services Company,شركة ربوة الصفوة الذهبي للخدمات الفندقيه,Madinah,10002152,1-Star,Active,225006
PALESTINE HOTEL,فندق فلسطين الفندقية,Makkah,10001899,3-Star,Active,46638
Biab Al-Azizia Hotel Company,شركة بياب العزيزية الفندقية,Makkah,10001309,Unclassified/Other,Active,220784
Makarem Al-Bayt Hotel,فندق مكارم البيت,Makkah,10001301,4-Star,Active,210148
Makarim Zubaydah Hotel,فندق مكارم زبيدة الفندقية,Makkah,10001727,1-Star,Active,250258
Maden Al Rawda Hotel,شركة مادن الروضة للخدمات الفندقيه,Madinah,10001362,Unclassified/Other,Active,254955
Safwat Al Khair Al Mahbas Hotel Foundation,مؤسسة فندق صفوة الخير المحبس الفندقية,Makkah,10002013,1-Star,Active,250240
AMLAQ ALMSHRQ HOTEL,شركة عملاق المشرق التجارية,Makkah,10001864,2-Star,Active,222057
artal taibah hotel,فندق ارتال طيبة,Madinah,10000526,1-Star,Active,235883
Janadriyah Towers Hotel,فندق أبراج الجنادرية الفندقية,Makkah,10001998,1-Star,Active,253961
aboaljoud,فندق حياة الذهبي الفندقية,Madinah,10001333,Unclassified/Other,Active,286801
MIRAGE TIBA HOTEL,فندق مراج طيبة الفندقية,Madinah,10002031,1-Star,Active,235825
Tabah Towers Limited Company,شركة أبراج طابة المحدودة (شركة شخص واحد),Madinah,10001834,Unclassified/Other,Active,254975
Diyar Al Taqwa Hotel Operation Company,شركة ديار التقوى لتشغيل الفنادق  ذات مسئولية محدودة,Makkah,10006186,1-Star,Active,301815
maad touism company,شركة معاد العالمية الفندقية المحدودة,Makkah,10006217,4-Star,Active,52398
Al Ghadeer Ajyad Hotel,فندق الغدير أجياد الفندقية,Makkah,10002159,1-Star,Active,241146
Midan Hotel Company Branch,فرع شركة فندق ميدان الفندقية,Makkah,10000987,3-Star,Active,218655
Platinum First Hotel,فندق بلاتينيوم الاولى الفندقية,Madinah,10000739,1-Star,Active,258995
Nada Al Deafah hotel,فندق ندى الضيافة الفندقية,Makkah,10001870,2-Star,Active,213946
Al Dar Hotel,فندق الدار روافد الفندقية,Madinah,10000787,3-Star,Active,238827
Le Meridien Medina Hotel,فندق المدينة مريديان,Madinah,10000954,1-Star,Active,291235
Jabal Omar Hyatt Regency,فندق جبل عمر حياة ريجنسي,Makkah,10000596,5-Star,Active,219530
Ruqa Al-Walid Hotel,فندق رقي الوليد الفندقية,Makkah,10000724,1-Star,Active,248522
Aljoudhotel,فندق الجود,Makkah,10002226,3-Star,Active,244318
M Hotel Makkah by Millennium,فندق ام من ميلينوم فرع شركة النبلاء العالمية لاستثمارالعقاري,Makkah,10002236,Unclassified/Other,Active,220573
BATOUL AJYAD,شركة بتول اجياد الفندقية,Makkah,10001395,3-Star,Active,223461
Alzahraa Hotel,فندق الزهراء,Madinah,10002284,1-Star,Active,235897
Jood al makan serviced apartments,شقق جود المكان للشقق المخدومة,Madinah,10001674,2-Star,Active,269835
Shuail Batha Quraish Apartments for Residential Un,شقق شعيل بطحاء قريش للوحدات السكنية,Makkah,10001322,2-Star,Active,246586
Al Masa Private Limited Company,شركة الماسة الخاصة المحدودة,Makkah,10002510,3-Star,Active,219511
WINNER INN ALKHIER HOTEL,فندق وينر إن آلخير,Madinah,10001670,3-Star,Active,239175
Hotel Alebaa Hotel,فندق الإباء الفندقية,Makkah,10002124,3-Star,Active,218577
Aldyafa Alraqyah,شركة الضيافة الراقية الفندقية,Makkah,10002085,Unclassified/Other,Active,256696
Mujahed saaed Al shareef hotel,فندق مجاهد سعيد الشريف,Makkah,10002195,1-Star,Active,292555
Dar Al Ajyal,فندق دار الاجيآل الفندقية,Madinah,10002006,1-Star,Active,289115
Le MeridienTowers Makkah,فندق أبراج المريديان فرع الشركةالمتحدةللإستثماروالتطويرالعقاري المتحد,Makkah,10000557,3-Star,Active,33058
Rua Al Hijrah Hotel Services Company,شركة رؤى الهجرة للخدمات الفندقية,Madinah,10002136,2-Star,Active,239
Rua Al Hijrah Hotel Services Company,شركة رؤى الهجرة للخدمات الفندقية,Madinah,10002136,1-Star,Active,235760
AL MOKHTARA GOLDEN HOTEL,فندق المختارة الذهبي فرع شركة منازل المختارة التجارية,Madinah,10002245,Unclassified/Other,Active,258775
Romance Awan Hotel Services Company,شركة رومانس اوان للخدمات الفندقيه,Makkah,10001156,Unclassified/Other,Active,244596
Millennium Alaqeeq Company,شركة ميلينيوم العقيق,Madinah,10000755,4-Star,Active,248757
Mohammadia Alzahraa Hotel,فندق محمدية الزهراء الفندقية,Madinah,10001716,1-Star,Active,230901
Emaar Grand Hotel,فندق اعمار جراند الفندقية,Makkah,10002106,Unclassified/Other,Active,219627
Sama Al Samah Hotel,فندق سما السماح الفندقية,Makkah,10002567,1-Star,Active,197435
Al Fajr Al Badaiya Six Hotel Services Company,شركة الفجر البديع ستة للخدمات الفندقيه,Makkah,10001413,3-Star,Active,20179
luluat altawhid wahid Hotel Hotel,فندق لؤلؤة التوحيد واحد الفندقية,Makkah,10002027,Unclassified/Other,Active,301096
burj alsaif,فندق برج السيف الفندقية,Makkah,10002099,1-Star,Active,219235
Abdul Rahman Al Qurashi Hotel,فندق عبدالرحمن بن عطيه بن خضر القرشى الفندقية,Makkah,10002238,Unclassified/Other,Active,290895
slsabil Hamudah 2 Hotel,فندق سلسبيل حموده اثنين الفندقية,Makkah,10001876,Unclassified/Other,Active,222729
Arej Al Falah Hotel,فندق أريج الفلاح الفندقية,Makkah,10002142,Unclassified/Other,Active,220423
ALBALAD ALTAYEB AJYAD HOTEL,فندق البلد الطيب اجياد الفندقية,Makkah,10001185,2-Star,Active,223563
ALKIRAM HOTEL,فندق الكرام الفندقية,Makkah,10002104,2-Star,Active,232022
Infinity Hotel,فندق أنفينتي,Makkah,10001422,5-Star,Active,218022
TAIBA FRONT HOTEL,شركة واجهة طيبة الفندقية,Madinah,10001622,3-Star,Active,241464
AL Jaad Mahbass,فندق الجاد المحبس الفندقية وقف الشيخ امين عمر جاد يرحمه الله,Makkah,10001248,3-Star,Active,230520
BADER AL HADETH HOTEL,فندق بدر الحديث الفندقية,Makkah,10002163,Unclassified/Other,Active,290035
Manazel Al Taqwa Hotel,فندق منازل التقوى الفندقية,Madinah,10002289,1-Star,Active,258716
Kanooz AlDiyafa Company,شركة كنوز الضيافه,Makkah,10002248,1-Star,Active,241144
shaqaq al'ansar bilus For serviced apartments,شقق الأنصار بلس للشقق المخدومة,Madinah,10002214,2-Star,Active,258737
SEDRAT AL EHSAN HOTEL,سدرة الإحسان ,Makkah,10004540,2-Star,Active,223558
Manazil Alaswaf Hotel,فندق منازل الاسواف,Madinah,10002242,1-Star,Active,227826
MADEN HOTEL,شركة مادن للخدمات الفندقية,Madinah,10001387,4-Star,Active,235796
Hilton Jabal Omar Hilton,فندق جبل عمر هيلتون,Makkah,10001038,5-Star,Active,219527
ZAMZAM PULLMAN AMDINA HOTEL,فندق زمزم بولمان المدينة,Madinah,10001808,Unclassified/Other,Active,235841
Zahra Al Saad Khamsa Hotel Hotel Establishment,مؤسسة فندق زهرة السعد خمسة الفندقية,Makkah,10001088,1-Star,Active,294256
nokhba alkhir hotel,فندق نخبة الخير للايواء السياحي,Makkah,10001922,1-Star,Active,230662
Violet Hotel TWO,فندق فيوليت اثنين الفندقية,Makkah,10001702,1-Star,Active,223434
Alolayan alkhalil hotel,شركة سليمان بن موسى العليان الفندقية شخص واحد,Makkah,10001838,1-Star,Active,219838
Eidah ahmed abdullah althibiti hotel,فندق عيضه بن احمد بن عبدالله الثبيتي الفندقية,Makkah,10002028,1-Star,Active,255116
Manazel Al Marjan Hotel Madinah Hotel,شركة منازل المرجان المدينة للخدمات الفندقية,Madinah,10010730,1-Star,Active,257082
Three Points Hotel Company,شركة نقاط ثلاثة الرضا الفندقية,Madinah,10002022,Unclassified/Other,Active,287498
Dallah Taibah Hotel,شركة دله للفنادق والمنتجعات السياحيه فندق دلة طيبة,Madinah,10001873,4-Star,Active,226985
jawharat al misfalah hotel,فندق جوهرة المسفلة الفندقية,Makkah,10002519,1-Star,Active,220603
zharat muna hotel,فندق زهرة منى الفندقية,Makkah,10002084,1-Star,Active,217977
Diamond Immigration Hotel,فندق الهجرة الماسي الفندقية,Makkah,10002537,1-Star,Active,220772
Al Rawda Makkah Hotel,فندق الروضة المكية فرع شركة الروضة المكية,Makkah,10001921,1-Star,Active,211561
Zahrat Al saad Hotel,فندق زهرة السعد الفندقية,Makkah,10001438,Unclassified/Other,Active,244335
0,فندق الرحابه المكيه الفندقية,Makkah,10001721,1-Star,Active,244320
Dar Al Tawhid Intercontinental Hotel,فندق دار التوحيد انتركونتننتال الفندقية,Makkah,10002130,5-Star,Active,218056
Narsyan Taiba Apartments for Residential Units,شقق نرسيان طيبة للوحدات السكنية,Madinah,10001874,2-Star,Active,255016
borj alkhir hoel,شركة برج الخير للخدمات الفندقيه,Makkah,10001928,1-Star,Active,239213
Baraa Taiba Hotel,فندق براء طيبة الفندقية,Madinah,10002145,Unclassified/Other,Active,289256
LULLUAT ALTAWHEED 2 HOTEL,فندق لؤلؤة التوحيد,Makkah,10002020,1-Star,Active,290138
Millennium Taiba Company,شركة ميلينيوم طيبة,Madinah,10000792,4-Star,Active,249216
Snood Al Azma Hotel,فندق سنود العظمة الفندقية,Makkah,10001955,2-Star,Active,258916
Zahrat Al Saad Three Hotel,فندق زهرة السعد ثلاثة الفندقية,Makkah,10001336,Unclassified/Other,Active,290155
Qasser alazhar hotel,فندق قصر الازهر الفندقية,Makkah,10001527,1-Star,Active,218011
hootel algale,فندق ضيف الله مسلم الحربي الفندقية,Makkah,10002581,Unclassified/Other,Active,221455
Nawara Shams Hotel 2,مؤسسة فندق نوارة شمس الفندقية,Makkah,10002573,1-Star,Active,288678
Al Jawhara Tower Hotel Company is a one person com,شركة برج الجوهرة الفندقية شركة شخص واحد,Makkah,10001911,2-Star,Active,8972
DAR BONYAN HOTEL,فندق دار بنيان ,Makkah,10002563,1-Star,Active,243060
HOTEL RAWABI ZAMZAM,فندق روابي زمزم شركة الأندلس لصيانةوإدارةوتشغيل الفنادق والقصورالسكنية,Makkah,10002572,Unclassified/Other,Active,259318
Al Masa Private Limited Company,شركة الماسة الخاصة المحدودة,Makkah,10002588,3-Star,Active,90941
ABDELHAFEZ ABDULLA ALHUMAIDAN HOTEL,فندق عبدالحافظ بن عبدالله بن سليمان آل حميدان الفندقية,Makkah,10002111,1-Star,Active,239295
Le Meridien Makkah Hotel,فندق مريديان مكة فرع الشركة المتحدة للإستثمار والتطوير العقاري المتحد,Makkah,10000533,3-Star,Active,220290
AZKA ALSAFA HOTEL,فندق ازكى الصفا,Makkah,10001950,3-Star,Active,18263
Green Oasis Hotel Company,شركة الواحة الخضراء الفندقية شركة شخص واحد,Madinah,10000617,1-Star,Active,256417
Nibras AlHuda Travel and Tourism Company,شركة نبراس الهدي للسفر و السياحة,Makkah,10001971,Unclassified/Other,Active,223526
Bussan Hotel,فندق بيسان الفندقية,Makkah,10002332,1-Star,Active,254602
Parkinn,فندق بارك إن,Makkah,10000559,Unclassified/Other,Active,31526
ALBALAD ALTAYEB HOTEL,فندق البلد الطيب الفندقية,Makkah,10001666,2-Star,Active,221989
ROYA AL ANDALUS COMPANY,شركة رؤيا الأندلس لتشغيل الفنادق شخص واحد,Madinah,10001560,2-Star,Active,234952
Upscale hotel hospitality company,شركة الضيافة الراقية الفندقية,Makkah,10002308,Unclassified/Other,Active,287615
Durrat albayan hotel,فندق درة البيان الفندقية,Makkah,10002425,Unclassified/Other,Active,293855
Tiba Rose Hotel,فندق طيبة روز,Madinah,10002235,Unclassified/Other,Active,235744
Dorrat Alsalheen,شقق درة الصالحين للوحدات السكنية المفروشة لصاحبها طارق صالح ريس,Makkah,10000682,2-Star,Active,268298
HOTEL THREE POINT ALAMEEN,نقاط ثلاثة الامين الفندقية,Madinah,10002211,1-Star,Active,235813
Mujahid bin Saeed bin Abdul Mohsen Al Sharif Hotel,فندق مجاهد بن سعيد بن عبدالمحسن الشريف للايواء ,Makkah,10009443,1-Star,Active,222495
GOLDEN ERGWAN HOTEL,فندق ارجوان الذهبي,Madinah,10001767,Unclassified/Other,Active,287515
Riyad Alzahraa Hotel,فندق رياض الزهراء الفندقية,Madinah,10001868,1-Star,Active,239135
RAZANA AL RAWDA HOTEL,شركة رزانه الفندقية,Makkah,10002336,1-Star,Active,239317
Crowne Plaza Madinah,فندق كراون بلازا المدينة,Madinah,10002117,Unclassified/Other,Active,235742
Kul Al Ayaim Hotels,فندق كل الأيام الفندقية,Makkah,10001530,1-Star,Active,289415
AL SHAKREEN GOLDEN TULIP,فندق الشاكرين جولدن توليب الفندقية,Madinah,10001493,3-Star,Active,228406
alolayan hotels,فندق قصر العليان للشقق الفندقية,Makkah,10002176,1-Star,Active,241139
njoom al madina,فندق نجوم المدينة الفندقية,Madinah,10002220,Unclassified/Other,Active,291180
Address Hotel Feelings Hotel,فندق عنوان المشاعر الفندقية,Makkah,10002288,1-Star,Active,220695
Mona Concorde Hotel,فندق منى كونكورد,Makkah,10002379,1-Star,Active,222059
Arjwan Alsalam Hotel,فندق ارجوان السلام,Madinah,10001637,Unclassified/Other,Active,235839
Mohamed saif hotel,فندق محمد سيف حسن اليماني الفندقية,Makkah,10002278,Unclassified/Other,Active,221956
Al Jazeera Trading Company,شركة تداول الجزيره للمقاولات والتنمية المحدودة,Makkah,10002074,4-Star,Active,219192
Al Fajr Al Badi Five Hotel Services Company,شركة الفجر البديع خمسة للخدمات الفندقيه,Makkah,10001398,3-Star,Active,250
Amjad AL deafah Hotel,فندق أمجاد الضيافة الفندقية,Makkah,10001750,1-Star,Active,221982
MALAK ALSAFWA HOTEL,فندق ملاك الصفوة,Makkah,10001845,1-Star,Active,239455
Al_ghufran Safwah,فندق صفوة الغفران الفندقية,Makkah,10001354,5-Star,Active,17445
Al Aa Al Mashaer Foundation,مؤسسة الآء المشاعر لحجز وحدات الضيافة,Makkah,10002185,2-Star,Active,290316
Sukoon Hotel,فندق سكون,Madinah,10002089,Unclassified/Other,Active,234495
Makarem Ajyad Makkah Hotel,فندق مكارم اجياد مكة,Makkah,10001021,5-Star,Active,220369
Danat Al Deyafh Hotel,فندق دانة الضيافة الفندقية,Makkah,10002412,1-Star,Active,288915
aljuhani ajyad hotel,شركة فندق الجهني أجياد,Makkah,10001872,1-Star,Active,244476
Dar Al Azhar Hotel Est,فندق دار الازهر الفندقية,Makkah,10001956,1-Star,Active,290142
gelnar alraqi,فندق جلنار الراقي للايواء السياحي,Madinah,10000801,Unclassified/Other,Active,254455
SALIH AL SULAMI,فندق الرحابة المكية لصاحبها صالح وصل السلمي,Makkah,10001780,1-Star,Active,243028
Violet Hotel,فندق فيوليت الفندقية,Makkah,10000998,3-Star,Active,44033
Manar Al Azhar Hotel,فندق منار الأزهر الفندقية,Makkah,10001918,2-Star,Active,218971
LAMAR HOTEL,فندق لمار أجياد الأول,Makkah,10001171,3-Star,Active,224928
Park inn By Radisson Makkah Aziziyah,فندق بارك إن راديسون العزيزية الفندقية,Makkah,10002386,Unclassified/Other,Active,220177
Hibba almuhajreen hotel,فندق هبة المهاجرين الفندقية,Makkah,10006268,1-Star,Active,244518
Jabal Omar Jumeirah hotel,فندق جبل عمر جميرا الفندقية,Makkah,10002521,5-Star,Active,219704
ORVANA Company,شركة أورفانا,Makkah,10009444,1-Star,Active,288695
City Hospitality Trading Company,شركة ضيافة المدينة للتجارة,Makkah,10009510,1-Star,Active,219287
Tilal Hotel,شركة تلال الفندقية,Makkah,10000423,5-Star,Active,218635
Dyar AL deafah Hotel,فندق ديار الضيافة,Makkah,10007618,1-Star,Active,218207
Safwat Al Hijaz Hotel,فندق صفوة الحجاز للخدمات الفندقيه,Makkah,10007617,1-Star,Active,241170
JAWHRAT MANAR HOTEL,فندق جوهرة منار الفندقية,Makkah,10007615,1-Star,Active,192737
REEF GLOBAL HOTEL . branch of REEF GLOBAL CO . itd,فندق ريف العالمية فرع شركة ريف العالمية المحدودة,Makkah,10007614,1-Star,Active,244696
Shorouk Al-Mask Hotel Company,شركة شروق المسك الفندقية,Makkah,10007605,1-Star,Active,237434
MEEZAB ANWAR MAKKAH HOTEL,شركة ميزاب الفندقية شركة شخص واحد,Makkah,10007644,1-Star,Active,242804
Al Bustan Albostan Hotel,فندق البستان الماسي الفندقية,Makkah,10007649,1-Star,Active,218001
JANNAH ALSHAB HOTEL,فندق جنة الشعب للخدمات الفندقيه,Makkah,10007673,1-Star,Active,288755
Visitors Hotel Two,مؤسسة الرواد للسياحة,Makkah,10007672,1-Star,Active,241196
Manazel AlZaereen,فندق منازل الزائرين الفندقية,Makkah,10007670,1-Star,Active,239364
Anwar Al Deafah,أنوار ضيافة الفندقية,Makkah,10007665,1-Star,Active,213712
Company ZOHRA ALMADAIN Hotel,شركة زهرة المدائن الفندقية شركة شخص واحد,Makkah,10007664,1-Star,Active,239319
KNOWS OUMAR HOTEL,فندق كنوز عمر الفندقية,Makkah,10007663,1-Star,Active,220178
ALNUZHA PLUS HOTEL,فندق النزهة بلس الفندقية,Makkah,10007662,1-Star,Active,289375
Mercure Hibatullah Hotel,فندق هبة الله ميركيور الفندقية,Makkah,10007675,3-Star,Active,218075
Al wissam hotel Apartmets,مؤسسة منازل الوسام الفندقية,Makkah,10007683,1-Star,Active,220980
Al Safwa Hotel Towers,فندق أبراج الصفوة الفندقية,Makkah,10007681,1-Star,Active,219787
Durrat Taiba Limited Company,شركة درة طيبة المحدودة شركة شخص واحد,Makkah,10007988,1-Star,Active,222095
Sama Al Maqam Hotel,فندق سما المقام الفندقية,Makkah,10008013,1-Star,Active,239275
burg safat,فندق برج صافات للخدمات الفندقيه,Makkah,10008012,1-Star,Active,239396
Owais United Hotel Services Company,شركة أويس المتحدة للخدمات الفندقيه,Makkah,10008007,1-Star,Active,241390
HOTEL RASHID AL FADHI HOTEL,فندق رشيد الفضي الفندقية,Makkah,10008004,1-Star,Active,239459
SAFWAT ALTALAAYIE HOTEL,شركة صفوة الطلائع للضيافة السياحي,Makkah,10008020,1-Star,Active,218171
Yousuf Abdul Majeed Ali Al Ahmadi Establishment,مؤسسة يوسف عبدالمجيد بن علي الاحمدي الفندقية,Makkah,10008025,1-Star,Active,220359
Kairouan MECHAAR Hotel,فندق قيروان المشاعر للخدمات الفندقية,Makkah,10008034,1-Star,Active,242855
alolayan alharam hotel,فندق العليان الحرم الفندقية,Makkah,10002405,1-Star,Active,219056
MANAR AL TAQWA HOTEL,فندق منار التقوى الفندقية,Makkah,10007679,1-Star,Active,221108
RAWABI MINA HOTEL,فندق روابي منى الفندقية,Makkah,10007676,1-Star,Active,253968
JOURY ALHADA HOTEL,شركة جوري الهدا للخدمات الفندقيه,Makkah,10007688,1-Star,Active,241413
Hotel NAJMA MECHAAR Hotel,فندق نجمة المشاعر الفندقية,Makkah,10007687,1-Star,Active,292589
WINNER INN COMPANY,شركة وينر إن,Makkah,10007694,1-Star,Active,207960
Sama AL Deafah Hotel,فندق سما الضيافه الفندقية,Makkah,10007693,1-Star,Active,231965
Sharia Hotel,فندق الشريعه الفندقية,Makkah,10007690,1-Star,Active,219278
DURRAT ALSAADA HOTEL,فندق درة السعادة للايواء السياحي,Makkah,10007696,1-Star,Active,290235
Alabraj Hafawa Hotel Company,شركة الابراج حفاوة الفندقية,Makkah,10007695,1-Star,Active,272455
Tara Sedqi Hotel,فندق تارا صدقي الفندقية,Makkah,10008037,1-Star,Active,100929
Company QUMA ATLAS THLATHA For Hotel Services,شركة القمة أطلس ثلاثة للخدمات الفندقيه,Makkah,10008045,1-Star,Active,244327
Snaf Inn Hotel,فندق سناف إن فرع شركة سناف السعوديه للإستثمار التجاري والتنميه المحدوده,Makkah,10008042,Unclassified/Other,Active,246970
Bait al-Hajeej Hotel,فندق بيت الحجيج,Makkah,10008055,1-Star,Active,271678
Rowaa Alaziza Hotel,فندق رواء العزيزية للضيافة السياحي,Makkah,10008054,1-Star,Active,218232
emaar altaqwa hotel,فندق اعمار التقوى الفندقيه,Makkah,10008063,1-Star,Active,239119
Concrete alsahab Company,شركة كون كريت السحاب للخدمات الفندقيه شخص واحد,Makkah,10007705,1-Star,Active,240030
FANDAK RAZON AL-MISK (One Partner),شركة فندق رزون المسك للضيافة السياحي,Makkah,10007704,1-Star,Active,218706
MAKARIM ALMASHAAIR HOTEL,فندق مكارم المشاعر الفندقية,Makkah,10007703,1-Star,Active,244497
Al Azhar AlNozh Hotel,فندق الازهر النزهة الفندقية,Makkah,10007702,1-Star,Active,218509
Amar Al-Sabaa Hotel,فندق امار السابعة الفندقية,Makkah,10007719,3-Star,Active,209205
Raed Mohammed Abdel Rahman Hotel Manager,فندق رشاد محمد عبدالرحمن نقيب الفندقية,Makkah,10008072,1-Star,Active,254103
Diouf ALtawhid Company,شركة ضيوف التوحيد المحدودة,Makkah,10008067,1-Star,Active,271460
Pearl Al Noor Hotel,فندق لؤلؤة النوير الفندقية,Makkah,10008083,1-Star,Active,219750
dar alhamd hotel,شركة العطلات الاقتصاديه لتنظيم الرحلات,Makkah,10008079,1-Star,Active,218569
AlAlaa Company Limited,شركة العلاء المحدودة,Makkah,10008090,1-Star,Active,292892
ZAZA HOTEL,فندق ظاظا الفندقية,Makkah,10008095,1-Star,Active,254920
AL DIWAN AJIAD  HOTEL,فندق الديوان اجياد للخدمات الفندقيه شخص واحد,Makkah,10008094,1-Star,Active,240186
Mahd Al-Risalah Hotel Company,شركة مهد الرسالة الفندقية,Makkah,10007716,1-Star,Active,230515
AL FANAR AL AZIZIA HOTEL,شركة الفنار العزيزية الفندقية,Makkah,10007713,1-Star,Active,292458
HOTEL NAJMAT ALABRAR,فندق نجمة الابرار الفندقية,Makkah,10007723,1-Star,Active,288855
Lima Silver Hotel,فندق ليمة الفضية الفندقية,Makkah,10007721,1-Star,Active,293579
Makkah Concorde Hotel,فندق مكة كونكورد الفندقية,Makkah,10007732,1-Star,Active,241148
Al Asalah Hotel Houses Corporation,مؤسسة منازل الأصاله الفندقية,Makkah,10007727,1-Star,Active,220648
al rifaa al omrani compani,شركة فيفيان للخدمات الفندقية,Makkah,10008109,1-Star,Active,219528
ALBURAQ ALMASSY HOTEL,فندق البراق الماسي الفندقية,Makkah,10007753,1-Star,Active,237490
Emaar Furom,فندق اعمار فورم الفندقية,Makkah,10007752,1-Star,Active,218140
Burj Alrayan Ethnan,فندق برج الريان أثنان الفندقية,Makkah,10007751,1-Star,Active,220570
Naseem alhadigah hotel,فندق نسيم الحديقة,Makkah,10007747,1-Star,Active,219173
Ajnadin Tourist Hospitality Hotel,فندق أجنادين للضيافة السياحي,Makkah,10007746,1-Star,Active,292345
Najamat Ajyad Hotel,فندق نجمة أجياد الفندقية,Makkah,10007745,1-Star,Active,258836
Gulf Sands Tourist Hostel Corporation,مؤسسة رمال الخليج للنزل السياحيه,Makkah,10007744,1-Star,Active,290475
Jiwar Al bait hotel,فندق جوار البيت الفندقية,Makkah,10007742,1-Star,Active,255563
Retaj Al Hayat Hospitality Tourist Hotel,فندق رتاج الحياة للضيافة السياحي,Makkah,10007741,1-Star,Active,254922
Tawfiq Blaza Hotel,فندق توفيق بلازا للضيافة السياحي,Makkah,10007757,1-Star,Active,209382
wardat tulen hotel,فندق وردة تولين الفندقية,Makkah,10007603,1-Star,Active,218296
Karmak Hotel,فندق كرمك الفندقية,Makkah,10007669,1-Star,Active,244298
Hieba Hejrah Hotel,فندق هبة الهجرة ستة الفندقية,Makkah,10007653,1-Star,Active,246531
BURJ RAWDAK HOTEL,فندق برج رودك الفندقية,Makkah,10007634,1-Star,Active,244519
rayhanat almakan Company,شركة ريحانة المكان,Makkah,10007771,1-Star,Active,259458
Company Saja Almasafi Hotel,شركة سجى المصافي للخدمات الفندقيه,Makkah,10007767,1-Star,Active,254935
HASSAD AL MASHAER HOTEL,فندق حصاد المشاعر الفندقية,Makkah,10007766,1-Star,Active,244326
Al Fajr Al Badi Arbaa Hotel Services Company,شركة الفجر البديع اربعة للخدمات الفندقيه,Makkah,10007765,1-Star,Active,7501
MASARAT AL SAMAH HOTEL,فندق مسارات السماح الفندقية,Makkah,10007763,1-Star,Active,239441
Address Ajyad Hotel company,شركة العنوان اجياد الفندقية شخص واحد,Makkah,10008129,1-Star,Active,225276
sari altalaayie hotel,شركة ساري الطلائع للضيافة السياحي,Makkah,10008121,1-Star,Active,219122
Al Rayyan Towers Makkah Hotel,فندق ابراج الريان المكية,Makkah,10008119,Unclassified/Other,Active,226180
Al Refa  Al Aziziah Hotel,فندق الرفاع العزيزية,Makkah,10008136,1-Star,Active,271936
QASR ALAZIZIZH HOTEL,فندق قصر العزيزية الفندقية,Makkah,10008149,1-Star,Active,230573
dar alsalah hotel,شركة العطلات الاقتصاديه لتنظيم الرحلات,Makkah,10008145,1-Star,Active,218010
Al-Wafada Al-Raqiyya Serviced Apartments,شقق الوفادة الراقية للشقق المخدومة,Makkah,10008142,2-Star,Active,218214
Musk Oasis Hotel,فندق واحة المسك,Makkah,10007784,1-Star,Active,242808
Snood Al Baraka Hotel,شركة سنود البركة للخدمات الفندقيه,Makkah,10007782,1-Star,Active,259456
MASARAT AL MASA HOTEL,فندق مسارات الماسة الفندقية,Makkah,10007781,1-Star,Active,239375
WARDAH NAAMAN For Hotel Services,فندق ورده نعمان للخدمات الفندقيه,Makkah,10007778,1-Star,Active,218290
Ashraqt Hotel,شركة اشرقت الفندقية,Makkah,10007793,1-Star,Active,239461
Company ZOHRA ALMADAIN Hotel,شركة زهرة المدائن الفندقية شركة شخص واحد,Makkah,10007791,1-Star,Active,239395
Romance Elite Hotel Company,شركة رومانس ايليت الفندقية,Makkah,10007790,1-Star,Active,252055
Saja Hotel Services Company,شركة سجى للخدمات الفندقيه,Makkah,10008164,3-Star,Active,199041
MEEZAB ALDYAFAH 3 HOTEL,شركة ميزاب الفندقية شركة شخص واحد,Makkah,10007789,1-Star,Active,289175
Shaza Al Musk Hotel,فندق شذا المسك الفندقية,Makkah,10007787,1-Star,Active,244499
Najmat Rahaf Hotel,فندق نجمة رهف الفندقية,Makkah,10007804,1-Star,Active,299787
Zad Al-Mashaer Hotel Operations Establishment,فندق السكرية للضيافة السياحي,Makkah,10007806,1-Star,Active,221135
Durrat Al Salah Hotel for Tourist Accommodation,فندق درة الصلاح للايواء السياحي,Makkah,10007803,1-Star,Active,234481
Dafla Hotel for Hospatality and Tourism,فندق دفلى للضيافة السياحي,Makkah,10007802,3-Star,Active,289695
abraj almisk hotel,شركة واحة المسك للخدمات الفندقية,Makkah,10007814,1-Star,Active,271517
Wardat Quraish Hostel,نزل وردة قريش للايواء السياحي,Makkah,10007769,Unclassified/Other,Active,220066
Nadwat Quraish Hostel,نزل ندوة قريش للايواء السياحي,Makkah,10007882,Unclassified/Other,Active,219925
SEDRAT ALMAHBAS HOTEL SERVICES CO,شركة سدرة المحبس للخدمات الفندقيه غير ربحية خاصة,Makkah,10007813,1-Star,Active,254108
Hotel RAWHA MOKAM For Hotel Services,فندق روحة المقام للخدمات الفندقيه,Makkah,10007811,3-Star,Active,218285
Burhan Al Huda Hotel,شركة برهان الهدى للايواء السياحي,Makkah,10007810,3-Star,Active,252044
Altamor Company,شركة التامور للخدمات الفندقيه شخص واحد,Makkah,10007809,1-Star,Active,258835
Sadan Alwataniyah Hotel,فندق سدن الوطنية,Makkah,10007825,1-Star,Active,243067
Mashaer Wings Limited Company,شركة اجنحة المشاعر المحدودة,Makkah,10007816,1-Star,Active,240123
Alaa Al Bait Hotel,فندق آلاء البيت للضيافة السياحي,Makkah,10007829,1-Star,Active,271437
Meezab ALDYAFAH 2 Hotel,شركة ميزاب الفندقية شركة شخص واحد,Makkah,10007828,1-Star,Active,286604
Durrat AlYasser Hotel,فندق درة الياسر الفندقية,Makkah,10007836,1-Star,Active,239460
Mahd Al-Risalah Hotel Company,شركة مهد الرسالة الفندقية,Makkah,10007857,1-Star,Active,237751
alolayan golden hotel,فندق العليان الذهبي الفندقية,Makkah,10002406,3-Star,Active,219160
Almas ALmaghreb Hotel,فندق ألماس المغرب العربي للضيافة السياحي,Makkah,10007853,1-Star,Active,288295
shata alaziziah,شركة شتاء العزيزية للخدمات الفندقيه,Makkah,10007851,1-Star,Active,244321
DIAFAT ALTALAAYIE FOR SERVED APARTMENTS,شركة ضيافة الطلائع للشقق المخدومة,Makkah,10007849,2-Star,Active,218327
Snood Al Marwa Hotel,شركة سنود المروة للضيافة السياحي,Makkah,10007848,1-Star,Active,255155
Durrat Rose Hotel,فندق درة روز الفندقية,Makkah,10007847,1-Star,Active,218976
Razana Hotel Company (ALHAFAER,شركة رزانه الفندقية,Makkah,10007846,1-Star,Active,239202
Jawharat Al Bayan Hotel,شركة فندق جوهرة البيان الفندقية,Makkah,10007845,1-Star,Active,289855
Shumukh Almaqam Hotel,فندق شموخ المقام للضيافة السياحي,Makkah,10007843,1-Star,Active,228003
Diyar Al Khalidiya Hotel Services Company,شركة ديار الخالدية للخدمات الفندقيه,Makkah,10007838,Unclassified/Other,Active,218947
KONOOZ AJYAD HOTEL,شركة فندق كنوز أجياد,Makkah,10007881,1-Star,Active,218094
ZEWAR ALMASHAER RAFAH HOTEL,فندق زوار المشاعر رفاه للضيافة السياحي,Makkah,10007869,1-Star,Active,230820
BAKKAH ROYAL HOTEL,فندق بكة رويال الفندقية,Makkah,10007868,1-Star,Active,221023
HOTEL DYAFET ALMAQAM,شركة ضيافة المقام الفندقية,Makkah,10007867,1-Star,Active,289957
Makarem Mina Hotel,فندق مكارم منى,Makkah,10007860,2-Star,Active,217520
Manazel Al Ain Grand Hotel Company,شركة فندق منازل العين جراند,Makkah,10007890,1-Star,Active,298355
jawhart alsafa,فندق شركة جوهرة الصفا للخدمات الفندقية,Makkah,10007888,1-Star,Active,221015
Al khulafa Almasy Hotel,فندق الخلفاء الماسي الفندقية,Makkah,10007797,1-Star,Active,221957
nuzha square hotel,فندق ميدان النزهة الفندقية,Makkah,10008328,1-Star,Active,213848
Pearl Residences Hotel Operation Company,شركة مساكن اللؤلؤة لتشغيل الفنادق,Makkah,10008326,1-Star,Active,254775
ALAM TOWER HOTEL,فندق برج العالم الفندقية,Makkah,10007901,1-Star,Active,239207
Sama Al Bait Hotel,فندق سما البيت الفندقية,Makkah,10007895,1-Star,Active,223693
FARIS AJYAD HOTEL,فندق فارس أجياد للخدمات الفندقيه,Makkah,10007908,1-Star,Active,271435
Jewel of Diyar Al Matar Hotel,فندق جوهرة ديار المطر,Makkah,10007904,1-Star,Active,221980
alrisalat almasi alfunduqia,فندق الرسالة الماسي الفندقية,Makkah,10007923,1-Star,Active,232085
Amar Sixth Hotel,فندق امار السادسة الفندقية,Makkah,10007915,3-Star,Active,212983
Aalam AlSukoon Hotel Company,شركة عالم السكون الفندقية,Makkah,10007934,1-Star,Active,221915
Montana Hotel,فندق مونتانا هوتل الفندقية,Makkah,10007928,1-Star,Active,221875
al rifaa al omrani compani,فندق الرفاع ريع بخش,Makkah,10008318,1-Star,Active,219542
Ajwad alawali serviced apartments,شركة أجواد العوالي للشقق المخدومة,Makkah,10008279,2-Star,Active,259195
Safwat Nouran Tourist Accommodation Company,شركة صفوة نوران للايواء السياحي,Makkah,10008270,1-Star,Active,218837
Jawharat Al-Jumaiza Hotel Homes Establishment,مؤسسة منازل جوهرة الجميزة الفندقية,Makkah,10008261,1-Star,Active,219359
Hotel DHOUK ALKHIAL Hotel,فندق ذوق ألخيال الفندقية,Makkah,10008254,1-Star,Active,219923
Rowaa Makarem Hotel,شركة رواء المكارم للضيافة السياحي,Makkah,10008223,1-Star,Active,259236
EMAAR OSSTORA HOTEL,فندق اسطورة اعمار الفندقية,Makkah,10008190,1-Star,Active,239842
Majd Nouran Hotel Company for Tourist Accommodatio,شركة فندق مجد نوران للايواء السياحي,Makkah,10008181,1-Star,Active,200257
Qimat Al-Diyafa Hospitality Company,شركة قمة الضيافة الفندقية,Makkah,10008176,1-Star,Active,271516
Jawharat Al Diyar Hotel for Tourist Accommodation,فندق جوهرة الديار للإيواء السياحي,Makkah,10008174,1-Star,Active,244616
JOHRA MESSAT HOTEL,فندق جوهرة ميسر الفندقية,Makkah,10007927,1-Star,Active,254104
DANAT ALTALAAYIE HOTEL,شركة دانة الطلائع للضيافة السياحي,Makkah,10007951,1-Star,Active,218202
Hotel Akaber Alhayat hotel,فندق أكابر الحياة الفندقية,Makkah,10007950,1-Star,Active,288416
MWASIM AL EHSAN HOTEL,شركة مواسم الخير للسفر والسياحة,Makkah,10007949,1-Star,Active,290215
DIYAR ALMARWA HOTEL,فندق ديار المروة الفندقية,Makkah,10007948,1-Star,Active,241093
Mawakeb Al Kawthar Hotel for Hotel Services,فندق مواكب الكوثر للخدمات الفندقيه,Makkah,10007947,1-Star,Active,231901
Raffles Makkah Palace,شركة البرج العالمية للاستثمار العقاري فندق قصر مكة رفلز,Makkah,10007941,5-Star,Active,219930
PARK INN THAKHER HOTEL EAST,فندق بارك إن ذاخر الشرقي,Makkah,10007938,4-Star,Active,218558
Al tatwer alhadari,شركة التطوير الحضري للاعمال شركة شخص واحد,Makkah,10007961,1-Star,Active,289737
Askant  Alsafwh Real Estate Services  company,شركة اسكنت الصفوة للخدمات العقارية,Makkah,10008394,1-Star,Active,244516
Park inn Thakher West,فندق بارك إن ذاخر الغربي,Makkah,10008400,4-Star,Active,218592
Walaa Al Sadd Hotel Establishment,مؤسسة ولاء السد الفندقية,Makkah,10007959,1-Star,Active,288235
jawharet AL- MAHABA HOTEL,فندق جوهرة المحبة الفندقية,Makkah,10007969,1-Star,Active,237584
Raei Al Khair Hospitality Tourist Hotel,فندق ريع الخير للضيافة السياحي,Makkah,10007966,1-Star,Active,300436
V12 ALARABIYA HOTEL,شركة في تولف العربية لتشغيل الفنادق,Makkah,10007986,1-Star,Active,231123
Wassad Hotel,فندق وسد الفندقية,Makkah,10007983,1-Star,Active,271459
Meezab ALADEL Hotel,شركة ميزاب الفندقية شركة شخص واحد,Makkah,10007982,1-Star,Active,290677
Al Jaber Towers Hotel Operation Company,شركة أبراج الجابر لتشغيل الفنادق شخص واحد,Makkah,10007980,1-Star,Active,239435
QASR AJYAD ALSAD HOTEL,فندق قصر اجياد السد الفندقية,Makkah,10007979,1-Star,Active,239200
Qawafil Al Khair Holding Company,شركة قوافل الخير القابضة شخص واحد قابضة,Makkah,10007978,1-Star,Active,291295
COMPANY ALEM ALSAKON HOTEL,شركة عالم السكون الفندقية,Makkah,10007975,1-Star,Active,218484
SADAN HOTEL COMPANY,شركة سدان الفندقية,Makkah,10007972,1-Star,Active,213866
Raei Al Khair Hospitality Tourist Hotel,فندق ريع الخير للضيافة السياحي,Makkah,10007971,1-Star,Active,297515
SHAZA HOTEL,فندق شذا العزيزية الماسي للايواء السياحي,Makkah,10008000,1-Star,Active,219503
ABRAG DANIAH HOTEL,شركة ابراج دانيه الفندقية,Makkah,10007999,1-Star,Active,218283
ABRAG DANIAH HOTEL,شركة ابراج دانيه الفندقية,Makkah,10007998,1-Star,Active,218212
ABRAG DANIAH HOTEL,شركة ابراج دانيه الفندقية,Makkah,10007997,1-Star,Active,218109
ABRAG DANIAH HOTEL,شركة ابراج دانيه الفندقية,Makkah,10007996,1-Star,Active,218006
ABRAG DANIAH HOTEL,شركة ابراج دانيه الفندقية,Makkah,10007995,1-Star,Active,218343
Karam Hotel,فندق كرم الفندقية,Makkah,10007994,2-Star,Active,221102
Manazel Al Masaf Hotel for Tourism Hospitality,فندق منازل المصاف للضيافة السياحي,Makkah,10007990,1-Star,Active,219092
Kairouan MECHAAR Hotel,فندق قيروان المشاعر للخدمات الفندقيه,Makkah,10007989,1-Star,Active,240403
Limah Golden Hotel for tourist accommodation,فندق ليمة الذهبي للايواء السياحي,Makkah,10007534,1-Star,Active,254715
Manarat Al Karam Hotel,فندق منارة الكرام الفندقية,Makkah,10007533,1-Star,Active,219374
Dar Al Sharia Hotel,فندق دارالشريعه الفندقية,Makkah,10007598,1-Star,Active,219324
ARAT AL DURA HOTEL,فندق مسارات الدرة الفندقية,Makkah,10007596,1-Star,Active,237620
Jawaher Al Huda Hotel,فندق جواهر الهدى الفندقية,Makkah,10007592,1-Star,Active,244396
jad alrawda,مؤسسة جاد الروضة,Makkah,10007633,1-Star,Active,289975
Manazel Alfadila Hotel,فندق منازل الفضيلة الفندقية,Makkah,10007631,1-Star,Active,224863
Mayar Alrowdha Hotel,فندق ميار الروضة الفندقية,Makkah,10007629,1-Star,Active,220262
Al Taqwa Luxury Hotel,فندق التقوى الراقي الفندقية,Makkah,10007622,1-Star,Active,219205
Time Mila Hotel,فندق وقت ميلا الفندقية,Makkah,10007620,1-Star,Active,218651
Wafaq Al Mashaer Hotel Company for Tourism Hospita,شركة فندق وفاق المشاعر للضيافة السياحي,Makkah,10007619,1-Star,Active,242793
Crown Luxury Hotel,فندق التاج الراقى الفندقية,Makkah,10006799,1-Star,Active,219028
diouf almaqam company,شركة ضيوف المقام الفندقية,Makkah,10006956,1-Star,Active,239206
Sedra Nouran Hotel Company for Tourist Accommodati,شركة فندق سدرة نوران للايواء السياحي,Makkah,10006826,1-Star,Active,217804
alrkaez hotel,فندق الركائز الفندقية,Makkah,10006838,1-Star,Active,288635
ATYAF alkhayr almasiya,شركة أطياف الخير الماسية,Makkah,10006759,1-Star,Active,17127
multazam alnaseem,فندق ملتزم النسيم الفندقية,Makkah,10006802,1-Star,Active,271436
amirah grand hotel,فندق أميرة جراند,Makkah,10006796,1-Star,Active,219437
Sraya almisk hotel,شركة سرايا المسك الفندقية,Makkah,10006917,1-Star,Active,271456
Rafahya Al Azizia Hotel for Tourist Accommodation,فندق رفاهيه العزيزية للايواء السياحي شخص واحد,Makkah,10007207,1-Star,Active,219524
Millennium Copthorne Makkah Al Naseem,فندق ملينيوم كوبثورن النسيم,Makkah,10007053,1-Star,Active,197449
al rifaa al sud hotel,فندق الرفاع السد,Makkah,10007068,1-Star,Active,221987
Shaza Al Wisam Four Hotel,فندق شذي الوسام اربعة الفندقية,Makkah,10007005,1-Star,Active,220715
Masar Al Ezz Hotel,فندق مسار العز الفندقية,Makkah,10007115,1-Star,Active,219767
Emaar Al Sultan Hotel,فندق اعمار السلطان الفندقية,Makkah,10007092,1-Star,Active,219638
WAHDAT ALKHAIR HOTEL,فندق وحدات الخير للضيافة السياحي,Makkah,10007324,1-Star,Active,239442
Hotel Twenty One,شركة واحد عشرون الفندقية,Makkah,10007089,Unclassified/Other,Active,219610
Osccon Al Taysir,شركة أسكن التيسير للخدمات الفندقيه,Makkah,10007062,1-Star,Active,2158
ROYAL ALMASHAER HOTEL,فندق رويال المشاعر الفندقية,Makkah,10002609,1-Star,Active,248491
Bab Al Multazam Concorde Hotel,فندق باب الملتزم كونكورد,Makkah,10006930,1-Star,Active,223323
Yousef Abdulaziz Abdul Latif Al Abdul Karim Hotel,فندق يوسف عبدالعزيز عبداللطيف العبدالكريم الفندقية,Makkah,10006809,Unclassified/Other,Active,254916
DiyarAltaqwa,شركة ديار التقوى لتشغيل الفنادق  ذات مسئولية محدود,Makkah,10006817,1-Star,Active,301228
dimora,شركة دي مورا,Makkah,10006981,1-Star,Active,219911
Al-Muwahhidin Ajyad Hotel Services Company,شركة الموحدين اجياد للخدمات الفندقيه,Makkah,10006798,1-Star,Active,219159
Mahd Al-Risalah Hotel Company,شركة مهد الرسالة الفندقية,Makkah,10006813,1-Star,Active,232387
Biak Otel Al Rawdah,فندق مجموعة قافلة التوحيد الدولية للخدمات الفندقيه,Makkah,10006908,1-Star,Active,223248
Emaar LEGEND HOTEL,فندق اعمار ليجند الفندقية,Makkah,10006864,2-Star,Active,219689
alwahaj tower hotel,فندق أبراج الوهج الفندقية,Makkah,10006867,1-Star,Active,229738
EMMAR NOOR HOTEL,فندق اعمار نور الفندقية,Makkah,10006863,1-Star,Active,239203
Jabal Omar conrad,فندق جبل عمر كونراد,Makkah,10007126,5-Star,Active,219586
Shaza Al Wisam Hotel Three Hotel,فندق شذي الوسام ثلاثة الفندقية,Makkah,10007013,1-Star,Active,219885
Nebras Alhoda Hotel,شركة نبراس الهدي للسفر و السياحة شخص واحد,Makkah,10007026,1-Star,Active,254635
MIRA RAWDAH ATHNIN HOTEL,فندق ميرة الروضة اثنين الفندقية,Makkah,10007109,1-Star,Active,218788
Al Hedaya Towers Company,شركة ابراج الهداية الفندقية,Makkah,10007004,1-Star,Active,248510
WEFAQ ALNOZHA HOTEL,شركة فندق وفاق المشاعر للضيافة السياحي,Makkah,10007078,1-Star,Active,291863
Dar Hadi Al Aziziyah Company,شركة دار هادي العزيزية,Makkah,10007205,1-Star,Active,239355
MASARAT ROYAL HOTEL,فندق مسارات رويال الفندقية,Makkah,10007071,1-Star,Active,227985
Beyza Hotel,فندق البيضاء الفندقية,Makkah,10007040,1-Star,Active,228487
alzair alakhyar hotel,فندق الزائر الأخيار الفندقية,Makkah,10007057,1-Star,Active,246
Bayit Al Zair for serviced abartments,شركة بيت الزائر للشقق المخدومة,Makkah,10004016,2-Star,Active,246581
ALTALAAYIE HOTEL COMPANY,شركة الطلائع الفندقية,Makkah,10006899,1-Star,Active,212856
Sarh Al Manama Five Hotel Group,مجموعة فنادق صرح المنامة خمسة الفندقية,Makkah,10006925,1-Star,Active,211551
Sedra Hotel,شركة سدرا العزيزية الفندقية,Makkah,10006789,1-Star,Active,212740
biotalgazera hotel,فندق بيوت الجزيرة الفندقية,Makkah,10006781,1-Star,Active,17671
MARSA ELJARIA HOTEL,فندق مرسى الجاريه الفندقية,Makkah,10006804,1-Star,Active,8971
Ajyad Castle Hotel,فندق قلعه أجياد الفندقية,Makkah,10006824,1-Star,Active,239212
smo Amjad hotel,مؤسسة سمو المجد الفندقية,Makkah,10006877,1-Star,Active,212620
ELAF KINDA HOTEL,فندق ايلاف كنده فرع شركة ايلاف للفنادق المحدوده,Makkah,10007171,4-Star,Active,219141
Biak Otel Al Faisaliah,فندق مجموعة قافلة التوحيد الدولية للخدمات الفندقيه,Makkah,10007124,1-Star,Active,224649
forsan ajyad hotel,شركة فرسان اجياد للخدمات الفندقيه,Makkah,10007006,3-Star,Active,213952
Saif Plus Hotel,فندق سيف بلص الفندقية,Makkah,10007161,1-Star,Active,259138
Hotel RAWDA AL KHALIL For hospitality tourism,فندق روضة الخليل للضيافة السياحي,Makkah,10007037,1-Star,Active,287956
Tihama AlRish Est,مؤسسة تهامة الريش لخدمات السفر والسياحة,Makkah,10007087,1-Star,Active,288677
Hotel Shams Al Zahabi Hotel,فندق شمس الذهبي الفندقية,Makkah,10007049,1-Star,Active,219532
Mather Elite Hotel,فندق ماثر اليت الفندقية,Makkah,10007009,1-Star,Active,269056
tawhed al asalah,شركة توحيد الأصالة للخدمات الفندقية شركة ذات المسؤ,Makkah,10007328,1-Star,Active,220014
Durrat Al Mahbas Hotel for tourist accommodation,فندق درة المحبس للايواء السياحي,Makkah,10007330,1-Star,Active,244255
Alayam Eliet Hotel,شركة فندق الأيام ايليت الفندقية,Makkah,10007155,1-Star,Active,219314
Tharawat Diyafat Al Rahman Hotel,فندق ثروات ضيافة الرحمن,Makkah,10004932,1-Star,Active,213722
Tharawat Al Mansheya Hotel,فندق ثروات المنشية,Makkah,10004003,1-Star,Active,197445
New Hawazen Al Aseel Hotel,فندق هوازن الأصيل الجديد الفندقية,Makkah,10003532,1-Star,Active,289699
Al Salah Ajyad Hotel for Tourist Accommodation,فندق الصلاح اجياد للايواء السياحي,Makkah,10006821,1-Star,Active,237550
MASARAT AJYAD ALMASI COMPANY,شركة مسارات اجياد الماسي,Makkah,10006880,1-Star,Active,288395
Manasik Al-Raushad Est- for Hotels,فندق مناسك الرشاد الفندقية,Makkah,10006954,1-Star,Active,218835
Worth Elite Hotel,فندق ورث اليت الفندقية,Makkah,10006952,1-Star,Active,219702
joury almashair hotel,فندق جوري المشاعر للخدمات الفندقيه,Makkah,10006933,1-Star,Active,239838
Rayhana Al-Mashaer Hotel Company,شركة ريحانه المشاعر الفندقية,Makkah,10006862,1-Star,Active,243057
Romance Room Hotel Company,شركة رومانس روم الفندقية,Makkah,10006905,2-Star,Active,241405
Tara Al Rawda Hotel,فندق تارا الروضه,Makkah,10006913,1-Star,Active,230548
mussa mazaya al-dyafa al-tajariyya,مؤسسة مزايا الضيافة التجارية,Makkah,10006847,1-Star,Active,219116
royal almashaer hotel,فندق رويال المشاعر الفندقية,Makkah,10006958,1-Star,Active,244676
Hibat AlHijrah Hotel,فندق هبة الهجرة الفندقية,Makkah,10007245,1-Star,Active,218764
Hotel Tilal Al Mashad,شركة نواة النمو المستدام,Makkah,10007151,1-Star,Active,218111
TARA ALYASAMIN HOTEL,شركة تارا,Makkah,10007018,1-Star,Active,271657
HOTEL ALAM AL HAYA,فندق عالم الحياة الفندقية,Makkah,10007159,1-Star,Active,221920
Company ZOHRA ALMADAIN Hotel,شركة زهرة المدائن الفندقية شركة شخص واحد,Makkah,10007030,1-Star,Active,239215
Heba Hejrah 5 Hotel,فندق هبة الهجرة خمسة الفندقية,Makkah,10007157,1-Star,Active,220092
Rizq Palace Hotel,فندق قصر رزق الفندقية,Makkah,10007105,1-Star,Active,250227
Amjad Giyad Hotel,فندق امجاد أجياد,Makkah,10007017,1-Star,Active,218740
AL JAAD KUDAY HOTEL,فندق الجاد كدي الفندقية,Makkah,10007042,1-Star,Active,244319
Dar AlZohour Hotel,فندق دار الزهور الفندقية,Makkah,10005117,1-Star,Active,244655
Abed Abdullah Hamed Al Masoudi Hotel,فندق عابد عبدالله حامد المسعودي الفندقية,Makkah,10004285,1-Star,Active,252046
Emaar International Hotel,فندق اعمار الدولي,Makkah,10006881,2-Star,Active,218893
MASARAT MASMARAH HOTEL,فندق مسارات مثمرة الفندقية,Makkah,10006898,1-Star,Active,234524
Saif Al Majd Hotel,فندف سيف المجد الفندقية,Makkah,10006995,1-Star,Active,246574
MANAR ALKHAIR HOTEL,فندق منار الخير الفندقية,Makkah,10006906,1-Star,Active,20521
HOTEL Durrat Al Sulaymaniyah Hotel,فندق درة السليمانية الفندقية,Makkah,10006967,1-Star,Active,47721
DIYAR ALOROUBA HOTEL,فندق ديار العروبة الفندقية,Makkah,10006974,1-Star,Active,271535
ALMAQAM BAKKH HOTEL,فندق المقام بكة,Makkah,10006887,1-Star,Active,218750
Safir AlMask Hotel Company,شركة سفير المسك الفندقية,Makkah,10006883,1-Star,Active,244328
EMAAR ALDIYAFA HOTEL,شركة اعمار الضيافة الفندقية,Makkah,10006986,1-Star,Active,242957
Wahat Al Refaa Hotel,فندق واحة الرفاع الفندقية,Makkah,10006855,1-Star,Active,221995
Jabal Omar Marriott Hotel,فندق جبل عمر ماريوت,Makkah,10007441,5-Star,Active,219605
ajinhat alsaeada,شركة اجنحة السعادة,Makkah,10007436,1-Star,Active,292188
Al Safwa Orchid Golden Hotel Company,شركة الصفوة اوركيد الذهبية الفندقية شركة شخص واحد,Makkah,10007435,3-Star,Active,218428
MASARAT AL MAHBAS HOTEL,فندق مسارات المحبس الفندقية,Makkah,10007431,1-Star,Active,221935
Tower Al Sharia Hotel,فندق برج الشريعه الفندقية,Makkah,10007425,1-Star,Active,217987
Saja Ajyad hotel company,شركة سجى أجياد الفندقية,Makkah,10007421,1-Star,Active,244615
MEEZAB ALDYAFAH 1 HOTEL,شركة ميزاب الفندقية شركة شخص واحد,Makkah,10007418,1-Star,Active,225612
BADER ALHADETH HOTEL,فندق بدر الحديث الفندقية,Makkah,10007415,1-Star,Active,244332
Awtad Al-Badr Company,شركة أوتاد البدر,Makkah,10007414,1-Star,Active,244435
Al Khaimah Hotel Operation Company,شركة الخيمة لتشغيل الفنادق,Makkah,10007405,1-Star,Active,232142
ALMAHA MASHAEER HOTEL,فندق المها مشاعر الفندقية,Makkah,10007404,1-Star,Active,289775
Romance House Hotel Company,شركة رومانس البيت الفندقية,Makkah,10006920,2-Star,Active,250262
MANAR ALTAWHID HOTEL,فندق منار التوحيد لصاحبها ملفي محمد خريص العصيمي,Makkah,10006815,1-Star,Active,218505
Safwat Al Bait Al Mahbas Hotel,فندق صفوة البيت المحبس الفندقية,Makkah,10006872,1-Star,Active,232078
MIRA SHEB HOTEL,فندق ميرة الشعب الفندقية,Makkah,10006914,1-Star,Active,218038
MASAKIN ALHAYAT HOTEL,فندق مساكن الحياة الفندقية,Makkah,10006963,1-Star,Active,290218
Roshn aldarhotel,فندق روشن الدار الفندقية,Makkah,10006907,2-Star,Active,250214
evening elegant hotel,فندق ارقى مساء الفندقية,Makkah,10006975,1-Star,Active,259136
ASEEL AJYAD   HOTEL,فندق أسيل أجياد للايواء السياحي,Makkah,10006942,1-Star,Active,290175
HOTEL TABARAK,فندق تبارك الفندقية,Makkah,10006964,1-Star,Active,288515
TAJ PARK HOTEL,فندق تاج بارك الفندقية,Makkah,10006888,1-Star,Active,223352
Elaf Bakkah,فندق إيلاف بكة فرع شركةإيلاف للفنادق المحدودة,Makkah,10006936,3-Star,Active,239199
ROWADALHDAYA HOTELS,شركة رواد الهداية الفندقية,Makkah,10007565,1-Star,Active,292741
Safwat Al Sharia Hotel,فندق صفوة الشريعه الفندقية,Makkah,10007564,1-Star,Active,218222
Adnan Maatouq Bin Suleih Al Amiri Hotel,فندق عدنان معتوق بن صليح العميري الفندقية,Makkah,10007563,1-Star,Active,219560
Visitors Hotel One,مؤسسة الرواد للسياحة,Makkah,10007555,1-Star,Active,230738
Masar Al-aleiz Hotel,فندق مسار العز الفندقية,Makkah,10007554,1-Star,Active,105506
SARI ALBIT HOTEL,شركة فندق ساري البيت الفندقية,Makkah,10007551,1-Star,Active,218408
Al Kiswah Towers Hotel Company,شركة فندق ابراج الكسوة الفندقية,Makkah,10007548,1-Star,Active,287595
Hotil Deara Bin Sulaiman Bin Abdul Rahman Al Deara,فندق شركة درع بن سليمان بن عبدالرحمن الدرع للتجارة,Makkah,10007544,1-Star,Active,103312
akaper alhijrah hotel,فندق اكابر الهجرة الفندقية,Makkah,10007543,1-Star,Active,220153
Sulaiman Bin Musa AlOlayan Silver Hotels Company,شركة سليمان بن موسى العليان الفندقية شخص واحد,Makkah,10007540,1-Star,Active,254596
Aemadat Al Zahab Hotel,فندق أعمدة الذهب,Makkah,10007537,1-Star,Active,231922
Anwar AlBayt Hotel Operations Establishment,مؤسسة أنوار البيت لتشغيل الفنادق,Makkah,10002344,1-Star,Active,208856
Shaza Al Wisam Two Hotel,فندق شذي الوسام اثنان الفندقية,Makkah,10003928,1-Star,Active,220633
AFAQ MECHAAR,فندق أفاق المشاعر الفندقية,Makkah,10006943,1-Star,Active,289235
Pearl Al-Badayea Hotel Company,شركة فندق لؤلؤة البدائع الفندقية,Makkah,10006944,2-Star,Active,259357
hotel majed maayoudh alharthi hotel,فندق ماجد معيوض الحارثي الفندقية,Makkah,10006992,1-Star,Active,244333
Nasamat Al Diyafah Hotel,فندق نسمات الضيافة الفندقية,Makkah,10006990,1-Star,Active,212518
REHAB ALTAQWA HOTEL,فندق رحاب التقوى الفندقية,Makkah,10006885,1-Star,Active,218384
Yamam Third Hotel Company,شركة فندق يمام الثالث الفندقية,Makkah,10006972,1-Star,Active,248516
ALTALYIE HOTEL COMPANY,شركة الطلائع الفندقية,Makkah,10006935,2-Star,Active,218506
nozol altalayea hotel,شركة الطلائع الفندقية,Makkah,10006989,1-Star,Active,218661
TAHLEEL HOTEL,فندق تهليل الفندقية,Makkah,10006965,1-Star,Active,252033
"Makkah Clock Royal Tower, A Fairmont Hotel",شركة البرج العالمية لادارة الفنادق فندق ساعة مكة فيرمونت,Makkah,10007336,5-Star,Active,219890
canary Inn Hotel Services Company,شركة الكناري إن للخدمات الفندقيه,Makkah,10007525,1-Star,Active,221895
Pearl Neighborhood Hotel,فندق لؤلؤة الجوار الفندقية,Makkah,10007523,1-Star,Active,221179
funduq liwlwat alshariea,فندق لؤلؤة الشريعة الفندقية,Makkah,10007513,1-Star,Active,218163
MEEZAB ORCID MAKKAH HOTEL,شركة ميزاب الفندقية شركة شخص واحد,Makkah,10007510,1-Star,Active,246594
MEEZAB ALSABIQ 2 HOTEL,شركة ميزاب الفندقية شركة شخص واحد,Makkah,10007509,1-Star,Active,250233
MEEZAB ORCAID ALAZIZIA HOTEL,شركة ميزاب الفندقية شركة شخص واحد,Makkah,10007508,1-Star,Active,256717
Mazaya Hotel,شركة مزايا الفندقية,Makkah,10003830,1-Star,Active,255019
dorrat alakhyar hotel,فندق درة الأخيار الفندقية,Makkah,10006979,1-Star,Active,239120
WAQF SALEM OMAR ALJIFRY HOTEL,فندق وقف سالم عمر الجفري الفندقية,Makkah,10006968,1-Star,Active,289615
MIRA SUDD HOTEL,فندق السد ميرة الفندقية,Makkah,10006971,1-Star,Active,218390
manazel alkhair hotel,فندق منازل الخير الفندقية,Makkah,10006327,1-Star,Active,239439
Jawharat Makkah For Hotels Services,جوهرة مكة الفندقية,Makkah,10006341,1-Star,Active,227907
Wirgan Alnoor Hotel for hotel services,فندق ورقان النور للخدمات الفندقية,Makkah,10006348,4-Star,Active,290755
Burj ALWahda ALmutamayiz Hotel,فندق برج الوحدة المتميز الفندقية,Makkah,10006563,1-Star,Active,291179
Makarem Diafa House Hotel,فندق مكارم ضيافة البيت الفندقية,Makkah,10006592,1-Star,Active,259355
EMAAR ALANDLUSIA,فندق اعمار اندلسية الفندقية,Makkah,10006386,3-Star,Active,219670
Time Roba Company,شركة تايم ربا لتشغيل الفنادق,Makkah,10007403,4-Star,Active,2094
Hotel NILOUFER SHRAIA Hotel,فندق نيلوفر الشرائع الفندقية,Makkah,10007397,1-Star,Active,272432
Company BARAKEH AL RAFFA Hotel,شركة بركة الرفاع الفندقية,Makkah,10007389,1-Star,Active,222078
nuzol almokhtara hotel,فندق نزل المختارة الفندقية,Makkah,10007382,1-Star,Active,221979
Hotel WAHA ALFARIS for hospitality tourism,فندق واحة الفارس للضيافة السياحي,Makkah,10007470,1-Star,Active,289595
Hotel Durrat Al Rashideen Hotel,فندق درة الراشدين الفندقية,Makkah,10007379,1-Star,Active,218320
Selat Albait,فندق صلة البيت الفندقية,Makkah,10007375,3-Star,Active,225316
Anwar Al Mashaer Hote,فندق أنوار المشاعر الفندقية,Makkah,10007358,1-Star,Active,254697
Snood Al Azizia Hotel,فندق سنود العزيزية فرع شركة سنود لادارت الاملاك,Makkah,10007353,1-Star,Active,263528
LOULOUAT RAYYAN HOTEL,شركة فندق لؤلؤة الريان الفندقية شخص واحد,Makkah,10007345,1-Star,Active,254915
MASARAT AL MASHAIR HOTEL,شركة مسارات المشاعر لتشغيل الفنادق,Makkah,10004997,2-Star,Active,239216
Alluwluat Hotel,فندق اللؤلؤة الفندقية,Makkah,10003762,1-Star,Active,218076
Tharawat Al-Misfalah,فندق ثروات المسفلة,Makkah,10003951,1-Star,Active,242785
Al Wafedeen Hotel,فندق الوافدين الفندقية,Makkah,10002709,3-Star,Active,239360
Qasr Al Sahab Hotel Makkah,فندق قصر السحاب الفندقية,Makkah,10006224,2-Star,Active,256716
Emaar ELET Hotel,فندق اعمار اليت الفندقية,Makkah,10006227,3-Star,Active,219360
Dar Raies Hotel,فندق دار الريس الفندقية,Makkah,10004446,2-Star,Active,244415
tara aljawhara hotel,شركة تارا,Makkah,10002276,Unclassified/Other,Active,271656
JEWEL ALADEEL,فندق جوهرة العدل الفندقية,Makkah,10004281,1-Star,Active,287735
Aseel Alhaybah To Operate Hotels Company,شركة اصيل الهيبة لتشغيل الفنادق,Makkah,10006755,4-Star,Active,219023
BURG DANA HOTEL,فندق برج دانه للايواء السياحي,Makkah,10006787,1-Star,Active,220029
ALWAN ALASEEL HOTEL,فندق الأصيل ألوان الفندقية,Makkah,10006793,1-Star,Active,218181
Hotel ABRAG AL-TAISIR TWA For Hotel Services,فندق ابراج التيسير طوى للخدمات الفندقيه,Makkah,10006584,Unclassified/Other,Active,256736
Nour Manazel Al Karam Hotel,فندق نور منازل الكرام الفندقية,Makkah,10006830,1-Star,Active,219230
MANAR AL HUDA,فندق منار الهدى الفندقية,Makkah,10006879,1-Star,Active,1217
alnokhba hotel,فندق النخبة,Makkah,10006490,1-Star,Active,230856
Elaf Qinwan,شركة إيلاف قنوان الفندقية,Makkah,10006741,4-Star,Active,234969
Hella Inn Hotel for Tourist Accommodation,فندق هيلا آن للايواء السياحي,Makkah,10006904,2-Star,Active,220054
fancy garden hotel,فندق الحدايق الراقيه الفندقية,Makkah,10007027,1-Star,Active,288015
Al Khayma Hotel Operation Company,شركة الخيمة لتشغيل الفنادق,Makkah,10007022,1-Star,Active,221008
QURAA ALASEEL HOTEL,فندق قرى الأصيل الفندقية,Makkah,10007002,1-Star,Active,217960
MASARAT GOLDEN HOTEL,فندق مسارات الذهبي الفندقية,Makkah,10007070,1-Star,Active,223561
Nusuk Kodai Hotel,فندق نسك كدي الفندقية,Makkah,10007134,1-Star,Active,244331
FNDK MANARAT ALMASHAIER,مؤسسة منارة المشاعر الفندقية,Makkah,10007000,1-Star,Active,218840
Alam tower hotel,فندق برج العالم الفندقية,Makkah,10007060,1-Star,Active,223513
Al Masar Ajyad Hotel,شركة المسار أجياد الفندقية,Makkah,10007097,1-Star,Active,244496
Brakat Burhan Hotel,فندق بركة برهان,Makkah,10007080,3-Star,Active,250225
Yamam 2 Hotel Company,شركة فندق يمام الثاني الفندقية,Makkah,10007016,1-Star,Active,250220
SARAY ISTANBUL,فندق سراي اسطنبول الفندقية,Makkah,10005458,1-Star,Active,258856
RAWHANYA HOTEL,فندق الروحانية الفندقية,Makkah,10005498,1-Star,Active,291316
Wehdah AlKhair Hotel,فندق وحدة الخير الفندقية,Makkah,10006279,Unclassified/Other,Active,254698
company abdulrazak badie al kutbi,شركة عبدالرزاق بديع الكتبي لخدمات المعتمرين,Makkah,10006235,1-Star,Active,287500
"Amjad Al Jazeera Hotel, a branch of Amjad Al Jazee",فندق أمجاد الجزيرة فرع شركة أمجاد الجزيرة للإستثمار العقاري,Makkah,10006915,1-Star,Active,228471
burg al ziafa hotel,فندق برج الضيافة مبارك للخدمات الفندقيه,Makkah,10006939,1-Star,Active,220148
Anwar Aseel Hotel,فندق أنوار أصيل الفندقية,Makkah,10006661,1-Star,Active,241411
SQAA ALASEEL HOTEL,فندق الأصيل سقاية الفندقية,Makkah,10006674,2-Star,Active,218077
soha Tourist Accommodation Company,شركة صها للايواء السياحي,Makkah,10006382,1-Star,Active,259476
Al Dana Diamond Hotel Company,شركة الدانه الماسية الفندقية شركة شخص واحد,Makkah,10006701,4-Star,Active,219752
Mathir Al-Jwar Hotel,فندق مآثر الجوار الفندقية,Makkah,10007321,1-Star,Active,218002
Jaralbait Hotel,فندق جار البيت الفندقية,Makkah,10007326,1-Star,Active,223278
REHAB ALMARWA 2 HOTEL,فندق رحاب المروة اثنين الفندقية,Makkah,10007505,1-Star,Active,219571
Durrat Al Bahja Hotel for Tourist Accommodation,فندق درة البهجة للايواء السياحي,Makkah,10007503,1-Star,Active,228045
Makarem Alfirdous Hotel,فندق مكارم الفردوس الفندقية,Makkah,10007496,1-Star,Active,288175
Sunrise Ajyad Hotel,شركة اشراق اجياد الفندقية,Makkah,10007494,1-Star,Active,239218
Kenana Al Azizia Hotel for Hotel Services,فندق كنانة العزيزية للخدمات الفندقيه,Makkah,10007493,1-Star,Active,259075
al naseem alarabie hotel,فندق النسيم العربي الفندقية,Makkah,10007490,1-Star,Active,197434
Hotel hotel descriptions,فندق الاوصاف الفندقية,Makkah,10007485,1-Star,Active,211538
Pearl of Serenity Hotel for Hotel Services,فندق لؤلؤة الصفاء للخدمات الفندقيه,Makkah,10007483,1-Star,Active,242819
SARAYA ALJIWAR HOTEL,فندق سرايا الجوار الفندقية,Makkah,10007482,1-Star,Active,220415
High Feelings Hotel,فندق عالية المشاعر الفندقية,Makkah,10007478,1-Star,Active,254795
Durrat Hassan Hotel for Hotel Services,فندق درة حسن للخدمات الفندقيه,Makkah,10009778,1-Star,Active,255022
Roots hotel,شركة جذور الفندقية شركة شخص واحد,Makkah,10006437,1-Star,Active,241410
Al Marwa Rayhaan by Rotana,فندق المروة ريحان فرع شركة جوار لإدارة وتسويق وتطوير العقار,Makkah,10007293,4-Star,Active,218413
Company ZOHRA ALMADAIN Hotel,شركة زهرة المدائن الفندقية شركة شخص واحد,Makkah,10007316,1-Star,Active,239235
Jawharat Nouran Hotel Company for Tourist Accommod,شركة فندق جوهرة نوران للايواء السياحي,Makkah,10007272,1-Star,Active,97369
Wardat AL Mashaeri Hotel,فندق وردة المشاعر الفندقية,Makkah,10007282,1-Star,Active,254537
DAR ALMAQAM HOTEL,فندق دار المقام الفندقية,Makkah,10007278,1-Star,Active,290556
Al BOW Hotel Towers,فندق أبراج البو الفندقية,Makkah,10007322,1-Star,Active,219936
Hotel SARI AL-RUABI Hotel,فندق ساري الروابي الفندقية,Makkah,10007340,1-Star,Active,224539
NAJMAH THAKHER HOTEL,فندق نجمة ذاخر للضيافة السياحي,Makkah,10007338,1-Star,Active,219919
NEW LEVEL HOTEL,شركة نيو ليفيل المحدودة,Makkah,10007337,1-Star,Active,244330
Orvana Company,شركة أورفانا,Makkah,10007342,2-Star,Active,239208
HOTEL DURRA ALAHBAH,فندق درة الاحبه الفندقية,Makkah,10007590,1-Star,Active,290144
Hotel MAGHAM AL-DHAHABI Hotel,فندق مقام الذهبى الفندقية,Makkah,10007588,1-Star,Active,220493
zilzl alnuzala,فندق ظلال النزلاء للضيافة السياحي,Makkah,10007587,2-Star,Active,229916
Manayer Alosoul hotel,فندق مناير الأصول الفندقية,Makkah,10007586,1-Star,Active,289956
Golden Entity Message Company,شركة رسالة الكيان الذهبيه,Makkah,10007582,1-Star,Active,220630
Mena hotel,شركة بوابة منى الفندقية,Makkah,10007579,2-Star,Active,221923
Moyyad Abdulrahman  Banonah Hotel Est,مؤسسة مؤيد عبدالرحمن بن عبدالعزيز بنونه الفندقية,Makkah,10007566,1-Star,Active,244275
Loloat Noura Hotel Company for Tourist Accommodati,شركة فندق لؤلؤة نوران للايواء السياحي,Makkah,10006407,1-Star,Active,217991
Hayatt Makarim Ajyad Hotelt,فندق حياة مكارم اجياد الفندقية,Makkah,10006359,1-Star,Active,254616
Snood Al Dana Hotel,شركة سنود الدانه للخدمات الفندقيه شركة شخص واحد,Makkah,10006360,1-Star,Active,259358
company khadamat al muttahidun ltd,شركة خدمات المتحدون المحدودة,Makkah,10006340,1-Star,Active,298735
SARAYA AL DEAFAH HOTEL,فندق سرايا الضيافة الفندقية,Makkah,10006602,3-Star,Active,225640
Al-Olayan Ajyad Hotel,فندق العليان اجياد الفندقية,Makkah,10006531,1-Star,Active,255575
Suites Al Maqam Hotel,فندق سويتس المقام الفندقية,Makkah,10006477,1-Star,Active,239214
Al Miqat Hotel Services Company,فندق الميقات اجياد للايواء السياحي,Makkah,10006614,1-Star,Active,240094
Roya Al Mawaddah Hotel for Tourist Accommodation,فندق رؤيا المودة للايواء السياحي,Makkah,10006613,1-Star,Active,246599
Hussain Biyari Hotel,فندق حسين حسن علي بياري الفندقية,Makkah,10006349,1-Star,Active,241132
Diyar Al Bait Hotel,فندق ديار البيت الفندقية,Makkah,10006404,1-Star,Active,220437
Tara Mahbas Hotel,فندق تارا المحبس,Makkah,10007265,1-Star,Active,242812
Durrat Taiba Company,شركة درة طيبة المحدودة,Makkah,10007290,1-Star,Active,223860
MANAR AL MASHAEIR HOTEL,فندق منار المشاعر الفندقية,Makkah,10007277,1-Star,Active,95426
Lapa Darna Hotel,فندق لابا دارنا الفندقية,Makkah,10007257,1-Star,Active,218819
Khaled Hussein Ali Hotel Hotel Facility,فندق خالد حسين علي مرفق الفندقية,Makkah,10007237,1-Star,Active,239818
mnazil albait company,شركة منازل البيت المحدودة,Makkah,10007289,1-Star,Active,271676
ALTALAAYIE HOTEL COMPANY,شركة الطلائع الفندقية,Makkah,10007227,1-Star,Active,213724
Mawasem Al Khair Hotel Establishment,مؤسسة مواسم الخير الفندقية,Makkah,10007195,1-Star,Active,295915
MAKAREM ALHIJRA HOTEL,فندق مكارم الهجرة الفندقية,Makkah,10007024,1-Star,Active,221988
RAKAYA for serviced apartments,شقق ركايا للشقق المخدومة,Makkah,10007050,2-Star,Active,288417
Farah Tower Hotel,فندق برج فرح الفندقية,Makkah,10007079,1-Star,Active,239205
Diyar Al-Mashaer Serviced Apartments,شقق ديار المشاعر للشقق المخدومة,Makkah,10006728,2-Star,Active,255057
Swissotel Al Maqam Makkah,شركة ابراج ساره للاستثمار العقاري فندق سويس أوتيل المقام مكة,Makkah,10007391,4-Star,Active,219927
Diyar almashaer hotel,فندق ديار المشاعر الفندقية,Makkah,10006493,2-Star,Active,231074
Rawda Mayra hotel,فندق روضة ميار الفندقية,Makkah,10006621,1-Star,Active,292738
company maysan almashaer hotel,شركة ميسان المشاعر الفندقية,Makkah,10006698,1-Star,Active,218307
DARE LAMAR HOTEL,فندق دار لمار الفندقية,Makkah,10006418,1-Star,Active,246520
Mina View Hotel,فندق منى فيو للايواء السياحي,Makkah,10006356,1-Star,Active,287935
Blue Coral Hotel,فندق المرجان الأزرق للخدمات الفندقيه شركةشخص واحد,Makkah,10006582,1-Star,Active,218987
Emaar Al Khalil Hotel,فندق اعمار الخليل الفندقية,Makkah,10006673,2-Star,Active,218539
areej alzahbi hotel,فندق اريج الذهبي الفندقية,Makkah,10006671,1-Star,Active,218991
Snod Hotel Company,شركة سنود الفندقية شركة مساهمة مقفلة,Makkah,10006384,1-Star,Active,244498
hijrat alkhayr hotel,فندق هجرة الخير الفندقية,Makkah,10007279,1-Star,Active,218034
Karamak Two Hotel,فندق كرمك اثنين الفندقية,Makkah,10007162,Unclassified/Other,Active,217716
Abeer Al-Azizia Hotel,شركة فندق عبير العزيزية الفندقية,Makkah,10007264,1-Star,Active,220516
Saraya Al Taj Hotel Services Company,شركة سرايا التاج للخدمات الفندقيه,Makkah,10007212,1-Star,Active,218376
durrat mina hotel,فندق درة مني,Makkah,10007169,1-Star,Active,232043
KNOOZ ALDIAFAH TWO Hotel Company,شركة كنوز الضيافة اثنين الفندقية,Makkah,10007251,1-Star,Active,231031
balad Tower Hotel,فندق برج البلد الفندقية,Makkah,10007184,1-Star,Active,231770
Rawad Al Bait Hotel Company,شركة رواد البيت الفندقية,Makkah,10007121,1-Star,Active,211646
MIRA RAWDAH HOTEL,فندق ميرة الروضة للضيافة السياحي,Makkah,10007132,1-Star,Active,218268
manasek alhijrah hotel,فندق مناسك الهجرة الفندقية,Makkah,10007143,1-Star,Active,220981
WARDAT ALMUEABADA HOTEL,شركة وردة المعابدة الفندقية,Makkah,10007476,1-Star,Active,292179
Najma Ghazi Hotel for tourist accommodation,فندق نجمة غازي للايواء السياحي,Makkah,10007475,1-Star,Active,298295
diouf almaqam company,شركة ضيوف المقام الفندقية,Makkah,10007473,1-Star,Active,239633
sari mina hotel,فندق ساري منى الفندقية,Makkah,10007472,1-Star,Active,290216
funduq manarat alsharieat alfunduqia,فندق منارة الشريعة الفندقية,Makkah,10007471,1-Star,Active,219737
Turkish Hotel Khaled Bin Hussein Al Sharif Hotel,فندق تركي خالد بن حسين الشريف الفندقية,Makkah,10007468,1-Star,Active,220983
SAWAED ALKHAIR,فندق سواعد الخير الفندقية,Makkah,10007467,1-Star,Active,219439
Hotel shabab Delma,فندق شباب دلما الفندقية,Makkah,10007465,1-Star,Active,220357
Mila Hotel 2,فندق ميلا اثنين الفندقية,Makkah,10007463,1-Star,Active,221092
HOTEL SHAAER ALHAYAT,فندق شعائر الحياة الفندقية,Makkah,10007459,1-Star,Active,300384
Cent Azizia Hotel,فندق سنت العزيزية الفندقية,Makkah,10006834,2-Star,Active,239443
Musalli for hotel Company,شركة مصلي الفندقية,Makkah,10006560,3-Star,Active,259316
Arkan Albeit jarwal Hotel Company,شركة فندق اركان البيت جرول الفندقية,Makkah,10006530,1-Star,Active,289636
Jabal Omar Address hotel,فندق جبل عمر العنوان الفندقية,Makkah,10006429,5-Star,Active,219541
swiss alkhalil hotel,فندق سويس الخليل الفندقية,Makkah,10006643,1-Star,Active,218781
Akhyar Al Mahbas Hotel Company,شركة أخيار المحبس الفندقية,Makkah,10006686,2-Star,Active,20532
rwad almnasek,شركة رواد المناسك لتشغيل الفنادق,Makkah,10006794,1-Star,Active,231934
The First Distinctive Hotel Company,شركة المميزة الاولى الفندقية,Makkah,10006638,1-Star,Active,213860
Remal alarab Hotel,فندق رمال العرب الفندقية,Makkah,10006909,1-Star,Active,287955
Wardat Al Wafa Hotel,فندق وردة الوفا الفندقية,Makkah,10007102,1-Star,Active,244329
ALTALAAYIE HOTEL COMPANY,شركة الطلائع الفندقية,Makkah,10007275,1-Star,Active,218019
Diwan Albait Hotel,فندق ديوان البيت الفندقية,Makkah,10007064,1-Star,Active,220698
Tala Alsharq co ltd,شركة طلع الشرق المحدودة,Makkah,10007025,2-Star,Active,291315
Alesayi Hospitalty ( Mercure Makkah Aziziyah),شركة فندق العيسائي للضيافة,Makkah,10007296,Unclassified/Other,Active,242954
Masa'er Al-Mashaer Hotel Establishment,مؤسسة ماسة المشاعر الفندقية,Makkah,10007107,1-Star,Active,243062
Arkan Bakkah Hotel,فندق اركان بكة الفندقية,Makkah,10007144,1-Star,Active,244317
Saud.q.almatrafi@gmail.com,فندق عبير قبلان المطرفي الفندقية,Makkah,10007103,1-Star,Active,241154
Top Leader Company,شركة متصدر المقام,Makkah,10007196,1-Star,Active,217979
Al-Bairaq Hotel,فندق البيرق الفندقية,Makkah,10007130,3-Star,Active,221986
Abeer Alfadilah Hotel,فندق عبير الفضيلة الفندقية,Makkah,10002354,1-Star,Active,223555
rehab al janadriyah hotel,فندق رحاب الجنادرية الفندقية,Makkah,10002231,Unclassified/Other,Active,289215
Al Mozn Al Motaliqah Hotel,فندق المزن المتألقة,Makkah,10005919,1-Star,Active,240168
Diyar AlMashaer Alhadiyah Hotel,فندق ديار المشاعر الهداية الفندقية,Makkah,10006697,1-Star,Active,237519
Masa Al Rayyan Hotel for Tourist Accommodatino,فندق ماسة الريان للايواء السياحي,Makkah,10006922,1-Star,Active,244299
BADER AL HADETH HOTEL,فندق بدر الحديث الفندقية,Makkah,10006708,1-Star,Active,239217
Moro company,شركة مورو العالمية للشقق والفنادق شركة شخص واحد,Makkah,10006632,2-Star,Active,218357
Manasek Al Noor Company for Building Management an,شركة مناسك النور لإدارة وتشغيل المباني ,Makkah,10006734,1-Star,Active,219190
Ehdaa Al Wissam Hotel,فندق اهداء الوسام الفندقية,Makkah,10006651,1-Star,Active,218445
Elaf Ajyad Hotel,فندق ايلاف اجياد فرع شركة ايلاف للفنادق,Makkah,10006726,1-Star,Active,237589
Snood Al Huda Hotel,فندق سنود الهدى الفندقية,Makkah,10006706,1-Star,Active,259135
Al Fajr Al Budaiya One Hotel,فندق الفجر البديع واحد للخدمات الفندقيه,Makkah,10006603,2-Star,Active,2060
SHAAB SULTANAH HOTEL,فندق شعب سلطانة الفندقية,Makkah,10006785,1-Star,Active,252047
Nada Ajyad Hotel,فندق ندى أجياد للضيافة السياحي,Makkah,10007094,1-Star,Active,219828
Jawharat Al Badi Hotel,فندق جوهرة البدائع الفندقية,Makkah,10007118,1-Star,Active,219499
Awtad Almotheda Hotel,فندق اوتاد المتحدة لتشغيل الفنادق,Makkah,10007021,1-Star,Active,218828
Sha'a Al Shaab One Hotel for Tourist Accommodation,فندق شعاع الشعب واحد للايواء السياحي,Makkah,10007085,1-Star,Active,220137
Wirgan Al Aziziyah Hotel for Hotel Services,فندق ورقان العزيزية للخدمات الفندقية,Makkah,10007172,4-Star,Active,244323
Karmak One Hotel Hotel,فندق كرمك واحد الفندقية,Makkah,10007149,1-Star,Active,213973
Salsabil Three Hotel,فندق سلسبيل ثلاثة الفندقية,Makkah,10007065,1-Star,Active,218344
BASAMA ALDIYAFAH HOTEIS COMPANY,شركة فندق بسمة الضيافة الفندقية,Makkah,10007180,1-Star,Active,218683
Al Manara Ewaa Hotel,فندق المنارة إيواء الفندقية,Makkah,10007249,2-Star,Active,47430
DARCOM LAND MARK,شركة المعالم للشقق المخدومة,Makkah,10006795,1-Star,Active,220110
Ajwaa Alhateem For hotels Services Company,شركة أجواء الحطيم الفندقية,Makkah,10006646,1-Star,Active,221919
EMAAR ALMANAR HOTEL,فندق اعمار المنار الفندقية,Makkah,10006860,Unclassified/Other,Active,232069
Diary Ahlam AlFawz Hotel Services Co,شركة دياري أحلام الفوز للخدمات الفندقيه,Makkah,10006668,Unclassified/Other,Active,239201
alziady hotel,فندق الزيادي اجياد,Makkah,10006812,1-Star,Active,224933
Nawazi Hotel Towers,فندق ابراج نوازي الفندقيه,Makkah,10006951,3-Star,Active,221976
Snood Ajyad Hotel Services,شركة سنود اجياد للخدمات الفندقيه شركة شخص واحد,Makkah,10006665,2-Star,Active,211548
Waseem Al Aziziyah Hotel,فندق وسيم العزيزية الفندقية,Makkah,10006682,1-Star,Active,218365
Nawara Shams Hotel,فندق نوارة شمس الفندقية,Makkah,10006720,1-Star,Active,218600
Sama Al Mashaer Hotel for Tourist Accommodation,فندق سما المشاعر للايواء السياحي,Makkah,10006707,1-Star,Active,220069
ZEWAR  MASHAER ALQASR HOTEL,فندق زوار المشاعر القصر الفندقية,Makkah,10007045,1-Star,Active,244595
Hayat Taiba Tourist Hostel,نزل حياة طيبه للنزل السياحيه,Makkah,10007104,Unclassified/Other,Active,271515
awtad almotheda hotel,فندق اوتاد المتحده للضيافة السياحي,Makkah,10007010,1-Star,Active,218857
HOTEL NARGIS ALHADIQA,فندق نرجس الحديقة,Makkah,10007206,1-Star,Active,68044
MEEZAB ALSABIQ 1 HOTEL,شركة ميزاب الفندقية شركة شخص واحد,Makkah,10007099,1-Star,Active,248527
Yamam First Hotel Company,شركة فندق يمام الاول الفندقية,Makkah,10007019,1-Star,Active,253962
elaf albait hotel,فندق ايلاف البيت للضيافة السياحي,Makkah,10007001,1-Star,Active,103214
Rabwat Al Safwah Hotel,فندق ربوة الصفوة,Makkah,10007100,1-Star,Active,271759
Swiss Grand Hotel,فندق سويس جراند الفندقية,Makkah,10007059,1-Star,Active,219932
ALTAQWA ALMASSI HOTEL,فندق التقوى الماسي الفندقية,Makkah,10007012,1-Star,Active,239363
Mashreq Kuadi Hotel,فندق مشرق كدي التجارية,Makkah,10007032,1-Star,Active,253984
Maqam Al Hijaz Tourism Hospitality Company,شركة مقام الحجاز للضيافة السياحي,Makkah,10005865,1-Star,Active,239400
Company HAYAT AL-DYAFA for serviced apartments,شركة حياة الضيافة للشقق المخدومة,Makkah,10002887,Code 27,Active,302635
Company MULTAQA ALAIMAN for hospitality tourism,شركة ملتقى الايمان للضيافة السياحي,Makkah,10006745,2-Star,Active,242801
laylat saba waeishrin Hotel,فندق ليلة سبع وعشرين الفندقية,Makkah,10006953,1-Star,Active,287815
MISK UMM ALQURA HOTEL,فندق مسك ام القري,Makkah,10006857,1-Star,Active,255021
Zahrat AlYasser Hotel,فندق زهرة الياسر الفندقية,Makkah,10006786,1-Star,Active,239495
Wahat Ajyad Travel and Tourism Co,شركة واحة أجياد للسفر و السياحة شخص واحد,Makkah,10006757,1-Star,Active,219817
Alhashmiah Tower Hotel,فندق برج الهاشمية للايواء السياحي,Makkah,10006702,1-Star,Active,221001
NUR HAYAT HOTEL,شركة نور حياة الفندقية شخص واحد,Makkah,10006808,1-Star,Active,211576
Nazeel El MAshaer,فندق نزيل المشاعر الفندقية,Makkah,10006896,1-Star,Active,223254
company saja alghazza hotel,شركة سجى الغزة الفندقية,Makkah,10006873,1-Star,Active,16970
AL RABEH BILLA HODOUD Co,شركة الرابح بلا حدود للخدمات الفندقيه,Makkah,10006884,3-Star,Active,211546
alfanadiq alfaransiat alraabieat alfunduqia,فندق منازل الفرقان الرابع الفندقية,Makkah,10009529,1-Star,Active,231940
Furqan Al-Sani Homes,فندق منازل الفرقان الثاني الفندقية,Makkah,10009528,1-Star,Active,228015
Nour AlMask Hotel Services Company,شركة نور المسك للخدمات الفندقية,Makkah,10009575,1-Star,Active,242933
NAJMA ASEEL Hotel,فندق نجمة أسيل الفندقية,Makkah,10009572,1-Star,Active,291181
Manazel Al Maqam Hotel Services Company,شركة منازل المقام للخدمات الفندقيه شخص واحد,Makkah,10009571,1-Star,Active,232374
Company Maysan Alaziziyz hotel,شركة ميسان العزيزية الفندقية شخص واحد,Makkah,10009624,1-Star,Active,220429
Hindibaa Hotel,فندق الهندباء للضيافة السياحي,Makkah,10009612,1-Star,Active,255118
MEEZAB ALMUQARBIN HOTEL,شركة ميزاب الفندقية شركة شخص واحد,Makkah,10009564,1-Star,Active,291177
express co for hajj and omrah,فرع شركة اكسبرس للحج والعمرة,Makkah,10009563,1-Star,Active,221983
Company EL MASSE ZAKHER To operate hotels,شركة الماسه ذاخر لتشغيل الفنادق شركة شخص واحد,Makkah,10009632,1-Star,Active,239315
Mahwa Alfuad Hotel Company,شركة مهوى الفؤاد الفندقية,Makkah,10009644,1-Star,Active,289535
Sheraton Makkah Jabal Al Kaaba Hotel,شركة شيراتون مكة شركة شخص واحد,Makkah,10009788,4-Star,Active,218579
Kudi Tower Hotel 2,شركة كدي تاور للخدمات الفندقيه,Makkah,10009782,1-Star,Active,223290
Kian Al Raya Tourism Hospitality Company,شركة كيان الرايه للضيافة السياحي,Makkah,10009537,1-Star,Active,221617
ALHEDYA HOTEL,فندق الهداية الكبرى الفندقية,Makkah,10009533,1-Star,Active,234972
Al Noor Place Hotel for Tourism and Hospitality,فندق مكان النور للضيافة السياحي,Makkah,10009532,1-Star,Active,239361
LULUAT almisk hotel,شركة لؤلؤة المسك الفندقية,Makkah,10009585,1-Star,Active,250234
Wafaq Al Mashaer Hotel Company for Tourism Hospita,شركة فندق وفاق المشاعر للضيافة السياحي,Makkah,10009584,1-Star,Active,239437
Arafat Gold Company,شركة عرفات الذهبية,Makkah,10009581,1-Star,Active,221221
Ladan Silver Hotel,شركة قطوف الضيافة للايواء السياحي,Makkah,10009579,1-Star,Active,230823
HOTEL NOZOL ALNASSIM,فندق نزل النسيم الفندقية,Makkah,10009578,1-Star,Active,291478
hotel al sanabel al dhahbia,فندق السنابل الذهبية اثنين للخدمات الفندقيه,Makkah,10009603,1-Star,Active,288535
Rowad Asfour Wahid Hotel,فندق رواد عصفور واحد الفندقية,Makkah,10009601,1-Star,Active,271758
ORVANA Zakher Hotel,شركة أورفانا,Makkah,10009598,1-Star,Active,234537
aldyafah alasryah,شركة الضيافة العصرية الفندقية,Makkah,10009609,1-Star,Active,241443
Jawaher Al Bait Hotel for  tourist Accommo,فندق جواهر البيت للايواء السياحي,Makkah,10009608,1-Star,Active,218372
Ayan Al-Maabda Hotel,فندق أعيان المعابدة,Makkah,10009607,1-Star,Active,242833
KAYAN ALAMJAD EST,مؤسسة كيان الامجاد,Makkah,10009482,Unclassified/Other,Active,293355
aanwar almnarat alzahbya hotel,فندق أنوار المنارات الذهبية الفندقية,Makkah,10009702,1-Star,Active,292275
ANWAR AL WADI HOTEL,فندق انوار الوادي الفندقية,Makkah,10009713,1-Star,Active,289697
Saad Palace Hotel Establishment,مؤسسة قصر سعاد الفندقية,Makkah,10009756,1-Star,Active,258857
safat hotel,فندق صافات للخدمات الفندقيه,Makkah,10009470,1-Star,Active,239440
Kauthar Hospitality Company for Hotel Services,شركة كوثر الضيافه للخدمات الفندقية شخص واحد,Makkah,10009631,1-Star,Active,248513
sawaeid alealamia co,شركة سواعد العالمية لتشغيل الفنادق,Makkah,10009524,1-Star,Active,230805
pride and joy,شركة برايد اند جوي العربية للمقاولات شركة شخص واحد,Makkah,10009523,1-Star,Active,293135
ALKHULAFAA ALFYSALIYAH HOTEL,فندق الخلفاء الفيصلية الفندقية,Makkah,10009463,1-Star,Active,240177
Akalil Tourism Hospitality Company,شركة أكاليل للضيافة السياحي,Makkah,10009456,1-Star,Active,287775
funduq rawdat alsharieat alfunduqia,فندق روضة الشريعة الفندقية,Makkah,10009461,1-Star,Active,217955
Saraya Al Mahbas Hotel,فندق سرايا المحبس الفندقية,Makkah,10009541,1-Star,Active,218611
Osoul Al Jawhara Hotel Company,شركة أصول الجوهره الفندقية,Makkah,10009595,1-Star,Active,289698
taj alirtifa Company,شركة تاج الارتفاع,Makkah,10009590,1-Star,Active,213856
SRUH ALMAQAM REAL ESTATE,شركة صروح المقام للتطوير والاستثمار العقاري,Makkah,10009587,Unclassified/Other,Active,239255
MANAR ALMINA HOTEL,فندق منارة المنى للايواء السياحي,Makkah,10009639,1-Star,Active,221118
Alaa Company Limited,شركة العلاء المحدودة,Makkah,10009282,1-Star,Active,293890
Hareth Mohammed Saleh Bahareth Hotel,فندق حارث محمد صالح باحارث الفندقية,Makkah,10009281,1-Star,Active,218793
PLUE PEARL HOTEL,فندق اللؤلؤة الزرقاء الفندقية,Makkah,10009279,1-Star,Active,239776
Alusol almasyah Tourism Hospitality comp,شركة الأصول الماسية للضيافة السياحي,Makkah,10009277,1-Star,Active,254538
Faisal Al Safwa Hotel,فندق فيصل الصفوة الفندقية,Makkah,10008815,1-Star,Active,288875
shba allmassi,شركة شبا الماسي الفندقية,Makkah,10009268,1-Star,Active,1845
Taaj Alzahabiyah Hotel,فندق تاج الذهبية الفندقية,Makkah,10009267,1-Star,Active,288716
ares hotels,شركة اريس المشاعر لتشغيل الفنادق,Makkah,10008895,1-Star,Active,221977
Jawaher Al Hashimiya Hotel for Tourist Accommodati,فندق جواهر الهاشمية للايواء السياحي,Makkah,10008889,1-Star,Active,239210
Alyaser Royal Hotel,فندق اليسر رويال الفندقية,Makkah,10008885,1-Star,Active,197446
diwan alnuzha services apartments,شقق ديوان النزهة للشقق المخدومة,Makkah,10008879,2-Star,Active,218458
Nada Al Hijra Hospitality Tourist Hotel,فندق ندى الهجرة للضيافة السياحي,Makkah,10008863,1-Star,Active,241408
ifah Company Limited,شركة إيفاه المحدودة,Makkah,10008704,1-Star,Active,250263
Orooq Al-Thahab Al Makkiah,فندق عروق الذهب المكية,Makkah,10008695,1-Star,Active,254921
Courtyard By Marriott Makkah,شركة كورت يارد باي ماريوت كدي الفندقية,Makkah,10008693,4-Star,Active,273
MANARAH ALEMAN HOTEL,فندق منارة الايمان للايواء السياحي,Makkah,10008679,1-Star,Active,220358
Aseel Al-Mask Hotel Company,شركة اصيل المسك الفندقية,Makkah,10008678,1-Star,Active,239211
seventh square hotel,فندق المربع السابع للايواء السياحي,Makkah,10008673,1-Star,Active,240188
Company AL-RUWABET AL-MUTAGAMLA for hospitality to,شركة الروابط المتكاملة للضيافة السياحي شخص واحد,Makkah,10008654,1-Star,Active,254515
MEEZAB JARWAL HOTEL,شركة ميزاب الفندقية شركة شخص واحد,Makkah,10008652,1-Star,Active,244315
MEEZAB ALBIBAN HOTEL,شركة ميزاب الفندقية شركة شخص واحد,Makkah,10008651,1-Star,Active,244355
luluuh alzarqa hotel,فندق لؤلؤه الزرقاء للايواء السياحي,Makkah,10008649,1-Star,Active,219853
funduq hadiqat alruwz alfunduqia,فندق حديقة الروز الفندقية,Makkah,10008862,1-Star,Active,241133
Rawaa Al Shamoukh Hotel Company for Tourism Hospit,شركة فندق روعة الشموخ للضيافة السياحي,Makkah,10009674,1-Star,Active,239209
Hotel DORRA ALJAWHARA for hospitality tourism,فندق درة الجوهرة للضيافة السياحي,Makkah,10009671,1-Star,Active,271817
company maysan alsafa hotel,شركة ميسان الصفا الفندقية شخص واحد,Makkah,10009670,1-Star,Active,219386
Nukhbah Hotel,فندق نخبة الجوار الفندقية شخص واحد,Makkah,10009680,1-Star,Active,217965
Zad Al Majd Hotel,فندق زاد المجد الفندقية,Makkah,10009730,1-Star,Active,241995
Lulua Mechaar Hospitality Tourism,شركة لؤلؤة المشاعر للايواء السياحي,Makkah,10009724,1-Star,Active,259455
zahert alforsan hotel,شركة زهرة الفرسان الفندقية,Makkah,10009722,1-Star,Active,223336
SHURAKAA AL KHAIR AJYAD HOTEL,فندق شركاء الخير اجياد للضيافة السياحي,Makkah,10009750,1-Star,Active,232406
maidan al bait,شركة ميدان البيت الفندقية شخص واحد,Makkah,10009770,1-Star,Active,221816
Karam Al Mashaer Hotel,فندق كرم المشاعر للخدمات الفندقيه,Makkah,10009765,1-Star,Active,294435
Cent AlKhair Hotel,فندق سنت الخير الفندقية,Makkah,10008630,1-Star,Active,241142
Atheer Al Mashaer Hotel for Distinctive Tourism Ho,فندق أثير المشاعر المتميزة للضيافة السياحي,Makkah,10008627,1-Star,Active,237450
nasamatalyaqin,فندق نسمات اليقين للايواء السياحي,Makkah,10008611,1-Star,Active,225236
MANAR ALTAWHID TWO,فندق منار التوحيد اثنين الفندقية,Makkah,10008598,1-Star,Active,218492
Hotal Kinan Alzizia,فندق كنان العزيزية للايواء السياحي,Makkah,10008597,1-Star,Active,254615
zwar albait hotel,فندق زوار البيت,Makkah,10008588,3-Star,Active,221990
company maysan aljanubiah hotel,شركة ميسان الجنوبية الفندقية شخص واحد,Makkah,10008584,1-Star,Active,220480
Durrat Asmaa Hotel,درة أسماء الفندقية,Makkah,10009712,1-Star,Active,255529
JAWHARET AL MAHABA HOTEL,فندق جوهرة المحبة الفندقية,Makkah,10009764,1-Star,Active,259356
Al Naseem Al Sahla Hotel for Hotel Services,فندق النسيم السهلة للخدمات الفندقيه,Makkah,10009759,1-Star,Active,244437
Al azhar Almasi Hotel,فندق الازهر الماسي الفندقية,Makkah,10009758,1-Star,Active,218578
Salah Tower Hotel,فندق برج صلاح,Makkah,10009757,1-Star,Active,259335
ATYAF alkhayr almasiya,شركة أطياف الخير الماسية,Makkah,10009708,1-Star,Active,221918
Hotel AALI AL-HAJJAZ Hotel,فندق أعالي الحجاز الفندقية,Makkah,10009692,1-Star,Active,221014
Anwar Al-Mask Hotel Services Company,شركة انوار المسك للخدمات الفندقية,Makkah,10009691,1-Star,Active,239335
Al Yasmine Pioneer Property Management Company is,شركة الياسمين الرائدة لادارة الأملاك شركة شخص واحد,Makkah,10009746,1-Star,Active,288675
"Rehab Al Maqam Hotel Services Company, one person",شركة رحاب المقام للخدمات الفندقيه شخص واحد,Makkah,10009744,1-Star,Active,237078
Rawabi Al Shorouk Hotel,فندق روابى الشروق الفندقية,Makkah,10009740,1-Star,Active,244597
alanwar almohammadyah,شركة رحاب البركة المحدودة,Makkah,10009088,1-Star,Active,254521
Mathaba Al Tayseer Hotel for Hotel Services,فندق مثابة التيسير للخدمات الفندقيه,Makkah,10009429,1-Star,Active,242823
sama alshaair hotels operation company,شركة سما الشعائر لتشغيل الفنادق,Makkah,10009424,1-Star,Active,239399
Mohammed Bin Faleh AlJabri Hotel Company,شركة محمد بن فالح الجابرى الفندقية,Makkah,10009423,1-Star,Active,250237
Hotel MSAKEN AL-HAJJAZ AL-DHAHBIA,فندق مساكن الحجاز الذهبية الفندقية,Makkah,10009419,1-Star,Active,254
JAEHART ALSHURUQ HOTEL,فندق جوهرة الشروق الفندقية,Makkah,10009410,1-Star,Active,274203
Silver Tulip Hotel,فندق التولب الفضي للخدمات الفندقية,Makkah,10009409,1-Star,Active,241157
Kyan Al Dana Hotel,فندق كيان الدانه الفندقية,Makkah,10009407,1-Star,Active,221003
Tara Company Hotel,شركة تارا,Makkah,10008955,1-Star,Active,105309
Al Hijaz Oasis Hotel for Hotel Services,فندق واحة الحجاز للخدمات الفندقيه,Makkah,10009403,1-Star,Active,254522
Almasah AlMashair Hotel Operation Company,شركة الماسة المشاعر لتشغيل الفنادق,Makkah,10009402,1-Star,Active,255135
"Adwaa Manazel Al-Karam Hotel Services Company, one",شركة أضواء منازل الكرام للخدمات الفندقيه شخص واحد,Makkah,10009399,1-Star,Active,271461
Aknan Al Safa Hotel Company,شركة اكنان الصفا الفندقية,Makkah,10009393,1-Star,Active,219583
afaaq almeouaya Hotel for Tourism Hospitality,فندق افاق المئوية للضيافة السياحي,Makkah,10009392,1-Star,Active,222055
Atheer Al-Mashaer Distinguished Company is a one-p,شركة أثير المشاعر المتميزة التجارية شركة شخص واحد,Makkah,10008950,1-Star,Active,246596
Jawharat Al-Hijrah Hotel,فندق جوهرة الهجرة الفندقية,Makkah,10009390,1-Star,Active,220260
Ayman Al-Hijrah Hotel,فندق أيمن الهجرة الفندقية,Makkah,10008910,1-Star,Active,219058
Anwar Al-Salah Company Limited,شركة انوار الصلاح المحدودة شخص واحد,Makkah,10009260,1-Star,Active,220159
MASAR ALMISK HOTEL,شركة واحة المسك للخدمات الفندقية,Makkah,10009259,1-Star,Active,222726
manazel altalaayie hotel,شركة منازل الطلائع للشقق المخدومة,Makkah,10009255,2-Star,Active,255056
MIRA AJYAD HOTEL,فندق ميره أجياد الفندقية,Makkah,10009254,1-Star,Active,218529
Rawad Asfour Hotel for Hotel Services,فندق رواد عصفور للخدمات الفندقيه,Makkah,10009027,1-Star,Active,271677
ELAF AL MAQAM HOTEL COMP,شركة ايلاف المقام الفندقية شركة شخص واحد,Makkah,10009245,2-Star,Active,241119
Nader Al-Mahabbah Hotel,فندق نادر المحبة الفندقية,Makkah,10009023,1-Star,Active,239397
HUSEIN GABORY,حسين احمد عمر قبورى,Makkah,10009239,1-Star,Active,255017
Wadi AlJaryan Hotel Company,شركة وادي الجريان الفندقية,Makkah,10009237,1-Star,Active,289635
Shada Aseel Hotel,فندق شدا اصيل الفندقية,Makkah,10009230,1-Star,Active,221012
Refaq Hotels Company,شركة رفاق الفندقية,Makkah,10008922,1-Star,Active,218348
Louloua Badiyat Hotel Company,شركة فندق لؤلؤة البدائع الفندقية,Makkah,10008914,1-Star,Active,288795
Manarat AlMask Hotel Company,شركة منارة المسك الفندقية,Makkah,10008913,1-Star,Active,240122
Company PRADAIS LAND AL-FANDAQUI AL-ALAMIYYA,شركة برادايس لاند الفندقية العالمية المحدودة,Makkah,10009388,1-Star,Active,240119
al rifaa al omrani company ltd,شركة فيفيان للخدمات الفندقية,Makkah,10009387,1-Star,Active,218425
sama almisk,شركة سما المسك الفندقية شركة شخص واحد,Makkah,10009381,1-Star,Active,222015
Nasmat Makkah Hotel,فندق نسمات مكة,Makkah,10008857,2-Star,Active,222058
TOHFAT ALRAWDA HOTEL,فندق تحفة الروضة الفندقية,Makkah,10008856,1-Star,Active,258858
Turkish Hotel Khaled Bin Hussein Al Sharif Hotel,فندق تركي خالد بن حسين الشريف الفندقية,Makkah,10008855,1-Star,Active,239475
Rawaa Al Saada Hotel for TourismHospitality,فندق رواء السعادة للضيافة السياحي,Makkah,10009372,1-Star,Active,254516
MIRA NAFAQ HOTEL,فندق ميرة النفق للضيافة السياحي,Makkah,10009370,1-Star,Active,218442
ARFALON HOTEL,فندق أرفلون المصافي للضيافة السياحي,Makkah,10008849,1-Star,Active,241189
Barakat Al-Hajla Hotel,فندق بركة الهجلة الفندقية,Makkah,10009360,1-Star,Active,219152
zuaar albirkih hotel,فندق زوار البركة,Makkah,10009355,1-Star,Active,239358
Al-Raghaeb Hotel Company,شركة الرغائب الفندقية,Makkah,10009346,1-Star,Active,271439
TARA ALZAHABI HOTEL,شركة تارا الذهبي,Makkah,10009335,1-Star,Active,217993
Al Fath Homes Hotel Group,مجموعة فندق منازل الفتح الفندقية,Makkah,10009330,1-Star,Active,230646
alresala alzhabi hotel,فندق الرسالة الذهبي الفندقية,Makkah,10008945,1-Star,Active,244334
WAHDAT ALRAYYAD ATHNIN for serviced apartments,شقق وحدات الرياض اثنين للشقق المخدومة,Makkah,10009070,Code 27,Active,294236
Pearl of the People Hotel,فندق لؤلؤة الشعب الفندقية,Makkah,10008942,1-Star,Active,254536
Ajyad Pearl Hotel for Tourist Accommodation,فندق لؤلؤة اجياد للايواء السياحي,Makkah,10008935,1-Star,Active,239236
Nassmat aljoury hotel,فندق نسمة الجوري,Makkah,10009063,1-Star,Active,241138
Zad Al Qimah Hotel,مؤسسة زاد القمه لإدارة مرافق الضيافة السياحية,Makkah,10009057,1-Star,Active,250238
Zad Al Rehab Hotel for Hotel Services,فندق زاد الرحاب للخدمات الفندقيه,Makkah,10008934,1-Star,Active,239457
Diyar Al Taqwa Hotel Operation Company,شركة ديار التقوى لتشغيل الفنادق  ذات مسئولية محدودة,Makkah,10009048,1-Star,Active,301775
Abdul Ahad Tuniaz Eid Saleh,عبدالاحد تونياز عيد صالح,Makkah,10009046,1-Star,Active,242811
AlAsala and AlRiyah Serviced Apartments,شركة الاصالة و الريادة للشقق المخدومة,Makkah,10009043,2-Star,Active,271615
"The wokf of Hassan bin Muhammad, Sheikh of Jamal",وقف حسن بن محمد شيخ جمل الليل,Makkah,10009037,1-Star,Active,239365
el Hadara Al Rawafed,فندق روافد الحضارة للضيافة السياحي,Makkah,10009036,1-Star,Active,218868
luluah aliman hotel,شركة فندق لؤلؤة الايمان الفندقية,Makkah,10008456,1-Star,Active,219603
modon alkhair company,شركة مدن الخير الفندقية شركة شخص واحد,Makkah,10009653,1-Star,Active,223283
Medyaf Alafaneen Hotel,فندق مضياف الافانين الفندقية,Makkah,10009651,1-Star,Active,271816
mohammadi makan,مؤسسة محمدي مكان الفندقية,Makkah,10009216,1-Star,Active,253965
garwal Hospitaility Hotel,فندق ضيافة جرول الفندقية,Makkah,10009208,1-Star,Active,244324
sharikat shams rizidinsiz almahduda,شركة شمس ريزيدنسز المحدودة,Makkah,10009207,1-Star,Active,257671
Altalayie hotel company,شركة الطلائع الفندقية,Makkah,10009204,1-Star,Active,235
GRAND ALSHAHBAA HOTELE,فندق جراند الشهباء الفندقية,Makkah,10009202,1-Star,Active,259457
Safwa Ajyad Hotel,فندق صفوة أجياد الفندقية,Makkah,10009019,1-Star,Active,219706
LALOUA ALANOUD HOTEL,فندق لؤلؤة العنود الفندقية,Makkah,10009197,1-Star,Active,220443
Mayar moyassar,فندق ميار ميسر الفندقية,Makkah,10009196,1-Star,Active,239398
"Atheer Al-Mashaer Al-Mumtaza Trading"" is a sole pr",شركة أثير المشاعر المتميزة التجارية شركة شخص واحد,Makkah,10009194,1-Star,Active,289696
Maysan Almultaqa Hotel,مجموعة ميسان الدولية,Makkah,10009193,1-Star,Active,230665
Company Maysan Almultazam Hotel,شركة ميسان الملتزم الفندقية شخص واحد,Makkah,10009192,1-Star,Active,219106
saqr hotel,فندق صقر الفندقية,Makkah,10009012,1-Star,Active,221985
Manasek Al-Bayt Hotel for Tourist Accommodation,فندق مناسك البيت للايواء السياحي,Makkah,10009008,1-Star,Active,239362
jawhrat thakher company,شركة جوهرة ذاخر الفندقية,Makkah,10009181,1-Star,Active,239366
MASHRAB RIWA,شركة مشرب رواء,Makkah,10009180,1-Star,Active,286611
Lima Al Taj Hotel,فندق ليمة التاج الفندقية,Makkah,10009179,1-Star,Active,254855
RAFDEN AJYAD HOTEL,فندق الرافدين اجياد الفندقية,Makkah,10009177,1-Star,Active,221057
Ghalib Tours Travel and Tourism Company,شركة غالب تورز للسفر و السياحة,Makkah,10009176,1-Star,Active,223523
RAWAEH AL-MISK WAHID Hotel,فندق روائح المسك واحد الفندقية,Makkah,10009173,1-Star,Active,230771
Lavi Park Hotel category,مؤسسة فندق لافي بارك الفندقية,Makkah,10009006,1-Star,Active,244398
Atheer Al Mashaer Hotel for Tourism Hospitality,فندق أثير المشاعر للضيافة السياحي,Makkah,10009171,1-Star,Active,250217
ruba alhijaz hotel,شركة ربا الحجاز الفندقية,Makkah,10009170,1-Star,Active,254597
Abdullah ali alaql,مؤسسة عبدالله علي عبدالرحمن العقل الفندقية,Makkah,10009168,1-Star,Active,289815
Zad Al Rahma Hotel,فندق زاد الرحمة الفندقية,Makkah,10009162,1-Star,Active,227678
Saif Plus Hotel,فندق سيف بلص الفندقية,Makkah,10009154,1-Star,Active,235543
ALHEDYA ALKUBRA HOTEL,فندق الهداية الكبرى الفندقية,Makkah,10009001,1-Star,Active,244296
Zahrat Al Khaimah Hotel,فندق زهرة الخيمة الفندقية,Makkah,10009151,1-Star,Active,220773
Company RAFAQ AL ALIYYA Hotel,شركة رفاق العالية الفندقية,Makkah,10008994,1-Star,Active,271660
Jada Ajiad Hotel,فندق جادة أجياد الفندقية,Makkah,10009145,1-Star,Active,213861
ALHEDYA ALKUBRA HOTEL,فندق الهداية الكبرى الفندقية,Makkah,10009144,1-Star,Active,243065
company maysan almaqam hotel,شركة ميسان المقام الفندقية شخص واحد,Makkah,10009142,3-Star,Active,219395
Awtaad United Company for Hotel Operation,شركة اوتاد المتحدة لتشغيل الفنادق,Makkah,10009141,1-Star,Active,253988
Safwat Almiead Hotel,فندق صفوة الميعاد للايواء السياحي,Makkah,10009138,1-Star,Active,254699
Nawara Al Shams Hotel,فندق نوارة شمس الفندقية,Makkah,10009134,1-Star,Active,218007
Abyat AlNassem Hotel,فندق أبيات النسيم الفندقية,Makkah,10009129,1-Star,Active,219368
Al Qimma  Atlas Hotel,فندق القمة أطلس,Makkah,10009123,1-Star,Active,259378
Gena al beat Hotel,فندق جنى البيت الفندقية,Makkah,10009119,1-Star,Active,219397
VIVIAN HOTEL,شركة فيفيان للخدمات الفندقية,Makkah,10008985,1-Star,Active,289395
Modern Sands Hotel Services Company,شركة الرمال الحديثة للخدمات الفندقيه,Makkah,10008983,1-Star,Active,244316
Zad Ajyad Hotel,مؤسسة زاد أجياد لتشغيل الفنادق,Makkah,10009114,1-Star,Active,248538
Jalal Distinguished Hotel Company,شركة جلال المتميزة الفندقية,Makkah,10009110,1-Star,Active,254517
awtad almasi hotel,شركة أوتاد الماسي للخدمات الفندقيه,Makkah,10009105,2-Star,Active,218768
NUR ALNASSEM Hotel,فندق نور النسيم الفندقية,Makkah,10009104,1-Star,Active,213862
ALWAHA ALMASYAH HOTEL,فندق الواحة الماسية للضيافة السياحي,Makkah,10009103,1-Star,Active,244395
Sadana Al Baraka Hotel,فندق سدانة البركة الفندقية,Makkah,10008976,Unclassified/Other,Active,239822
DURRAT ALAJABA HOTEL COMPANY,شركة درة الإجابة الفندقية شخص واحد,Makkah,10008965,1-Star,Active,230705
Tara Ajyad Hotel,فندق تارا اجياد,Makkah,10009092,1-Star,Active,218219
Emaar Al Khair Golden Hotel for Tourism Hospitalit,فندق اعمار الخير الذهبي للضيافة السياحي,Makkah,10009091,1-Star,Active,241162
Hotel NOUZHA ELMUSTAGIN Hotel,فندق نزهة المشتاقين الفندقية,Makkah,10009441,1-Star,Active,288336
jawharat albait hotel,فندق جوهرة البيت,Makkah,10008570,2-Star,Active,221917
Tharawat Al-andlusia,فندق ثروات الاندلسية للخدمات الفندقيه,Makkah,10008567,1-Star,Active,258915
Cordoba Aziziya Hotel,فندق قرطبة العزيزية الفندقية,Makkah,10008800,1-Star,Active,219844
RAMADA Zad AlTayseer,شركة رمادا زاد التيسير الفندقية,Makkah,10008550,3-Star,Active,246527
ridwan aldiyafah,شركة رضوان الضيافة للخدمات الفندقيه,Makkah,10008545,1-Star,Active,218980
Manazel Al Ezz Hotel,فندق منازل العز الفندقية,Makkah,10008784,1-Star,Active,103237
RAWAEH ALMISKATHNIN Hotel,فندق روائح المسك اثنين الفندقية,Makkah,10008783,1-Star,Active,260715
Arrangements Real Estate Establishment,مؤسسة ترتيبات للعقارات,Makkah,10008533,1-Star,Active,246544
On hotel migration company,شركة الهجرة واحد الفندقية,Makkah,10008769,1-Star,Active,271819
Shamoukh Al Massa Hotel One Person,فندق شموخ الماسة الفندقية شخص واحد,Makkah,10009327,1-Star,Active,246562
Al Raqi Al Mumayaz Hotel Company,شركة فندق الراقي المميز الفندقية,Makkah,10009326,1-Star,Active,220505
Hotel MWASSEM ALBLAD for hospitality tourism,فندق مواسم البلد للضيافة السياحي,Makkah,10009320,1-Star,Active,288436
SHUMUKH AL SHULA HOTEL,فندق شموخ الشعلة الفندقية,Makkah,10009805,1-Star,Active,241173
DIAFA AL MORWJ HOTEL,فندق ضيافة المروج الفندقية,Makkah,10009798,1-Star,Active,246619
Manazel Al Zaereen Hotel Establishment,مؤسسة فندق منازل الزائرين الفندقية,Makkah,10009797,1-Star,Active,225324
DURRAT Al MIQAT HOTEL FOR TOURISM HOSPITALITY,فندق درة الميقات للضيافة السياحي,Makkah,10009794,1-Star,Active,271777
company maysan alsafwah hotel,شركة ميسان الصفوة الفندقية شخص واحد,Makkah,10009792,1-Star,Active,219516
Mohammed Ali Adam Al Saai Hotel Waqf,فندق وقف محمد علي آدم الساعي الفندقية,Makkah,10009790,1-Star,Active,242787
luluat alnader hotel,فندق لؤلؤة النادر الفندقية,Makkah,10008760,1-Star,Active,258855
Safwat AlMashaer AlIbdaa Company Limited,شركة صفوة المشاعر الابداع المحدودة,Makkah,10008757,1-Star,Active,239316
MOHIT AL RAWDA HOTEL,شركة فندق محيط الروضة للخدمات الفندقيه شخص واحد,Makkah,10008749,1-Star,Active,221955
Zahrat Al Badia Hotel,فندق زهره الباديه الفندقية,Makkah,10008747,1-Star,Active,220074
Alzayer Almutamyez for Hotel Management,شركة الزائر المتميز لتشغيل الفنادق,Makkah,10008742,1-Star,Active,254109
Company SADEF ALKHAYR For Hotel Services,شركة صدف الخير للخدمات الفندقيه,Makkah,10008741,1-Star,Active,244695
Mazaya Hotel Company,شركة مزايا الفندقية,Makkah,10008730,1-Star,Active,221018
Durrat Al Ghaza Hotel for Tourist Accommodation,فندق درة الغزة للايواء السياحي,Makkah,10008728,1-Star,Active,242835
akaber almasar hotel,فندق اكابر المسار للايواء السياحي,Makkah,10008716,1-Star,Active,220317
RAWAEH AL-MISK THLATHA FANDAQIYA Hotel,فندق روائح المسك ثلاثة الفندقية,Makkah,10008708,1-Star,Active,241997
Abdul Qader Ahmed Naseer Endowment Foundation,مؤسسة وقف عبدالقادر احمد نصير الوقفية,Makkah,10009314,1-Star,Active,248526
Shaza Al Wisam Hotel,فندق شذي الوسام الفندقية,Makkah,10009313,1-Star,Active,230778
mohammed falh aljabri hotel co,شركة محمد بن فالح الجابرى الفندقية,Makkah,10009307,Unclassified/Other,Active,254518
Al-Khulafaa Al-Faisaliah Hotel,فندق الخلفاء الفيصلية الفندقية,Makkah,10009304,1-Star,Active,227910
MEEZAB ALBAHA HOTEL,شركة ميزاب الفندقية شركة شخص واحد,Makkah,10009299,1-Star,Active,271898
MEEZAB ALHUSN HOTEL,شركة ميزاب الفندقية شركة شخص واحد,Makkah,10009298,1-Star,Active,272440
Atheer AlMashaer AlMutamaizah Trading,شركة أثير المشاعر المتميزة التجارية شركة شخص واحد,Makkah,10009296,1-Star,Active,289639
Hotel MSAKEN AL-JOUD,فندق مساكن الجود الفندقية,Makkah,10009295,1-Star,Active,213715
MANARAH ALAZIZIAH ONE HOTEL,فندق منارة العزيزية للايواء السياحي,Makkah,10008828,1-Star,Active,221038
Al Farabi Towers Hotel,فندق ابراج الفارابي الفندقية,Makkah,10009289,1-Star,Active,244555
Naum&scoon Hotel,مؤسسة نوم و سكون الفندقية,Makkah,10009283,1-Star,Active,240173
Mansour Abdulaziz Saud Al Deghaither Hotel,فندق منصور عبدالعزيز سعود الدغيثر الفندقية,Makkah,10009993,1-Star,Active,291483
Rwaya Hotel Operation company,شركة روايه لتشغيل الفنادق ,Makkah,10010361,1-Star,Active,294269
Fajr Alnosok Company,شركة فجر النسك لتشغيل الفنادق,Makkah,10010253,1-Star,Active,220987
DIYAFAH OMAN HOTEL,فندق ضيافة عمان الفندقية,Makkah,10010259,1-Star,Active,255117
DIWANIAT EL HAJLAH HOTEL,فندق ديوانية الهجلة,Makkah,10010255,1-Star,Active,220705
ZAD ELMOSAFER CO,شركة زاد المسافر للسفر و السياحة شركةشخص واحد,Makkah,10009816,1-Star,Active,271935
Basma Alwehda Hotel,فندق بسمة الوحدة للايواء السياحي,Makkah,10010208,1-Star,Active,244475
Saif Plus Hotel,فندق سيف بلص الفندقية,Makkah,10010141,1-Star,Active,259115
REFADAH AL ZAHABYA Company for Commercial Services,شركة رفادة الذهبية للخدمات التجارية شخص واحد,Makkah,10010020,1-Star,Active,288155
rawafid aleasimat Hotel,مؤسسة فندق روافد العاصمة الفندقية,Makkah,10010475,1-Star,Active,244295
Al-Balad Two Hotel for Tourist Accommodation,فندق البلاد اثنين للايواء السياحي,Makkah,10009868,1-Star,Active,220321
Lulat Albayt Hotel,فندق لؤلؤة البيت للايواء السياحي,Makkah,10009867,1-Star,Active,220993
amal almashair,مؤسسة أمل المشاعر,Makkah,10009860,1-Star,Active,221238
Manarat Jarwal Hotel,شركة منارات جرول الفندقية شركة شخص واحد,Makkah,10009899,1-Star,Active,290141
wrd,مؤسسة ورد التنموية الفندقية,Makkah,10009896,1-Star,Active,254599
Gulf Booking Co,شركة حجوزات الخليج المحدودة,Makkah,10009895,1-Star,Active,237039
Burj Al Balad Wahed Hotel,فندق برج البلاد واحد للايواء السياحي,Makkah,10009907,1-Star,Active,218746
Makan almas Hotels Operation Company,شركة مكان الماس لتشغيل الفنادق,Makkah,10009906,1-Star,Active,220824
masar al ez hotel,فندق مسار العز الفندقية,Makkah,10010138,1-Star,Active,221936
sharikat ayrad almutaqadimatlilkhadamatalfunduqi,شركة ايراد المتقدمة للخدمات الفندقيه,Makkah,10010137,1-Star,Active,237721
Saraya Al Ezz Hotel Operation Company,شركة سرايا العز لتشغيل الفنادق,Makkah,10010153,1-Star,Active,288435
Saraya Al Ezz Hotel Operation Company,شركة سرايا العز لتشغيل الفنادق,Makkah,10010152,1-Star,Active,288335
RAFAT HASSAN TAWFIQ HASSHIM HOTEL FOR HOTEL SERVIC,فندق رافت حسن توفيق هاشم للخدمات الفندقيه,Makkah,10010148,1-Star,Active,290661
multazam albait,فندق ملتزم البيت الفندقية,Makkah,10010222,1-Star,Active,271457
Alesayi Hospitality LTD ( IBIS Styles Makkah ),شركة فندق العيسائي للضيافة,Makkah,10010219,Unclassified/Other,Active,239438
Arkan Al Mataf Foundation for Hotel Operations,مؤسسة أركان المطاف لتشغيل الفنادق,Makkah,10010216,1-Star,Active,254917
Hotel Number One Hotel,فندق رقم وان الفندقية,Makkah,10010230,1-Star,Active,234990
YASEER ALOULA Leasing A one person h,شركة يسير الأولى للتأجير شخص واحد قابضة,Makkah,10010224,1-Star,Active,244322
Al Yusr Silver Hotel,شركة اوتاد المتحدة لتشغيل الفنادق,Makkah,10010350,1-Star,Active,240855
Dar Al Shorouk Hotel,فندق دار الشروق الفندقية,Makkah,10009828,1-Star,Active,250206
ruyistunia inn,فندق رويستونيا إن الفندقية,Makkah,10009827,1-Star,Active,289337
WAHDAT AlRiyadh For serviced apartments,شقق وحدات الرياض للشقق المخدومة,Makkah,10009817,Code 27,Active,293977
Manasek Al-Bayt Hotel for Tourist Accommodation,فندق مناسك البيت للايواء السياحي,Makkah,10010132,1-Star,Active,224823
Alrimal Alhaditha Company,شركة الرمال الحديثة للخدمات الفندقيه,Makkah,10010131,1-Star,Active,259155
YAQOOTAT ALTALAAYIE HOTEL,شركة ياقوتة الطلائع الفندقية,Makkah,10010129,1-Star,Active,219657
Manazil Al Hour2 Hotel,مؤسسة فندق منازل الحور,Makkah,10010299,1-Star,Active,239357
Al Falah Pearl Hotel,فندق لؤلؤة الفلاح الفندقية,Makkah,10010298,1-Star,Active,230534
Ghalib Tours Travel and Tourism Company,شركة غالب تورز للسفر و السياحة,Makkah,10010317,1-Star,Active,221876
ares hotels,شركة اريس ششة لتشغيل الفنادق,Makkah,10010314,1-Star,Active,221937
MNARAT AL DIYAFAH HOTEL,وقف امداد الله بن حافظ محمد امين الهندي,Makkah,10010312,1-Star,Active,292585
Manazel Al Hijaz Hotel for Hotel Services,فندق منازل الحجاز للخدمات الفندقيه,Makkah,10009975,1-Star,Active,254696
company AlRayhan Travel,شركة الريحان العالمية للسفر و السياحة,Makkah,10009970,1-Star,Active,230851
Nour AlMashaer Hotel Services Company,شركة نور المشاعر للخدمات الفندقيه ,Makkah,10010376,1-Star,Active,221181
Janadriyah Palace Hotel,فندق قصر الجنادرية لصاحبه عمر سعيد بافيل,Makkah,10010014,1-Star,Active,259237
hotel bet AlEzwa hotel,فندق بيت العزوة الفندقية,Makkah,10009452,1-Star,Active,290315
Adel bin Eid bin Mohammed Al Zain Hotel,فندق عادل بن عيد بن محمد الزين الفندقية,Makkah,10009880,1-Star,Active,223276
Travelers Homes Hotel for Hotel Services,فندق منازل المسافرين للخدمات الفندقيه,Makkah,10009876,1-Star,Active,241222
Hotel ALMASSAR ALAZIZIA for hospitality tourism,فندق المسار العزيزية للضيافة السياحي,Makkah,10009873,1-Star,Active,244325
Dorat Altawheed Hotel for tourist accommodation,فندق درة التوحيد للايواء السياحي,Makkah,10009872,1-Star,Active,289495
Askant  Alsafwh Real Estate Services  company,شركة اسكنت الصفوة للخدمات العقارية,Makkah,10009919,1-Star,Active,244397
TARAYQ AL HAYAT Hotel,فندق طريق الحياة الفندقية,Makkah,10009917,1-Star,Active,299776
Elaf International Investment Company,شركة إيلاف للاستثمار الدولي,Makkah,10009915,1-Star,Active,218797
ZAHRAT AL LAVENDER HOTEL,فندق زهرة اللافندر ,Makkah,10001894,2-Star,Active,224797
Turkish Hotel Khaled Bin Hussein Al Sharif Hotel,فندق تركي خالد بن حسين الشريف الفندقية,Makkah,10010456,1-Star,Active,221675
Jawharat Al-Dhaif Hotel Establishment for Tourism,مؤسسة فندق جوهرة الضيف اثنين للضيافة السياحي,Makkah,10010397,1-Star,Active,223292
Kawthar Aldhiafah Company for Hotel Services,شركة كوثر الضيافه للخدمات الفندقيه ,Makkah,10010396,1-Star,Active,271776
Konooz AlAnoud Hotel,مؤسسة كنوز العنود الفندقية,Makkah,10009811,1-Star,Active,220283
MANAR ALBAYT HOTEL,شركة منار البيت الفندقية,Makkah,10009810,1-Star,Active,221083
Manarat Al-Muna Hotel for Tourist Accommodation,فندق منارة المنى للايواء السياحي,Makkah,10009809,1-Star,Active,240117
open hotel,اوبين الفندقية,Makkah,10009808,1-Star,Active,218984
ALJAWHARA HOTEL or tourist accommodation,مؤسسة فندق الجوهرة للايواء السياحي,Makkah,10010388,1-Star,Active,288655
Sadan AL Huda Hotel,شركة سدن الوطنية المحدودة,Makkah,10010510,1-Star,Active,221817
Luxus Al Azizia Hotel,مؤسسة فندق فاخر العزيزية الفندقية,Makkah,10010329,1-Star,Active,221104
Safwa Ajyad Hotel,فندق صفوة أجياد الفندقية,Makkah,10010169,1-Star,Active,220056
New level hotels,شركة نيو ليفيل للخدمات الفندقية,Makkah,10010166,1-Star,Active,250211
Diamond Pathways Operation and Maintenance Company,شركة المسارات الماسية للتشغيل والصيانة,Makkah,10010163,1-Star,Active,254600
JAWAHER ALHASHMIAH FOUR HOTEL,فندق جواهر الهاشمية للايواء السياحي,Makkah,10009987,1-Star,Active,221084
Loaloat Alsharq Alawsat Hotel,فندق لؤلؤة الشرق الأوسط الفندقية,Makkah,10009984,1-Star,Active,300715
Al-Wefaq International Contracting Company,شركة الوفاق الدولية للمقاولات,Makkah,10009980,1-Star,Active,244520
ALAWALEEN HAYAT HOTEL,مؤسسة فندق الأولين حياة الفندقية,Makkah,10010431,1-Star,Active,254101
LULUAT HATEM HOTEL,مؤسسة فندق لؤلؤة حاتم للايواء السياحي,Makkah,10010340,1-Star,Active,254535
aslalt al khaleg company,شركة اصالة الخليج الفندقية ,Makkah,10010338,1-Star,Active,221129
Snowd Hotel Company,شركة سنود الفندقية شركة مساهمة مقفلة,Makkah,10010462,1-Star,Active,221616
Mohammed Dakhil Allah Obaid Allah Al Arabi Hotel,فندق محمد دخيل الله عبيد الله العرابي الفندقية,Makkah,10010098,1-Star,Active,220456
rose almashaeir hotel,مؤسسة روز المشاعر الفندقية,Makkah,10010097,1-Star,Active,300535
Safwa Al Yaser Hotel,فندق صفوه الياسر الفندقية,Makkah,10010121,1-Star,Active,244517
Yaqeen Management Est for Hotel Operation,مؤسسة يقين للادارة لتشغيل الفنادق,Makkah,10010209,Unclassified/Other,Active,287777
luluat al'azhar Hotel,فندق لؤلؤة الازهر الفندقية,Makkah,10010215,1-Star,Active,220504
Najmat Nirsian Hotel,فندق نجمة نرسيان الفندقية,Makkah,10010213,1-Star,Active,288895
multazam aldyafah,شقق ملتزم الضيافة للشقق الفندقية,Makkah,10009985,2-Star,Active,271455
Novotel Residences Hotel,فندق نوفوتيل رزيدنسيس,Makkah,10008453,2-Star,Active,220474
Hotel SHOUAA NAZHA Hotel,فندق شعاع النزهة الفندقية,Makkah,10010189,1-Star,Active,271675
Shaza Al Wasam One Hotel Establishment for Hotel,مؤسسة فندق شذى الوسام واحد للخدمات الفندقيه,Makkah,10010492,2-Star,Active,232136
AFAD ALDYAFAH HOTEL,شركة آفاد الضيافة الفندقية,Makkah,10010485,1-Star,Active,289055
Aklil Al Diafa Hotel,شركة إكليل الضيافة لتشغيل الفنادق,Makkah,10010481,1-Star,Active,223541
Durrat AlJiwar Hotel One Person,فندق درة الجوار الفندقية شخص واحد,Makkah,10010091,1-Star,Active,289596
Company ALMARJAN For Hotel Services,شركة المرجان للخدمات الفندقية,Makkah,10010090,1-Star,Active,219642
Manazel Al Taqwa Hotel Company,شركة منازل التقوى الفندقية,Makkah,10010089,1-Star,Active,290318
Drrat AlSalheen for Serviced Apartments,شقق درة الصالحين للشقق المخدومة,Makkah,10010088,2-Star,Active,254797
rafahiat alsafwa Company,شركة رفاهية الصفوة,Makkah,10010085,1-Star,Active,230736
Al-Ruh Hotel Company,شركة الروح الحرة الفندقية,Makkah,10010083,1-Star,Active,221137
Nour Al Mashaer Hotel Services Company,شركة نور المشاعر للخدمات الفندقيه شركة شخص واحد,Makkah,10009960,1-Star,Active,218990
Nusuk al fadila hotel,شركة فندق نسك الفضيلة للخدمات الفندقيه,Makkah,10009959,1-Star,Active,244495
Dar Al-Mutakamila,شركة دار المتكاملة للضيافة السياحي,Makkah,10010233,1-Star,Active,255055
Alwehda Hotel,فندق الوحدة للايواء السياحي,Makkah,10010273,1-Star,Active,220758
Arabian Gulf Star Hotel,فندق نجمة الخليج العربي,Makkah,10010274,1-Star,Active,220805
alshihab alraij,شركة الشهاب الرائج,Makkah,10010272,1-Star,Active,293501
Mohammed Saleh Al-Rashidi,محمد صالح الرشيدى,Makkah,10010271,1-Star,Active,241160
Mohammed Abdullah Saleh Al-Ghammas Hotel Foundatio,مؤسسة فندق محمد عبدالله صالح الغماس,Makkah,10010408,1-Star,Active,221535
AlAsala AlBakkiya Tourism Hospitality Company,شركة فندق الأصالة البكية للضيافة السياحي,Makkah,10010446,1-Star,Active,259255
Hotel shbab delma2 hotel,فندق شباب دلما اثنان الفندقية,Makkah,10010122,1-Star,Active,220171
Future Buildings Hotel Company,شركة فندق مباني المستقبل,Makkah,10010439,1-Star,Active,244675
Hotel alrehab alzahabeyah,مؤسسة فندق الرحاب الذهبية الفندقية,Makkah,10010435,1-Star,Active,221595
MEEZAB ALKHAIR HOTEL,شركة ميزاب الفندقية شركة شخص واحد,Makkah,10010182,1-Star,Active,255534
Lulua Mechaar Hospitality Tourism,شركة لؤلؤة المشاعر للايواء السياحي,Makkah,10010181,1-Star,Active,260411
SARAYA ABEER FOR HOTEL SERVICES,مؤسسة سرايا عبير للخدمات الفندقية,Makkah,10010180,1-Star,Active,224818
Mahwa Alfuad Hotel Company,شركة مهوى الفؤاد الفندقية,Makkah,10010177,1-Star,Active,222740
DURRAT ALNAMARIQ HOTEL COMPANY,شركة درة النمارق الفندقية,Makkah,10010176,1-Star,Active,223565
Jawharat Hawazen For Serviced Apartments,مؤسسة جوهرة هوازن للشقق المخدومة,Makkah,10010173,2-Star,Active,288615
Yaqeen Management Est for Hotel Operation,مؤسسة يقين للادارة لتشغيل الفنادق,Makkah,10010172,1-Star,Active,275366
Balurat Al-Durra Hotel Services Company,شركة بلورة الدرة للخدمات الفندقيه,Makkah,10010527,1-Star,Active,239436
Awtad United Hotel Operation Company,شركة اوتاد المتحدة لتشغيل الفنادق,Makkah,10009921,1-Star,Active,221984
Safaa Al Diyar Tourism Hospitality Company,شركة صفاء الديار للضيافة السياحي,Makkah,10009926,1-Star,Active,219910
Reefaf alhayat hotel,فندق رفاف الحياة الفندقية,Makkah,10009925,1-Star,Active,218649
Company MWASSEM ALAZEZIA For Hotel Services,شركة مواسم العزيزية للخدمات الفندقيه شخص واحد,Makkah,10009924,1-Star,Active,259319
Nibras Alhuda for travel and tourism,شركة نبراس الهدي للسفر و السياحة,Makkah,10010031,1-Star,Active,240422
funduq qiamalbarkah,فندق قيم البركة للايواء السياحي,Makkah,10010027,1-Star,Active,220639
BURHAN ALDIYAFA HOTEL,شركة برهان الضيافة للايواء السياحي,Makkah,10010470,1-Star,Active,254755
wedam six hotel company,شركة فندق ودام ستة الفندقية,Makkah,10010469,1-Star,Active,255524
wakf tayeb,وقف محمد و أبو بكر و محمد الصادق ابناء تاج طيب,Makkah,10010074,1-Star,Active,302055
pride and joy,شركة رقى المشاعر للشقق الفندقية شخص واحد,Makkah,10010073,1-Star,Active,231472
Ruya Al Bilad Hotel for Tourist Accommodation,فندق رؤيا البلاد للايواء السياحي,Makkah,10010080,1-Star,Active,225291
MEEZAB ALMANSHIA HOTEL,شركة ميزاب الفندقية شركة شخص واحد,Makkah,10010068,1-Star,Active,254519
Al Khalil Avenue Hotel,فندق جادة الخليل الفندقية,Makkah,10010064,1-Star,Active,219877
mohammed falh aljabri hotel co,شركة محمد بن فالح الجابرى الفندقية,Makkah,10010061,1-Star,Active,254598
Kian Al-Ajaba Hotel for Tourism Hospitality,فندق كيان الاجابة للضيافة السياحي,Makkah,10010078,1-Star,Active,239204
ARGWAN AL SAFWA,شركة أرجوان الصفوة الفندقية,Makkah,10010145,1-Star,Active,220973
Makan Al Tamyeez Hotel Company for Tourism Hospita,شركة فندق مكان التميز للضيافة السياحي شخص واحد,Makkah,10010193,1-Star,Active,230511
maqam al nokhba hotel,فندق مقام النخبة للايواء السياحي,Makkah,10010195,1-Star,Active,232413
Crown Three Hotel Establishment,مؤسسة التاج ثلاثة الفندقية,Makkah,10010156,Unclassified/Other,Active,242791
Zad al Khaimah Hotel,فندق زاد الخيمة الفندقية,Makkah,10010159,1-Star,Active,227658
al'aradi altayibih Hotel for Tourist Accommodation,فندق الأراضي الطيبه للايواء السياحي,Makkah,10010251,1-Star,Active,220768
Qased Al Khair Hotel for Tourist Accommodation,مؤسسة فندق قاصد الخير للايواء السياحي,Makkah,10010357,1-Star,Active,259317
Dream Zone Hotel Operation Company,شركة دريم زون لتشغيل الفنادق,Makkah,10010356,1-Star,Active,221176
EMAAR ALJWHARA HOTEL,فندق اعمار الجوهرة,Makkah,10010200,1-Star,Active,239318
Salsabil Hamouda Hotel,فندق سلسبيل حموده الفندقية,Makkah,10010205,1-Star,Active,222056
DIYAFAH MISFALAH HOTEL,فندق ضيافة مسفلة الفندقية,Makkah,10010203,1-Star,Active,255564
aram hotel,فندق آرام النسيم الفندقية,Makkah,10010201,1-Star,Active,271438
Medhal Hotel Operating Company,شركة مدهال لتشغيل الفنادق,Makkah,10009943,1-Star,Active,219077
Kudi Tower Hotel Services Company,شركة كدي تاور للخدمات الفندقيه,Makkah,10009941,1-Star,Active,221916
afaq,شقق افاق المسافر للشقق المفروشة,Makkah,10009936,2-Star,Active,269139
MOUASSEM AL KHAYER international co,شركة مواسم الخير الدولية للتجارة,Makkah,10010120,1-Star,Active,244515
Dar Al-Mutakamila,شركة دار المتكاملة للضيافة السياحي,Makkah,10010119,1-Star,Active,257674
Dar Al-Mutakamila,شركة دار المتكاملة للضيافة السياحي,Makkah,10010118,1-Star,Active,254919
SUOOD AL QMMAM HOTEL Operation Company,شركة صعود القمم لتشغيل الفنادق شخص واحد,Makkah,10010114,1-Star,Active,296117
Manarat Al Bait Hotel for Tourist Accommodation,فندق منارة البيت للايواء السياحي,Makkah,10010108,1-Star,Active,246617
Hotel JAWHARA ELHODHOD for hospitality tourism,فندق جوهرة الهدهد للضيافة السياحي,Makkah,10010107,Unclassified/Other,Active,287776
Najmat Al Aziziyah Hotel for tourist accommodation,فندق نجمة العزيزية للايواء السياحي,Makkah,10010104,1-Star,Active,290196
ZWAR ALTALAAYIE HOTEL,شركة زوار الطلائع للضيافة السياحي,Makkah,10010100,1-Star,Active,219684
Royal Majestic Hotel Company,شركة فندق رويال ماجستك,Makkah,10010286,3-Star,Active,220997
buyutat altamayuz hotel,شركة بيوتات التميز للخدمات الفندقيه,Makkah,10010037,1-Star,Active,244575
Al-Risalah Hotel Company,شركة فندق الرسالة الفندقية,Makkah,10010051,1-Star,Active,221224
sanabel alazhar hotel,فندق سنابل الازهر الفندقية,Makkah,10010243,1-Star,Active,220565
WAHAT ALTALAAYIE,شركة واحة الطلائع الفندقية,Makkah,10010236,1-Star,Active,221025
Israa Golden Star Hotel Services Company,شركة نجمة اسراء الذهبي للخدمات الفندقيه,Makkah,10009885,1-Star,Active,221107
Company PRADAIS LAND AL-FANDAQUI AL-ALAMIYYA,شركة برادايس لاند الفندقية العالمية المحدودة,Makkah,10010326,1-Star,Active,241192
Al Taj Silver Hotel,مؤسسة فندق التاج الفضي الفندقية,Makkah,10010322,1-Star,Active,263541
Company Pradais Ness Hotel,شركة برادايس نيس الفندقية,Makkah,10010319,1-Star,Active,239456
Al-Azizia Lighthouse Hotel for Tourist Accommodati,فندق منارة العزيزية للايواء السياحي,Makkah,10009853,1-Star,Active,241150
Askant  Alsafwh Real Estate Services  company,شركة اسكنت الصفوة للخدمات العقارية,Makkah,10009852,Unclassified/Other,Active,221243
Durrat Rahaf Endowment Foundation,مؤسسة درة رهف الوقفية,Makkah,10009849,1-Star,Active,256395
"Asalah Al-Maqam Hotel Services Company, one person",شركة أصالة المقام للخدمات الفندقيه شخص واحد,Makkah,10009847,1-Star,Active,239198
Rabwa Al Safwa Hotel 1,فندق ربوة الصفوه لصاحبها يوسف زبن الله العطير,Makkah,10009843,1-Star,Active,287695
Company DHAT AL-THUQA To manage tourist hospitalit,شركة ذات الثقة لإدارة مرافق الضيافة السياحية شخص واحد,Makkah,10009842,1-Star,Active,230708
"Golden Ways Hotel Company, one person",شركة سبل الذهبية الفندقية شخص واحد,Makkah,10010060,2-Star,Active,255175
Ajm Mina Hotel,فندق أجم منى للضيافة السياحي,Makkah,10010059,1-Star,Active,255556
muasasat nazal nida' tiibat almasi lilnazal alsiya,مؤسسة نزل نداء طيبة الماسي للنزل السياحيه,Madinah,10010589,Unclassified/Other,Active,239359
MAYSAN INTERNATIONAL GROUP,مجموعة ميسان الدولية,Makkah,10010588,1-Star,Active,241151
Maysan Alzomurd Hotel,شركة ميسان الزمرد الفندقية,Makkah,10010842,1-Star,Active,271658
nuzul alrakha Establishment,مؤسسة نزل الرخاء,Makkah,10011811,Unclassified/Other,Active,293888
ashum alshamal Company Commercial,شركة أسهم الشمال التجارية,Makkah,10011867,Unclassified/Other,Active,293517
Establishment For Hotel Services,مؤسسة تميز الصفوة للخدمات الفندقيه,Makkah,10011866,Unclassified/Other,Active,293516
Tashkeela mutanawwia Establishment,مؤسسة تشكيلة متنوعة,Makkah,10012724,Unclassified/Other,Active,300391
alBuhayrat aDawliyah For General Contracting,مؤسسة البحيرات الدولية للمقاولات العامة,Makkah,10012723,Unclassified/Other,Active,300395
Rafia Badi Faleh AlJahmi,مؤسسة رفيعه بديع فالح الجهمي للصيانة والنظافة,Makkah,10012809,Unclassified/Other,Active,300434
Establishment ayman ghazi siraj rawas,مؤسسة ايمن غازي رواس لخدمات الاعاشة,Makkah,10012808,Unclassified/Other,Active,300389
Riyad Othman bin Ibrahim AlDandan Establishment Fo,مؤسسة رياض عثمان بن ابراهيم الدندن للتشغيل والصيانة,Makkah,10012807,Unclassified/Other,Active,300499
Hamad Abdulqadir Qadir charitable trust Endowment,وقف حامد عبدالقادر قدير الوقفية,Makkah,10012806,Unclassified/Other,Active,300483
Aisha bint Ahmed Mohammed Ramadan Al-Marzouki and,نزل عائشة بنت أحمد محمد رمضان المرزوقي ووالدتها محبوبة بنت محمد علي هنيدي,Makkah,10012805,Unclassified/Other,Active,300557
ALKARAR ALDAHABI TOURIST HOSTEL,نزل الكرار الذهبي للنزل السياحي,Madinah,10010966,Unclassified/Other,Active,288056
ALANDALUS ALMADINAH HOTEL,شركة الاندلس لصيانة وادارة وتشغيل الفنادق والقصور السكنيه,Madinah,10010964,1-Star,Active,288035
Shams Al Madinah Hotel Co,شركة شمس المدينة المحدودة,Madinah,10011211,1-Star,Active,290355
zewar mashaer company ltd,شركة زوار المشاعر المحدودة,Makkah,10011210,Unclassified/Other,Active,291321
Badr AlHadith Hotel Hotel Establishment,مؤسسة فندق بدر الحديث الفندقية,Makkah,10011216,Unclassified/Other,Active,290615
Manaber Almahabbah Hotel Hotel,فندق منابر المحبة الفندقية,Makkah,10011215,1-Star,Active,290978
SALEM GHAZI ABU TAKI Establishment,مؤسسة سالم بن غازي ابوتاكي,Makkah,10011213,Unclassified/Other,Active,291455
Durat AlMashair Company Real Estate,شركة درة المشاعر العقارية,Makkah,10011208,Unclassified/Other,Active,291195
Karam Al Saada Hotel Hotel,فندق كرم السعادة الفندقية,Madinah,10011207,1-Star,Active,290115
Samam Hotel for Hotel services,فندق سمام للخدمات الفندقية,Makkah,10011206,1-Star,Active,290975
Al deafah International Group,مجموعة الضيافة العالمية للإدارة والاستثمار شركة شخص واحد ذات مسؤلية محدودة,Makkah,10011502,Unclassified/Other,Active,293506
Abdulrahman Nasser bin Alghafis Establishment For,مؤسسة عبدالرحمن ناصر بن علي الغفيص للمقاولات المعمارية العامة,Makkah,10011501,Unclassified/Other,Active,292055
atzan altasheelat Company Real Estate,شركة اتزان التسهيلات العقارية,Makkah,10012373,Unclassified/Other,Active,299277
Doha tayiba Establishment For General Contracting,مؤسسة دوحة طيبة للمقاولات العامة,Makkah,10012372,Unclassified/Other,Active,298715
Noura Mohammed Saleh Hamid Aloufi Apartments,شقق نوره محمد صالح حامد العوفي للشقق المخدومة,Makkah,10012371,Unclassified/Other,Active,299195
Noura Mohammed Saleh,شقق نوره محمد صالح حامد العوفي للشقق المخدومة,Makkah,10012370,Unclassified/Other,Active,299255
alrawabit almutakamilah Company Ltd. shakhs wahid,شركة الروابط المتكاملة المحدودة شخص واحد,Makkah,10012369,Unclassified/Other,Active,298615
ADEL ABDULLAH ALNASSER,شقق عادل بن عبدالله الناصر للوحدات السكنية,Makkah,10012368,Unclassified/Other,Active,299155
Diwan alWaad Hotel Hotel,فندق ديوان الوعد الفندقية,Makkah,10012367,Unclassified/Other,Active,299119
abraj jawharat alzahra Establishment,مؤسسة ابراج جوهرة الزهراء,Makkah,10011810,Unclassified/Other,Active,293155
alsiyuf alhijaziyah Company Ltd.,شركة السيوف الحجازية المحدودة,Makkah,10012748,Unclassified/Other,Active,300400
alkhaymah Company To operate hotels,شركة الخيمة لتشغيل الفنادق,Makkah,10012747,Unclassified/Other,Active,300417
Diyar Al Taqwa  Company,شركة ديار التقوى لتشغيل الفنادق  ذات مسئولية محدودة,Makkah,10012746,Unclassified/Other,Active,300381
Diyar Al Taqwa  Company,شركة ديار التقوى لتشغيل الفنادق  ذات مسئولية محدودة,Makkah,10012745,Unclassified/Other,Active,300408
Diyar Al Taqwa Company,شركة ديار التقوى لتشغيل الفنادق  ذات مسئولية محدودة,Makkah,10012744,Unclassified/Other,Active,300385
LULUWAH ALI ALYAMI Establishment Commercial,مؤسسة لولوة علي اليامي التجارية,Makkah,10012743,Unclassified/Other,Active,300496
as kam Establishment Commercial,مؤسسة أس كام التجارية,Makkah,10012742,Unclassified/Other,Active,300422
AlIshraq Company Ltd.,شركة الإشراق المحدودة,Makkah,10012741,Unclassified/Other,Active,300393
Ihsan AlDiyafa Company Ltd.,شركة احسان الضيافة المحدودة,Makkah,10012740,Unclassified/Other,Active,300419
HAMAD ABDULRAHMAN H ALMIHYANI Est Commercial,مؤسسة حمد عبدالرحمن بن حمد المحياني التجارية,Makkah,10012804,Unclassified/Other,Active,300388
Najd Alshamukh Commercial Company,شركة نجد الشموخ التجارية ,Makkah,10012803,Unclassified/Other,Active,300410
Anwar Almarjan Company Ltd.,شركة أنوار المرجان المحدودة,Makkah,10012802,Unclassified/Other,Active,300372
ABDULLAH MOHAMMED ALQAHTANI Company,شركة عبدالله محمد القحطاني,Makkah,10012801,Unclassified/Other,Active,300379
tharawat almashair Company For Tourism,شركة ثروات المشاعر للسياحة,Makkah,10012800,Unclassified/Other,Active,300382
abyat alaqiq Establishment,مؤسسة ابيات العقيق,Makkah,10012799,Unclassified/Other,Active,300482
Sama Company Agricultural,شركة سمت الزراعية,Makkah,10012797,Unclassified/Other,Active,300420
Company MESARAT UNITED AL DAWLIYA Ltd,شركة مسارات المملكة الدولية المحدودة,Makkah,10012796,Unclassified/Other,Active,300536
SAAD SAEED ALHARBI Establishment,مؤسسة سعد بن سعيد الحربي,Makkah,10012795,Unclassified/Other,Active,301218
JWAHIR IBRAHIM MSOUDI Establishment,مؤسسة جواهر ابراهيم مسعودي,Makkah,10012794,Unclassified/Other,Active,301536
Jawhrat Almanask Hotel For Tourist Hospitality,فندق جوهرة المناسك للضيافة السياحي,Makkah,10010973,1-Star,Active,289035
FAWZAN BIN YAHYA BADRA Establishment,مؤسسة فوزان بن يحى بدرى,Makkah,10011478,Unclassified/Other,Active,292056
Abeer Almasa To operate hotels Establishment,مؤسسة عبير الماسة لتشغيل الفنادق,Makkah,10011483,1-Star,Active,291956
SAMI MUNSSOR HAMDI Establishment,مؤسسة سامي بن منصور حمدي,Makkah,10011482,Unclassified/Other,Active,291479
Shumukh Alshalah Hotel Hotel,فندق شموخ الشعلة الفندقية,Makkah,10011481,1-Star,Active,291481
Turan hotel al mumayaz,فندق توران المميز الفندقية,Makkah,10011480,2-Star,Active,293898
albidaya alula Est For Real Estate Services,مؤسسة البداية الاولى للخدمات العقارية,Makkah,10011479,Unclassified/Other,Active,291475
BADER ABDULMOHSEN ALBEDAIWI Company,شركة بدر عبدالمحسن البديوي,Makkah,10011477,Unclassified/Other,Active,293837
alardh aldhahabiya Company Real Estate,شركة الارض الذهبية العقارية,Makkah,10011476,Unclassified/Other,Active,294260
alardh aldhahabiya Company Real Estate,شركة الارض الذهبية العقارية,Makkah,10011475,Unclassified/Other,Active,294295
alshihab alraij Company,شركة الشهاب الرائج,Makkah,10012366,Unclassified/Other,Active,299095
Qatrat alNada Apartments For Serviced Apartments,شقق قطرات الندى للشقق المخدومة,Makkah,10012365,Unclassified/Other,Active,298815
Rawad alhijaz aldhahabi Office For Public Services,مكتب رواد الحجاز الذهبي للخدمات العامة,Makkah,10012364,Unclassified/Other,Active,298935
Abdul Sattar bin Shams Al-Din Munshi Shogdar Hoste,نزل عبدالستار بن شمس  الدين منشى شقدار للنزل السياحيه,Makkah,10012363,Unclassified/Other,Active,299116
IBRAHIM KHALIL M ALHAZMI Establishment,مؤسسة ابراهيم بن خليل بن محمد الحازمي,Makkah,10012362,Unclassified/Other,Active,300409
taim in Company Ltd. sharikat shakhs wahid,شركة تايم إن المحدودة شركة شخص واحد,Makkah,10012361,Unclassified/Other,Active,298575
RAYAN RAJEH ALKABKABI Hostel For Tourist,نزل ريان راجح الكبكبي للايواء السياحي,Makkah,10012360,Unclassified/Other,Active,298675
durat almasah aldhahabiyah Apartments,شقق درة الماسه الذهبية للشقق المخدومة,Makkah,10012359,Unclassified/Other,Active,298755
awtar alfn Company To operate hotels,شركة أوتار الفن لتشغيل الفنادق,Makkah,10012357,Unclassified/Other,Active,299235
MEYSSAN ALFeddi Hotel Company,شركة ميسان الفضي الفندقية,Makkah,10010746,1-Star,Active,256546
Hum Hasanin Company,شركة هوم حسنين,Makkah,10011250,1-Star,Active,291395
dar almashair alawla Company Ltd.,شركة دار المشاعر الأولى المحدودة,Makkah,10011246,Unclassified/Other,Active,291015
Emaar Rsoukh Hotel,شركة إعمار رسوخ الفندقية,Madinah,10011245,1-Star,Active,291319
alsiyuf alhijaziyah Company Ltd.,شركة السيوف الحجازية المحدودة,Makkah,10012739,Unclassified/Other,Active,300373
Sani alAlaab Establishment For Trading,مؤسسة صانع الالعاب للتجارة,Makkah,10012738,Unclassified/Other,Active,300855
rawaid alsama Company Ltd.,شركة روائد السماء المحدودة,Makkah,10012737,Unclassified/Other,Active,300575
Afwaj alBayt Establishment For Umrah Services,مؤسسة افواج البيت لخدمات المعتمرين,Makkah,10012736,Unclassified/Other,Active,300406
funduq rihaniyat alhuda Company Holding,شركة فندق ريحانية الهدى القابضة,Makkah,10012735,Unclassified/Other,Active,300394
Establishment For Hotel Services,مؤسسة تميز الصفوة للخدمات الفندقيه,Makkah,10012734,Unclassified/Other,Active,300392
Almustahdith  Company,شركة المستحدث للمقاولات شركة ذات المسؤولية المحدودة من,Makkah,10012793,Unclassified/Other,Active,300429
masar almiawiya Establishment Commercial,مؤسسة مسار المئوية التجارية,Makkah,10012792,Unclassified/Other,Active,300405
suliman alolayan hotel,فندق سليمان بن موسى العليان الفندقية,Makkah,10012791,1-Star,Active,300431
ABDULMALIK TAHA A ALSHAIBI Establishment,مؤسسة عبدالملك طه عبدالله الشيبي,Makkah,10012790,Unclassified/Other,Active,300481
almasat almashair Company To operate hotels,شركة الماسة المشاعر لتشغيل الفنادق,Makkah,10012789,Unclassified/Other,Active,300485
maryam riyzurt aw bi si Company Ltd.,شركة مريم ريزورت او بي سي المحدودة,Makkah,10012788,Unclassified/Other,Active,300900
ali bin sarhan bin shaban alhalwani Establishment,مؤسسة علي بن سرحان بن شعبان الحلواني,Makkah,10012787,Unclassified/Other,Active,300856
Muhammad Mustafa Ghannam Endowment,وقف محمد مصطفى غنام الوقفية,Makkah,10012786,Unclassified/Other,Active,301375
Sama Maysan General Contracting Establishment,مؤسسة سما ميسان للمقاولات العامة,Makkah,10012785,Unclassified/Other,Active,300424
HUSSAIN ZIAD MILYANI Hostel For tourist lodges,نزل حسين زياد ملياني للنزل السياحيه,Makkah,10012784,Unclassified/Other,Active,300677
Royal Almadinah Hotel,فندق رويال المدينة,Madinah,10002351,1-Star,Active,267647
AQIQ HOTEL,شركة التطوير الحضري للاعمال شركة شخص واحد,Makkah,10010821,1-Star,Active,271595
JUD Al-Marjan Hotel,شركة جود المرجان لتشغيل الفنادق,Madinah,10010817,1-Star,Active,271477
AlMutakif Company,شركة المعتكف للتطوير والاستثمار العقاري,Makkah,10010812,1-Star,Active,287616
Hotel Number One Hotel,فندق رقم وان الفندقية,Makkah,10010811,1-Star,Active,269055
Al Majd Al alfidiy Hotel,فندق المجد الفضي الفندقية,Madinah,10010810,1-Star,Active,266465
ORVANA Company,شركة أورفانا,Makkah,10011099,1-Star,Active,289515
Najma Israa Al-Dhahabi Hotel Services Company,شركة نجمة اسراء الذهبي للخدمات الفندقية,Makkah,10011474,Unclassified/Other,Active,291400
amina bibi muhammad husayn khan charitable trust,وقف امينة بيبي محمد حسين خان,Makkah,10011472,Unclassified/Other,Active,293236
SHAIMA MATOUQ JAMIL ALHELAIFI Establishment,مؤسسة شيماء معتوق بن جميل الحليفي,Makkah,10011471,Unclassified/Other,Active,292340
ABDULKARIM SAEED ALZAHRANI Establishment,مؤسسة عبدالكريم سعيد الزهراني,Makkah,10012356,Unclassified/Other,Active,299120
luluat almishal Hotel For Tourist Accommodation,فندق لؤلؤة المشعل للايواء السياحي,Makkah,10012354,Unclassified/Other,Active,299375
alqawafil Company Global lilmuqawalat shakhs wahid,شركة القوافل العالمية للمقاولات شخص واحد,Makkah,10012353,Unclassified/Other,Active,298795
KHALED AJLAN ALAJLAN Establishment,مؤسسة خالد بن عجلان العجلان,Makkah,10012352,Unclassified/Other,Active,299816
Munira Saleh Abdulrahman Al Rajhi Endowment Founda,مؤسسة منيرة صالح عبدالرحمن الراجحي الوقفية,Makkah,10012349,Unclassified/Other,Active,298895
Establishment imarat alttaj almasi,مؤسسة عمارة التاج الماسي,Makkah,10012348,Unclassified/Other,Active,299516
Ali Mohammed Abdullah Al Rajhi Endowment Foundatio,مؤسسة علي محمد عبدالله الراجحي الوقفية الثالثة,Makkah,10012347,Unclassified/Other,Active,298635
Ruya Alandalus Company,شركة رؤيا الأندلس,Madinah,10012346,Code 27,Active,299118
Hayah Alhuda hotel,شركة ابو الجود للتشغيل والصيانة,Madinah,10002610,Unclassified/Other,Active,288075
MUTAMIR HOTEL,شركة معتمر لخدمات المعتمرين شركة شخص واحد,Makkah,10010950,1-Star,Active,287915
Al Fahd Hotel,فندق الفهد الفندقية,Makkah,10010947,1-Star,Active,287835
Rukn ilaf Quba Serviced Apartment Est,مؤسسة شقق ركن إيلاف قباء المخدومة,Madinah,10010946,Unclassified/Other,Active,287875
diouf altawhid company,شركة ضيوف التوحيد المحدودة,Makkah,10011183,1-Star,Active,290195
Qasr alShawq Hotel Hotel,فندق قصر الشوق الفندقية,Makkah,10011180,1-Star,Active,291955
abna omar said abood bafel Company Ltd.,شركة أبناء عمر سعيد عبود بافيل المحدودة,Makkah,10011309,Unclassified/Other,Active,292917
alaun waliaanah alkhayri Establishment,مؤسسة العون والاعانة الخيري,Makkah,10011325,Unclassified/Other,Active,291695
Al-Eman Hospitality and Tourism Company,شركة ملتقى الايمان للضيافة السياحي,Makkah,10011323,1-Star,Active,291975
SARY ALMISK HOTEL,شركة ساري المسك للخدمات الفندقية,Makkah,10011321,1-Star,Active,290875
elmeya est,مؤسسة العلمية المتميزة التجارية,Makkah,10012783,Unclassified/Other,Active,300899
almasat almashair Company To operate hotels,شركة الماسة المشاعر لتشغيل الفنادق,Makkah,10012932,1-Star,Active,301200
Muhammad Rais bin Abdul-Mannan Waqf,وقف محمد ريس بن عبدالمنان الوقفية,Makkah,10012928,Unclassified/Other,Active,301616
kayan alamjad Establishment,مؤسسة كيان الامجاد,Makkah,10012927,Unclassified/Other,Active,301229
AlDiyafa AlAsriya Company Hotel,شركة الضيافة العصرية الفندقية,Makkah,10012925,Unclassified/Other,Active,301216
OSAMA AHMAD M ALBOURAE Hostel,نزل اسامه بن احمد بن محمد بارحيم البرعى,Makkah,10012924,Unclassified/Other,Active,301236
ABDULAZIZ ATYAN HASSAN ALMALKI Hotel For residenti,فندق عبدالعزيز عطيان بن حسن المالكي للوحدات السكنية,Makkah,10012923,Unclassified/Other,Active,301695
almas agha charitable trust,وقف الماس اغا,Makkah,10012922,Unclassified/Other,Active,301220
Makarem AlFirdaws Hotel Hotel,فندق مكارم الفردوس الفندقية,Makkah,10012921,Unclassified/Other,Active,302017
Bawabat Masar Establishment For investment,مؤسسة بوابة مسار للاستثمار,Makkah,10012920,Unclassified/Other,Active,302175
nab alyaqin Establishment Hotel,مؤسسة نبع اليقين الفندقية,Makkah,10011223,Unclassified/Other,Active,290136
Rose Holiday (2),شركة روز هوليداي للضيافة السياحي,Madinah,10011221,1-Star,Active,292346
rafahiya alkaram Company Hotel,شركة رفاهية الكرام الفندقية,Makkah,10011218,1-Star,Active,290979
alAjyal ithnan Hostel For tourist lodges,نزل الأجيال اثنان للنزل السياحيه,Madinah,10011217,Unclassified/Other,Active,290075
Osama Saad Sunki General Contracting Establishment,مؤسسة أسامه سعد بن حامد سنكى للمقاولات العامة,Makkah,10011470,Unclassified/Other,Active,292258
AHMED ABDULLAH SHAMAH Establishment,مؤسسة احمد عبدالله شمح,Makkah,10011469,Unclassified/Other,Active,292336
asas sanad Establishment,مؤسسة اسس سند,Makkah,10011467,Unclassified/Other,Active,291978
Muwaffaq Bin Abdulhai Bin Mohammed Ameera General,مؤسسة موفق بن عبدالحى بن محمد عميره للمقاولات العامة,Makkah,10011466,Unclassified/Other,Active,293496
maskan shahad Hostel For tourist lodges,نزل مسكن شهد للنزل السياحيه,Madinah,10011465,Unclassified/Other,Active,292590
Matruk Misfar Alotaibi Altejariyah Establishment,مؤسسة متروك مسفر العتيبي التجاريه,Makkah,10011464,Unclassified/Other,Active,292186
Jawharat alMuna Establishment For Contracting,مؤسسة جوهرة المنى للمقاولات,Makkah,10012722,Unclassified/Other,Active,300280
Walid almashaaer Company,شركة وليد المشاعر,Makkah,10012721,Unclassified/Other,Active,300283
Company nawat alnamu almustadam,شركة نواة النمو المستدام,Makkah,10012720,Unclassified/Other,Active,300357
Mazaya Rovan Company,شركة مزايا روفان,Makkah,10012719,Unclassified/Other,Active,300376
Ahmed Salem Ali AlZuhairi Foundation,مؤسسة احمد سالم علي الزويهري,Makkah,10012718,Unclassified/Other,Active,300219
nada aljazeera Company For Cars,شركة ندى الجزيرة للسيارات,Makkah,10012717,Unclassified/Other,Active,300198
Al Sharq Al Muqaddimah Company For investment,شركة الشرق المتقدمة للاستثمار,Makkah,10012716,Unclassified/Other,Active,300155
Samir Saleh Hamza Sidqa General Contracting Establ,مؤسسة سمير صالح حمزه صدقه للمقاولات عامة,Makkah,10012715,Unclassified/Other,Active,300356
Samir Saleh Hamza Sidqa General Contracting Establ,مؤسسة سمير صالح حمزه صدقه للمقاولات عامة,Makkah,10012714,Unclassified/Other,Active,300223
Burj alKhayr Company For Property Management,شركة برج الخير لادارة الأملاك,Makkah,10012713,Unclassified/Other,Active,300375
DORAT AL AHBAB HOTEL,فندق درة الاحباب للخدمات الفندقية,Makkah,10011097,1-Star,Active,290515
hotel rwaf alfaisalih,مؤسسة ولاء جميل المطرفي,Makkah,10011096,1-Star,Active,289795
majd taybah aldhahabi Hotel For Hotel Apartments,فندق مجد طيبة الذهبي للشقق الفندقية,Madinah,10011095,2-Star,Active,289575
Rowaa lindy Company for hospitality tourism,شركة رواء ليندي للضيافة السياحي,Makkah,10011093,1-Star,Active,289556
Multazim Establishment Property management,مؤسسة ملتزم لادارت الاملاك,Makkah,10011320,1-Star,Active,291435
MESHAL HUMUD ALHATHLA Establishment,مؤسسة مشعل بن حمود الهذلى,Makkah,10011319,Unclassified/Other,Active,291676
Yasser Abdulhadi Hamed Al-Osaimi Hotel Management,مؤسسة ياسر عبدالهادى حامد العصيمى لتشغيل الفنادق,Makkah,10011318,Unclassified/Other,Active,291967
Manzil AlFalak Hotel  Catering Solutions Company,شركة مانزيل ألفلاك هوتيل كاتيرينج سولوشنز,Makkah,10011317,1-Star,Active,291779
Wafud Hotel For Hotel Services Establishment,مؤسسة فندق وفود للخدمات الفندقيه,Madinah,10011314,1-Star,Active,292676
Yasser Abdelhadi Hamed Al-Tadhebi Hotel Operations,مؤسسة ياسر عبدالهادى حامد العصيمى لتشغيل الفنادق,Makkah,10011311,Unclassified/Other,Active,291968
FAJR AL MUDN HOTEL,فندق فجر المدن,Madinah,10012982,1-Star,Active,302016
AlRihab AlSafi Hostel For Tourist Accommodation,نزل الرحاب الصافي للايواء السياحي,Madinah,10012980,Unclassified/Other,Active,302275
Moro Company Global lilshqq walfanadiq sharikat sh,شركة مورو العالمية للشقق والفنادق شركة شخص واحد,Makkah,10012977,1-Star,Active,301835
DIYAR ALAWS HOTEL,شركة ديار الاوس لتشغيل الفنادق,Madinah,10010807,1-Star,Active,268330
MULTAQA ALAKHYAR HOTEL,فندق ملتقى الأخيار الفندقية,Makkah,10010805,1-Star,Active,268293
Diamond Lotus,شركة اللوتس الماسية,Madinah,10010978,Code 27,Active,300915
hotel abdullah hamed,فندق عبدالله بن حامد بن سويلم القرشي للايواء السياحي,Makkah,10010975,1-Star,Active,292586
Homes and Business Real Estate Development and Inv,مؤسسة منازل واعمال للتطوير والاستثمار العقاري,Makkah,10011463,Unclassified/Other,Active,292349
Almasharib Establishment For Public Services,مؤسسة المشارب للخدمات العامة,Makkah,10011462,Unclassified/Other,Active,293799
Hanan Aida Jaber Almutarifi Company,شركة حنان عيضة جابر المطرفي,Makkah,10011891,Unclassified/Other,Active,294270
hudu alhijaz Hotel,فندق هدوء الحجاز,Makkah,10011961,Unclassified/Other,Active,293917
Othman Muaid Bin Mohammed Shajri Contracting Estab,مؤسسة عثمان معيد بن محمد شاجرى للمقاولات,Makkah,10011960,Unclassified/Other,Active,293876
Al Radaa Luxury Establishment,مؤسسة رداء الفخامه,Makkah,10011959,Unclassified/Other,Active,294695
SAUD ALI ALSHAREEF Establishment,مؤسسة سعود بن علي الشريف,Makkah,10012712,Unclassified/Other,Active,300244
YOUSUF AHMED N ALOTAIBI Establishment,مؤسسة يوسف احمد ناشي العتيبي,Makkah,10012711,Unclassified/Other,Active,300200
sadan alwataniya Company Ltd.,شركة سدن الوطنية المحدودة,Makkah,10012710,Unclassified/Other,Active,300217
al Liwa al Haditha Establishment Commercial,مؤسسة اللواء الحديثة التجارية,Makkah,10012709,Unclassified/Other,Active,301395
Abdullah Mohammed Abdulaziz Wazan Tourist Lodge,نزل عبدالله محمد عبدالعزيز وزان للنزل السياحيه,Makkah,10012708,Unclassified/Other,Active,300286
wahat aliqama Apartments,شقق واحة الإقامة,Makkah,10012707,Unclassified/Other,Active,300378
wahat aliqama Apartments,شقق واحة الإقامة,Makkah,10012706,Unclassified/Other,Active,300362
funduq mubarak almajid Company For Hotel Services,شركة فندق مبارك الماجد للخدمات الفندقيه,Makkah,10012705,Unclassified/Other,Active,300479
HIBAH ABDULLAH ABDULRAHMAN ALTOWAIRQI,مؤسسة هبه عبدالله عبدالرحمن الطويرقي,Makkah,10012703,Unclassified/Other,Active,300595
Easy Solutions Travel and Tourism,شركة الحلول السهلة العالمية للسفر و السياحة,Makkah,10010289,1-Star,Active,221007
Jawharat Al Salah Hotel for Tourist Accommodation,فندق جوهرة الصلاح للايواء السياحي,Makkah,10010642,1-Star,Active,248547
abdalrahman bin ahmad bin muhammad albakri Establi,مؤسسة عبدالرحمن بن احمد بن محمد البكري,Makkah,10012733,Unclassified/Other,Active,300656
nasamat alasil Company To operate hotels,شركة نسمات الأسيل لتشغيل الفنادق,Makkah,10012732,Unclassified/Other,Active,300374
For furnished apartmentsHameed alzuhairi co. for,شركة حميد بن سليم الزهيري للوحدات السكنية المفروشة,Makkah,10012731,Unclassified/Other,Active,301221
Shali Residence Serviced Apartments,شقق شالي ريزيدنس للشقق المخدومة,Makkah,10012729,Unclassified/Other,Active,300484
Shali Residence Al Aziziyah 15,شقق شالي ريزيدنس للشقق المخدومة,Makkah,10012728,Unclassified/Other,Active,300475
Shali Al Naseem 104,شقق شالي ريزيدنس للشقق المخدومة,Makkah,10012727,Unclassified/Other,Active,300432
almizan alsakaniyah Hostel For tourist lodges,نزل الميزان السكنية للنزل السياحيه,Makkah,10012726,Unclassified/Other,Active,300430
braid and joy alarabia Company For Contracting,شركة برايد اند جوي العربية للمقاولات شركة شخص واحد,Makkah,10012725,Unclassified/Other,Active,300555
rakizat alhijaz Company Ltd.,شركة ركيزة الحجاز المحدودة,Makkah,10012931,Unclassified/Other,Active,301233
nasamat alrimal alsakaniyah Establishment,مؤسسة نسمات الرمال للوحدات السكنية,Makkah,10012918,Unclassified/Other,Active,301795
nasamat alrimal lilwahdat alsakaniyah,مؤسسة نسمات الرمال للوحدات السكنية,Makkah,10012917,Unclassified/Other,Active,301635
almasat almashair Company To operate hotels,شركة الماسة المشاعر لتشغيل الفنادق,Makkah,10012915,1-Star,Active,301219
almasat almashair Company To operate hotels,شركة الماسة المشاعر لتشغيل الفنادق,Makkah,10012914,1-Star,Active,301195
altadhamun alaaili Company,شركة التضامن العائلي,Makkah,10012913,Unclassified/Other,Active,301755
SULTAN HUMAIDAN ALSAEDI Establishment Commercial,مؤسسة سلطان حميدان الساعدي التجارية,Makkah,10012912,Unclassified/Other,Active,301215
MUNIRA EAYD ALGAHTANY Hostel For tourist lodges,نزل منيره عايض القحطانى للنزل السياحيه,Makkah,10012911,Unclassified/Other,Active,301615
MUTEB AWWADHAH ALSULAMI Hostel For tourist lodges,نزل متعب عواضه السلمى للنزل السياحيه,Makkah,10012910,Unclassified/Other,Active,301230
Al Raqi Al Mumayaz Hotel Company,شركة فندق الراقي المميز الفندقية,Makkah,10010707,1-Star,Active,255566
Roaya Alandalus,شركة رؤيا الأندلس لتشغيل الفنادق,Madinah,10010703,1-Star,Active,259958
sbal almasi Company,شركة سبال الماسي,Madinah,10011070,1-Star,Active,293889
HOTEL HAMUDAH ALMASI,فندق حمودة الماسي,Madinah,10011069,1-Star,Active,289257
Shatha Mohammed Al-Qurashi Holding Company (One Pe,شركة شذى محمد القرشي القابضة شخص واحد,Makkah,10011642,Unclassified/Other,Active,293798
Rafadah Wahid Hotel Hotel,فندق رفادة واحد الفندقية,Makkah,10011958,Unclassified/Other,Active,293776
aliqama almasiya Establishment,مؤسسة الإقامة الماسية,Makkah,10011957,Unclassified/Other,Active,293961
Establishment Commercial,مؤسسة مشعل بن مساعد بن مطلق الشريف التجارية,Makkah,10011956,Unclassified/Other,Active,294597
ajnihat alhuda Company,شركة أجنحة الهدى,Makkah,10011955,Unclassified/Other,Active,294075
mohamed Apad Aped Altwirqi,نزل محمد عباد عابد الطويرقي,Makkah,10011954,Unclassified/Other,Active,293958
FAHAD EID ALJOHANI Establishment,مؤسسة فهد بن عيد الجهنى,Makkah,10012702,Unclassified/Other,Active,300235
luluat almarjan almutahida Company,شركة لؤلؤة المرجان المتحدة للمقاولات العامة,Makkah,10012701,Unclassified/Other,Active,300222
Anwar Almarjan Company Ltd.,شركة أنوار المرجان المحدودة,Makkah,10012700,Unclassified/Other,Active,300201
Nuzol Manazel Elsteen,نزل منازل الستين,Makkah,10012699,Unclassified/Other,Active,300257
ifah Company Ltd.,شركة إيفاه المحدودة,Makkah,10012698,Unclassified/Other,Active,300238
Invictus Construction Company,شركة إنفيكتوس كونستراكشن,Makkah,10012697,Unclassified/Other,Active,300369
Tahani Eidha Bin Hussein AlMaliki Contracting Est,مؤسسة تهاني عيضه بن حسين المالكي للمقاولات,Makkah,10012696,Unclassified/Other,Active,300196
ZAID MATAR ALGURASHI Hostel For tourist lodges,نزل زيد بن مطر القرشي للنزل السياحيه,Makkah,10012695,Unclassified/Other,Active,300304
The elite of glory Establishment,مؤسسة ذا إيليت أوف جلوري,Makkah,10012694,Unclassified/Other,Active,300243
alRisalah alJawar Hotel For Hotel Services,فندق الرسالة الجوار للخدمات الفندقيه,Makkah,10012693,Unclassified/Other,Active,300364
SAAD MASAD ALLAHYANI Hostel,نزل سعد بن مسعد اللحياني,Makkah,10011200,Unclassified/Other,Active,291495
Aaliyah AlDawadiyah Hotel Hotel,فندق عالية الدوادية الفندقية,Madinah,10011198,1-Star,Active,290095
Apartments For residential units,شقق شعيل بطحاء قريش للوحدات السكنية,Makkah,10011195,Unclassified/Other,Active,290715
nuzul alkaram Establishment,مؤسسة نزل الكرم,Makkah,10011193,Unclassified/Other,Active,291816
daif karim Hostel,نزل ضيف كريم,Makkah,10011185,Unclassified/Other,Active,293892
alaun waliaanah alkhayri Establishment,مؤسسة العون والاعانة الخيري,Makkah,10011184,Unclassified/Other,Active,290146
Moro Company Global lilshqq walfanadiq sharikat sh,شركة مورو العالمية للشقق والفنادق شركة شخص واحد,Makkah,10011181,1-Star,Active,291055
Diyafat Alnujum Hostel For tourist lodges,نزل ضيافة النجوم للنزل السياحيه,Makkah,10011179,Unclassified/Other,Active,291396
AlDiyafa AlKubra Establishment Hotel,مؤسسة الضيافة الكبرى الفندقية,Makkah,10011178,Unclassified/Other,Active,292337
ALANOUD MESHAL ALOSAIMI Establishment,مؤسسة العنود مسحل العصيمي,Makkah,10012850,Unclassified/Other,Active,301255
Alhadaiq Alraqiyeh Hotel Hotel,فندق الحدايق الراقيه الفندقية,Makkah,10012854,1-Star,Active,300898
alkhaymah Company To operate hotels,شركة الخيمة لتشغيل الفنادق,Makkah,10012853,1-Star,Active,300816
GHASAN GHAZI M MAJDALI Establishment,مؤسسة غسان غازى محمد مجدلى,Makkah,10012851,Unclassified/Other,Active,301376
ABDULMOHSEN ALMARSHAD Hostel For tourist lodges,نزل عبدالمحسن صالح المرشد للنزل السياحيه,Makkah,10012919,Unclassified/Other,Active,301355
nasamat alrimal lilwahdat alsakaniyah Establishmen,مؤسسة نسمات الرمال للوحدات السكنية,Makkah,10012916,Unclassified/Other,Active,301416
asmak albasmah Company,شركة أسماك البسمة,Makkah,10013027,1-Star,Active,302335
Luluat Al Tawfiq Al Masi Hotel Hotel,فندق لؤلؤة التوفيق الماسي الفندقية,Makkah,10013025,1-Star,Active,302356
TAJ WARD HOTEL Company,شركة فندق تاج ورد الفندقية,Madinah,10010892,1-Star,Active,271895
AlSafir AlSakani Establishment For tourist lodges,مؤسسة السفير السكني للنزل السياحيه,Madinah,10011953,Unclassified/Other,Active,293875
Jawharat Alwaleed Shop For Perfumes,محل جوهرة الوليد للعطورات,Makkah,10011952,Unclassified/Other,Active,293885
Diyafat Al-alam company,شركة ضيافات العالم للاستثمار,Makkah,10011950,Unclassified/Other,Active,293925
almuheet almimayza Company Commercial,شركة المحيط المميزة التجارية,Makkah,10011949,Unclassified/Other,Active,293835
Ahmad bin Ahmad bin Yasin alSayirfi hostel,وقف أحمد بن أحمد بن ياسين الصيرفي,Makkah,10011948,Unclassified/Other,Active,293821
Almustahdth,شركة المستحدث للمقاولات شركة ذات المسؤولية المحدودة من,Makkah,10011947,Unclassified/Other,Active,294276
Sahm Establishment For Trips,مؤسسة سهم لتنظيم الرحلات,Makkah,10011946,Unclassified/Other,Active,293959
Abdulmalik Mohammed Issa Al-Takrouni Foundation fo,مؤسسة عبدالملك محمد عيسى التكروني للخدمات الطلابية,Makkah,10011945,Unclassified/Other,Active,293881
MAHMOUD NOOR JASSIM Establishment,مؤسسة محمود نور جاسم,Makkah,10011944,Unclassified/Other,Active,293824
sas wanama Establishment For logistics,مؤسسة ساس ونماء للخدمات اللوجستية,Makkah,10012692,Unclassified/Other,Active,300305
anas,مؤسسة أنس ابراهيم سليم القرشي للعقارات,Makkah,10012691,Unclassified/Other,Active,300427
SUL10 Company,شركة سول10,Makkah,10012690,Unclassified/Other,Active,300246
Darb Almutamir Hotel Hotel,فندق درب المعتمر الفندقية,Makkah,10012689,Unclassified/Other,Active,300195
alsiyuf alhijaziyah Company Ltd.,شركة السيوف الحجازية المحدودة,Makkah,10012688,Unclassified/Other,Active,300360
Rayn alQimmah Establishment For Hotel Services,مؤسسة راين القمة للخدمات الفندقيه,Makkah,10012687,Unclassified/Other,Active,300363
HAad bin khalifah al thani Establishment Endowment,مؤسسة وقف حمد بن خليفة آل ثاني الوقفية,Makkah,10012686,Unclassified/Other,Active,300225
Fajr Alnusk Company To operate hotels,شركة فجر النسك لتشغيل الفنادق,Makkah,10012685,Unclassified/Other,Active,300413
tasis fan alamar Establishment Real Estate,مؤسسة تأسيس فن الأعمار العقارية,Makkah,10012684,Unclassified/Other,Active,300276
albanadir alkhalidah Establishment,مؤسسة البنادر الخالدة,Makkah,10012683,Unclassified/Other,Active,300255
Wadiyar Al Madinah Travel and Tourism Company is o,شركة وديار المدينة للسفر والسياحة شخص واحد,Madinah,10010736,1-Star,Active,256435
rekaz serviced apartment,مؤسسة ركاز الراقية للوحدات السكنية,Makkah,10010735,2-Star,Active,259475
Wardat Al Wadi Seafood Company,شركة وردة الوادي للمأكولات البحرية  ,Makkah,10010732,1-Star,Active,269923
Taif Company Limited,شركة طيف المحدودة,Makkah,10011129,1-Star,Active,289675
Company rahat alubur,شركة راحه العبور,Madinah,10011127,1-Star,Active,289640
Noor AlSalam AlMuttahida Company Commercial,شركة نور السلام المتحدة التجارية,Makkah,10011126,1-Star,Active,289637
Nuzhat alaziziya Establishment,مؤسسة نزهة العزيزية,Makkah,10011174,Unclassified/Other,Active,290140
Establishment Bayat AlMadina,مؤسسة بيات المدينة,Madinah,10011171,2-Star,Active,290415
Tharwat almutamayiza Company For Hotel Services,شركة ثروات المتميزة للخدمات الفندقيه,Makkah,10011170,Unclassified/Other,Active,290680
Durat AlMashair Company Real Estate,شركة درة المشاعر العقارية,Makkah,10011169,Unclassified/Other,Active,291095
kayan almarjan Company,شركة كيان المرجان,Makkah,10012782,Unclassified/Other,Active,300423
Rabee Alkhaleej Company For logistics,شركة ربيع الخليج للخدمات اللوجستية,Makkah,10012781,Unclassified/Other,Active,300433
SALMA MOHAMMED WAZQAR Hostel For tourist lodges,نزل سلمى محمد وزقر للنزل السياحيه,Makkah,10012780,Unclassified/Other,Active,300621
Waleed Ibrahim bin Humaid Alharbi Hostel For,نزل وليد ابراهيم بن حميد الحربي للنزل السياحيه,Makkah,10012779,Unclassified/Other,Active,300556
Alseem Establishment Commercial,مؤسسة السيم التجارية,Makkah,10012778,Unclassified/Other,Active,300495
Alseem Establishment Commercial,مؤسسة السيم التجارية,Makkah,10012777,Unclassified/Other,Active,300497
Bayt alKhayr Company For investment,شركة بيت الخير للاستثمار,Makkah,10012776,Unclassified/Other,Active,300578
Shatha Alwasam 1 Establishment For Hotel Services,مؤسسة شذى الوسام واحد للخدمات الفندقيه,Makkah,10012958,Code 27,Active,301715
Ali Mohammed Abdullah Al Rajhi Endowment Foundatio,مؤسسة علي محمد عبدالله الراجحي الوقفية الثانية,Makkah,10012345,Unclassified/Other,Active,297955
Winner Without Limits Hotel Services Company,شركة الرابح بلا حدود للخدمات الفندقية,Makkah,10012344,Unclassified/Other,Active,298276
Mansour Abdulrahman Bin Musa Haroun Mansour Invest,مؤسسة منصور عبدالرحمن بن موسى هارون منصور للأستثمار,Makkah,10012343,Unclassified/Other,Active,299276
asmak albasmah Company,شركة أسماك البسمة,Makkah,10012342,Unclassified/Other,Active,297975
MUSTAFA HAMID ASHOUR Hotel,فندق مصطفى بن حامد عاشور,Makkah,10012341,Unclassified/Other,Active,299335
Invictus Construction Company,شركة إنفيكتوس كونستراكشن,Makkah,10012340,Unclassified/Other,Active,299015
HAYA ABDULLAH ALDAJANI Establishment,مؤسسة هيا عبدالله الدعجاني,Makkah,10012379,Unclassified/Other,Active,299117
alruqi waltaqaddum Establishment For Real,مؤسسة الرقي والتقدم للخدمات العقارية,Makkah,10012378,Unclassified/Other,Active,298775
Rashad Mohammed Naqib Trading Est,مؤسسة رشاد محمد عبدالرحمن نقيب التجارية,Makkah,10012377,Unclassified/Other,Active,299495
MUTEB AWWADHAH ALSULAMI Hostel For tourist lodges,نزل متعب عواضه السلمى للنزل السياحيه,Makkah,10012376,Unclassified/Other,Active,298955
jalal almutamayiza Company Hotel,شركة جلال المتميزة الفندقية,Makkah,10012682,Unclassified/Other,Active,300367
SAAD SAEED ALHARBI Establishment,مؤسسة سعد بن سعيد الحربي,Makkah,10012681,Unclassified/Other,Active,301316
AZIZA MOHAMMAD ALHARTHI Hostel For tourist lodges,نزل عزيزه محمد الحارثي للنزل السياحيه,Makkah,10012680,Unclassified/Other,Active,300795
Almanazil Alsalihah Establishment For Real Estate,مؤسسة المنازل الصالحة للعقارات,Makkah,10012679,Unclassified/Other,Active,300380
Ihsan AlDiyafa Company Ltd.,شركة احسان الضيافة المحدودة,Makkah,10012678,Unclassified/Other,Active,300199
Amwaj Jumaan Ali Al-Zahrani Est,مؤسسة امواج جمعان علي الزهراني التجارية,Makkah,10012677,Unclassified/Other,Active,300303
Doha tayiba Establishment For General Contracting,مؤسسة دوحة طيبة للمقاولات العامة,Makkah,10012676,Unclassified/Other,Active,300241
iklil aldiyafa Company To operate hotels,شركة إكليل الضيافة لتشغيل الفنادق,Makkah,10012675,1-Star,Active,300316
ELTAYER ELZAHABY COMPANY,شركة الطير الذهبي للخدمات الفندقية شركة شخص واحد,Makkah,10012674,Unclassified/Other,Active,300220
dar saqifah Establishment,مؤسسة دار سقيفة,Makkah,10012673,Unclassified/Other,Active,300156
Hotel lulu al-shroq,مؤسسة فندق لؤلؤة الشروق الفندقية,Makkah,10010771,1-Star,Active,260718
Alfakhama Aldahabi Hotel Company,شركة الفخامة الذهبي الفندقية,Madinah,10010770,1-Star,Active,259143
QASR ALRAID HOTEL,فندق قصر الرائد الفندقية,Makkah,10010928,1-Star,Active,287635
DRR ALRASHDIAH,شقق درر الراشدية المخدومة,Makkah,10011146,1-Star,Active,289736
Abdulrahman Nasser bin Ali alghafis Establishment,مؤسسة عبدالرحمن ناصر بن علي الغفيص للمقاولات المعمارية العامة,Makkah,10011164,Unclassified/Other,Active,290698
ABDULLAH FALHAN ALOTAIBI Establishment Commercial,مؤسسة عبدالله بن فلحان العتيبي التجارية,Makkah,10011163,Unclassified/Other,Active,291335
zaair karim Hostel,نزل زائر كريم,Makkah,10011154,Unclassified/Other,Active,291357
Anan Snood Hotel,فندق عنان سنود الفندقية,Makkah,10006578,3-Star,Active,243033
Zahra Al Saad Sitta Hotel Hotel,فندق زهرة السعد ستة الفندقية,Makkah,10000544,1-Star,Active,296455
Aldeafah Group International,مجموعة الضيافة العالمية للإدارة والاستثمار شركة شخص واحد ذات مسؤلية محدودة,Makkah,10012946,Unclassified/Other,Active,301415
ABDULLAH SAUD ABDULWAHED ALHAKAMI Establishment,مؤسسة عبدالله سعود عبدالواحد الحكمي للنزل السياحية,Makkah,10012945,Unclassified/Other,Active,301275
ABDULLAH SAUD ABDULWAHED ALHAKAMI Establishment,مؤسسة عبدالله سعود عبدالواحد الحكمي للنزل السياحية,Makkah,10012944,Unclassified/Other,Active,301237
Albadr w Alfajer Hotel,فندق البدر والفجر الفندقية,Makkah,10012943,Unclassified/Other,Active,301235
Othman Mohammed Othman Housawi Establishment,مؤسسة عثمان محمد عثمان هوساوى للتجارة,Makkah,10012942,Unclassified/Other,Active,301202
MOHAMMED KHALID ABDULMAJEED Establishment,مؤسسة محمد خالد عبدالمجيد,Makkah,10012947,Unclassified/Other,Active,302435
Zad Al Musafir Company,شركة زاد المسافر للسفر و السياحة شركةشخص واحد,Makkah,10012939,Unclassified/Other,Active,301227
Elaf Hotel Company Elaf Taiba Hotel,شركة ايلاف للفنادق المحدودة فندق ايلاف طيبه,Madinah,10010763,4-Star,Active,287575
Hana Al Sharq For business services,مؤسسة هنا الشرق لخدمات الأعمال,Makkah,10010907,1-Star,Active,280101
Urban Development Company,شركة التطوير الحضري للاعمال شركة شخص واحد,Makkah,10010905,1-Star,Active,289978
ALANDALUS PLAZA HOTEL,شركة الاندلس لصيانة وادارة وتشغيل الفنادق والقصور السكنيه,Madinah,10010982,1-Star,Active,288255
Hadiqat AlYasmin Hotel Hotel Establishment,مؤسسة فندق حديقة الياسمين الفندقية,Makkah,10011103,1-Star,Active,289638
Emaar Al Rawda Hotel One,فندق اعمار الروضه واحد,Makkah,10011102,1-Star,Active,289735
Moro Global Company for Apartments and Hotels,شركة مورو العالمية للشقق والفنادق شركة شخص واحد,Makkah,10011110,1-Star,Active,294317
RITAJ ALTALAAYIE HOTEL,شركة رتاج الطلائع للضيافة السياحي,Makkah,10011109,1-Star,Active,290217
HDN hotels,شركة هدن الفندقية,Makkah,10011107,1-Star,Active,290139
Ruz Alhijaz Apartments For Serviced Apartments,شقق روز الحجاز للشقق المخدومة,Makkah,10011118,Code 27,Active,295435
Diamond Tower Hotel Apartments,فندق البرج الماسي للشقق الفندقية,Makkah,10012672,Unclassified/Other,Active,300355
Hatim Group Business Services Lodge,مجموعة حاتم علي حسن احمد ابو العلا لخدمات الأعمال,Makkah,10012671,Unclassified/Other,Active,300359
qimmat alitqan aldhakiah Establishment,مؤسسة قمة الاتقان الذكية,Makkah,10012670,Unclassified/Other,Active,300239
alyasmin almutaaliqah Establishment,مؤسسة الياسمين المتألقه,Makkah,10012669,Unclassified/Other,Active,300285
Walid almashaaer Company,شركة وليد المشاعر,Makkah,10012668,Unclassified/Other,Active,300412
"Lamset Diaa Al Mustaqbal Trading Company, a single",نزل لمسة ضياء المستقبل التجارية شخص واحد قابضة,Makkah,10012667,Unclassified/Other,Active,300296
Abq Alandalus Establishment For Trips,مؤسسة عبق الاندلس لتنظيم الرحلات,Makkah,10012666,Unclassified/Other,Active,300259
Bismat Al Sharq Apartments For Serviced Apartments,شقق بسمات الشرق للشقق المخدومة,Makkah,10012665,Unclassified/Other,Active,300387
NEW AL QIMMA Company,شركة نيو آل قمة,Makkah,10012664,Unclassified/Other,Active,300295
Nasmat Khair Hotel,شركة الرفاع العمراني المحدودة,Makkah,10010600,1-Star,Active,239367
Rabia AlHijaz Foundation,مؤسسة رابية الحجاز لتشغيل الفنادق,Makkah,10011004,1-Star,Active,288595
Aljawad Aladhim Hotel Hotel,فندق الجواد الأدهم الفندقية,Madinah,10011054,Unclassified/Other,Active,289258
Qamar Taybah Hostel For tourist lodges,نزل قمر طيبة للنزل السياحيه,Madinah,10011052,Unclassified/Other,Active,289095
alqamah alhindasiah Establishment For Contracting,مؤسسة القامه الهندسيه للمقاولات,Makkah,10011523,Unclassified/Other,Active,291485
ahmad husayn abd allah al sharif Establishment,مؤسسة احمد حسين عبد الله الشريف,Makkah,10011522,Unclassified/Other,Active,291677
MOHAMMAD MOHAMMAD BALKHI Establishment,مؤسسة محمد بن محمد بلخي,Makkah,10011521,Unclassified/Other,Active,291815
Sidra Al Gharbia Commercial Services Establishment,مؤسسة سدرة الغربية للخدمات التجارية,Makkah,10011890,Unclassified/Other,Active,293635
nuzul ghaym Establishment,مؤسسة نزل غيم,Makkah,10011889,Unclassified/Other,Active,293577
Yasser Abdulhadi Hamed AlOsaimi Hotel Management,مؤسسة ياسر عبدالهادى حامد العصيمى لتشغيل الفنادق,Makkah,10011888,Unclassified/Other,Active,293489
Alalaa Company Ltd.,شركة العلاء المحدودة,Makkah,10013052,1-Star,Active,302535
lubaba,وكالة لبابه عبدالله بن ملك عبدالحق امير بخش لتنظيم الرحلات,Makkah,10013049,Unclassified/Other,Active,302595
NASSER MARZOUQ ALHARBI Hotel For Hotel Services,فندق ناصر مرزوق الحربي للخدمات الفندقيه,Makkah,10013046,1-Star,Active,302515
Baraka Al-Hajla Hotel Foundation,مؤسسة فندق بركة الهجلة الفندقية,Makkah,10013094,1-Star,Active,302695
Nifrance Establishment,مؤسسة نفرانس,Makkah,10013113,1-Star,Active,302716
Mabiet Taybah Serviced,شقق مبيت طيبة المخدومة,Madinah,10010657,2-Star,Active,269058
Dar Almotakamila For Tourist Hospitality,شركة دار المتكاملة للضيافة السياحي,Makkah,10010658,1-Star,Active,269142
G S A Establishment,مؤسسة غزيل سلمان الدعجاني,Makkah,10011546,Unclassified/Other,Active,294556
ABDULELAH DHAIFALLAH ALSUBHI Establishment,مؤسسة عبدالاله ضيف  الله الصبحى,Makkah,10011544,Unclassified/Other,Active,292175
Trust Makan Company,شركة تراست مكان,Makkah,10011542,1-Star,Active,291959
Homes and Business Real Estate Development and Inv,مؤسسة منازل واعمال للتطوير والاستثمار العقاري,Makkah,10011541,Unclassified/Other,Active,292183
Dhaif AlMashair Hotel For Hotel Apartments,فندق ضيف المشاعر للشقق الفندقية,Makkah,10011540,Unclassified/Other,Active,292277
almaqam alraqi almasi Establishment,مؤسسة المقام الراقي الماسي,Makkah,10011539,Unclassified/Other,Active,292177
almaqam alraqi almasi Establishment,مؤسسة المقام الراقي الماسي,Makkah,10011538,Unclassified/Other,Active,293296
Awqaf Warbita Alnizam Haidarabad Endowment,أوقاف واربطة النظام حيدر آباد الوقفية,Makkah,10011537,Unclassified/Other,Active,292580
World of Life Hotel Operation Company (one person),شركة عالم الحياة لتشغيل الفنادق شخص واحد,Makkah,10012270,Unclassified/Other,Active,297155
masakin alanwar aldhahabiya Company Ltd,شركة مساكن الانوار الذهبية المحدودة,Makkah,10012269,Unclassified/Other,Active,296715
tharawat almashair Company For Tourism,شركة ثروات المشاعر للسياحة,Makkah,10012268,Unclassified/Other,Active,296636
Raneem AlMashair Company For Contracting,شركة رنيم المشاعر للمقاولات,Makkah,10012267,Unclassified/Other,Active,297215
Company muhal alizz,شركة مدهال العز,Makkah,10012266,1-Star,Active,298335
GHALBAA MOHAMMED A ALQAHTANI Commercial,مؤسسة غلباء محمد عائض القحطاني التجارية,Makkah,10012265,Unclassified/Other,Active,297675
Atyaf Almasi Establishment Hotel,مؤسسة اطياف الماسي الفندقية,Madinah,10012264,Code 27,Active,297555
arafat aldhahabiya Company - balila,شركة عرفات الذهبية,Makkah,10012263,Unclassified/Other,Active,296475
ZAHIR ALHAQ ABU ALKHAIR ABDULSHAKOUR Establishment,مؤسسة سعديه بنت ظهيرالحق بن أبوالخير عبدالشكور للنزل السياحيه,Makkah,10012662,Unclassified/Other,Active,300282
Al Asalah Al Masi Establishment For Tourist,مؤسسة الأصالة الماسي للايواء السياحي,Makkah,10012661,Unclassified/Other,Active,300315
Rashad Muhammad Abdul Rahman Naqib Foundation,مؤسسة رشاد محمد عبدالرحمن نقيب التجارية,Makkah,10011887,Unclassified/Other,Active,300366
Zahra Wahid Hotel,فندق زهره واحد,Madinah,10011886,1-Star,Active,296122
diyaft salih Establishment For Furnished Apartment,مؤسسة ضيافة صالح للوحدات السكنية المفروشة,Makkah,10011885,Unclassified/Other,Active,293515
AIMAN HASAN ZAMIL Establishment,مؤسسة ايمن حسن زامل,Makkah,10011884,Unclassified/Other,Active,298495
Zad AlMashair Establishment To operate hotels,مؤسسة زاد المشاعر لتشغيل الفنادق,Makkah,10011883,1-Star,Active,295035
hudu alhijaz Hotel,فندق هدوء الحجاز,Makkah,10011882,Unclassified/Other,Active,293793
ABDULAZIZ SUHAIL ALGHAMDI Company,شركة عبدالعزيز سهيل الغامدي,Makkah,10011881,Unclassified/Other,Active,294756
Mehad Al MAdina Plus,فندق مهاد المدينة بلس الفندقية,Madinah,10011880,1-Star,Active,293477
KHALED MAHMOUD S QATTAN Establishment,مؤسسة خالد محمود صالح قطان,Makkah,10011879,Unclassified/Other,Active,294327
FAHAD EID ALJOHANI Establishment,مؤسسة فهد بن عيد الجهنى,Makkah,10011878,Unclassified/Other,Active,294117
HAYAH ALEIMAN HOTEL,شركة حياة الايمان للتشغيل والصيانة,Makkah,10013015,1-Star,Active,302195
manazil althiqah Hotel,فندق منازل الثقة,Makkah,10013012,Code 27,Active,302456
almasat almashair Company To operate hotels,شركة الماسة المشاعر لتشغيل الفنادق,Makkah,10013011,1-Star,Active,302076
Ruya Alandalus Company,شركة رؤيا الأندلس,Madinah,10013009,1-Star,Active,302095
almasat almashair Company To operate hotels,شركة الماسة المشاعر لتشغيل الفنادق,Makkah,10013008,1-Star,Active,302115
almasat almashair Company To operate hotels,شركة الماسة المشاعر لتشغيل الفنادق,Makkah,10013007,1-Star,Active,302116
abna omar said abood bafel Company Ltd.,شركة أبناء عمر سعيد عبود بافيل المحدودة,Makkah,10011536,Unclassified/Other,Active,293581
Homes and Business Real Estate Development and Inv,مؤسسة منازل واعمال للتطوير والاستثمار العقاري,Makkah,10011535,Unclassified/Other,Active,291979
SULAIMAN JAMEEL A ZAKARIYA Establishment For Touri,مؤسسة سليمان بن جميل بن عبدالكريم زكريا للنزل السياحية,Makkah,10011534,Unclassified/Other,Active,294415
Sama Alshaair Company To operate hotels,شركة سما الشعائر لتشغيل الفنادق,Makkah,10011533,Unclassified/Other,Active,291675
Sama Maysan General Contracting Establishment,مؤسسة سما ميسان للمقاولات العامة,Makkah,10011532,Unclassified/Other,Active,291680
al Arab al Haditha Establishment For Real Estate,مؤسسة العرب الحديثه للعقارات,Makkah,10011531,Unclassified/Other,Active,291858
Establishment Real Estate,مؤسسة نوره سعد بن دخيل الله القرشى العقارية,Makkah,10011963,Unclassified/Other,Active,294358
HANI MOHMMED ALAKASI Establishment Commercial,مؤسسة هاني محمد العكاسي التجارية,Makkah,10012375,Unclassified/Other,Active,299246
HAMAD ABDULRAHMAN H ALMIHYANI Est Commercial,مؤسسة حمد عبدالرحمن بن حمد المحياني التجارية,Makkah,10012374,Unclassified/Other,Active,299345
wahat aliqama Apartments,شقق واحة الإقامة,Makkah,10012813,Unclassified/Other,Active,300426
Diyar Al Taqwa Company,شركة ديار التقوى لتشغيل الفنادق  ذات مسئولية محدودة,Makkah,10012811,Unclassified/Other,Active,300418
ABDULSHAKUR MOHAMMEDNAYAZ NIYAZI Hostel,نزل عبدالشكور بن محمدنياز نيازي,Makkah,10012810,Unclassified/Other,Active,300414
KHALED MUBARAK S BAJAIFAR Establishment Commercial,مؤسسة خالد مبارك سلوم باجعيفر التجارية,Makkah,10012775,Unclassified/Other,Active,300498
knt almuttahida Company Real Estate,شركة كنت المتحدة العقارية,Makkah,10012774,Unclassified/Other,Active,300438
sumu alfalih Establishment Real Estate,مؤسسة سمو الفالح العقارية,Makkah,10012773,Unclassified/Other,Active,300456
shal albarakah Hostel,نزل شال البركة,Makkah,10012772,Unclassified/Other,Active,302255
diyar alwaad Hostel For tourist lodges,نزل ديار الوعد للنزل السياحيه,Makkah,10012771,Unclassified/Other,Active,300425
almasat almashair Company To operate hotels,شركة الماسة المشاعر لتشغيل الفنادق,Makkah,10012770,Unclassified/Other,Active,300478
KHALID ABDULHAFIZ A FEDA Hostel Tour Accommodation,نزل خالد بن عبدالحفيظ بن عبدالفتاح فدا للايواء السياحي,Makkah,10011800,Unclassified/Other,Active,298435
IBRAHIM ALI ALAQIL Company Commercial,شركة ابراهيم بن علي العقل التجارية,Makkah,10011798,Unclassified/Other,Active,293482
TOURKY ALOURASHY,مؤسسة تركي بن هزاع بن سعيد القرشى للعقارات,Makkah,10011797,Unclassified/Other,Active,293486
ABDULAZIZ SUHAIL ALGHAMDI Company,شركة عبدالعزيز سهيل الغامدي,Makkah,10011796,Unclassified/Other,Active,295079
Hani Hamed Mohamed Sanki Trading Establishment,مؤسسة هاني حامد محمد سنكى التجارية,Makkah,10011877,Unclassified/Other,Active,294815
Funduq Manazil AlFath Group Hotel,مجموعة فندق منازل الفتح الفندقية,Makkah,10011876,Unclassified/Other,Active,293919
ABDULELAH ALI ALHAZMI Establishment Commercial,مؤسسة عبدالاله بن علي الحازمي التجارية,Makkah,10011875,Unclassified/Other,Active,293719
Sarah Mohammed Bin Hussein Al-Saadi Foundation for,مؤسسة ساره محمد بن حسين السعدي للخدمات الطلابية,Makkah,10011874,Unclassified/Other,Active,293595
alqimma aldhahabiya alealamia Company Ltd.,شركة القمة الذهبية العالمية المحدودة,Makkah,10011873,Unclassified/Other,Active,293816
layma almasi Establishment,مؤسسة ليمة الماسي,Makkah,10011966,Unclassified/Other,Active,294235
AHMED HASSAN AL ZAHRANI Establishment Commercial,مؤسسة احمد حسن الزهراني التجارية,Makkah,10011965,Unclassified/Other,Active,293777
hudu alhijaz Hotel,فندق هدوء الحجاز,Makkah,10011964,Unclassified/Other,Active,293964
Zad almosafer alrawda,نزل نواف عبدالعزيز بن عبدالله العيسى,Makkah,10012938,1-Star,Active,301199
four seasons central laundry,مغاسل الفصول الأربعة المركزية لغسيل الملابس,Makkah,10012937,Unclassified/Other,Active,301455
Zad almosafer alrawda,نزل نواف عبدالعزيز بن عبدالله العيسى,Makkah,10012936,1-Star,Active,301226
Mishal bin Hasan bin Abdullah Al Zayd Al Sharif ch,وقف مشعل بن حسن بن عبدالله آل زيد الشريف الوقفية,Makkah,10012934,Unclassified/Other,Active,302415
Sharif Mansour Endowment Inn,نزل أوقاف الشريف منصور بن صالح بن محمد أبو رياش للضيافة السياحي,Makkah,10012930,Unclassified/Other,Active,301315
almas agha waqf,وقف الماس اغا,Makkah,10012929,Unclassified/Other,Active,301224
Mushtaq Al Madinah Tourist Hostel,نزل مشتاق المدينة للنزل السياحية,Madinah,10010876,Unclassified/Other,Active,271896
Qadat Aldiyafat Company for Hotel Services,شركة قادة الضيافة للخدمات الفندقية,Madinah,10010874,1-Star,Active,271855
Nour Al Salam Hotel,شركة نور السلام المتحدة التجارية,Makkah,10010944,1-Star,Active,287878
AFAQ SILA,شركة آفاق سيله للتشغيل والصيانة ,Madinah,10010942,1-Star,Active,289875
Awad Ayed AlMalki Foundation,مؤسسة عوض عائض المالكي,Makkah,10011013,1-Star,Active,288576
Makarem Burj Al Madinah Hotel,فندق مكارم برج المدينة الفندقية,Madinah,10011012,Unclassified/Other,Active,289455
Subl AlMunawara Hotel Company,شركة سبل المنورة الفندقية,Madinah,10011011,Unclassified/Other,Active,289856
Dal Establishment For Trading,مؤسسة دال للتجارة,Makkah,10011520,Unclassified/Other,Active,291715
Almasa International Travel and Tourism Company,شركة الماسة العالمية للسفر و السياحة,Makkah,10011519,1-Star,Active,291555
Ahda alamakin Establishment For furnished apartmen,مؤسسة أهدى الأماكن للشقق المفروشة,Makkah,10011518,Unclassified/Other,Active,291976
anwar alhamidiyah almuwaqat Hostel,نزل أنوار الحميدية المؤقت,Makkah,10011809,Unclassified/Other,Active,293437
alBuhayrat alDawliyah  For  Contracting,مؤسسة البحيرات الدولية للمقاولات العامة,Makkah,10011808,Unclassified/Other,Active,293979
HOSTEL ATIF,شركة عاطف عبدالقادر عبدالله عبدالقادر للتطوير والاستثمار العقاري شخص واحد,Makkah,10011807,Unclassified/Other,Active,293416
Ghayth almashaaer Hotel Hotel,فندق غيث المشاعر الفندقية,Makkah,10011806,Unclassified/Other,Active,293508
Abdulaziz Mohammed Al-Aliq Trading Establishment,مؤسسة عبدالعزيز محمد العليق التجارية,Makkah,10011805,Unclassified/Other,Active,293484
masakin alanwar aldhahabiya Company Ltd.,شركة مساكن الانوار الذهبية المحدودة,Makkah,10011804,Unclassified/Other,Active,293216
tharawat almashair Company For Tourism,شركة ثروات المشاعر للسياحة,Makkah,10011803,Unclassified/Other,Active,293359
Company Smart Warrior,شركة سمارت واريور,Makkah,10011802,Unclassified/Other,Active,293335
MOHAMMAD HEMDI ALQURASHI Hostel For tourist lodges,نزل محمد حمدي القرشي للنزل السياحيه,Makkah,10011801,Unclassified/Other,Active,293975
EBRAHEM SAUD ALHALAF Hostel,نزل ابراهيم سعود الحلاف,Makkah,10012769,Unclassified/Other,Active,300515
National Company for Umrah Services,الشركة الوطنية لخدمات المعتمرين,Makkah,10010681,1-Star,Active,271715
Jawad Al Haram Hotel,فندق جواد الحرم الفندقية,Makkah,10010916,1-Star,Active,287958
Samama Ajyad Hotel Services Company is a one-perso,شركة سمامة أجياد للخدمات الفندقية شركة شخص واحد,Makkah,10010915,1-Star,Active,289355
ELAF ALKHAIR HOTEL,شركة فندق ايلاف الخير الفندقية,Makkah,10010914,1-Star,Active,287555
Company almudiyat almasia Limited,شركة المضيئة الماسية المحدودة,Makkah,10010938,1-Star,Active,287976
Taif Ltd Company,شركة طيف المحدودة,Makkah,10010972,1-Star,Active,288355
Ishraq Almadain Almukhtalif For Tourist Hostel,نزل اشراق المدائن المختلف للنزل السياحية,Madinah,10010971,Unclassified/Other,Active,288275
Mkarem Rose Hotel,فندق مكارم روز,Makkah,10011076,1-Star,Active,289555
Fajr AlRisalah Hotel,مؤسسة فندق فجر الرسالة الفندقية,Makkah,10011112,1-Star,Active,290317
Lamar Al Salam Group For Hotel Apartments,مجموعة لمار السلام للشقق الفندقية,Makkah,10011872,Unclassified/Other,Active,294975
Manzil AlFalak Hotel  Catering Solutions Company,شركة مانزيل ألفلاك هوتيل كاتيرينج سولوشنز,Makkah,10011924,1-Star,Active,294263
ABDULKARIM SAEED ALZAHRANI Establishment,مؤسسة عبدالكريم سعيد الزهراني,Makkah,10011923,Unclassified/Other,Active,293785
Rashad Muhammad Abdul Rahman Naqib Foundation,مؤسسة رشاد محمد عبدالرحمن نقيب التجارية,Makkah,10011922,Unclassified/Other,Active,299752
Al Ahood Al Zahira Establishment Commercial,مؤسسة العهود الزاهرة التجارية,Makkah,10011920,Unclassified/Other,Active,294755
skab alasil Company,شركة سكب الاصيل,Makkah,10011918,1-Star,Active,297717
RAYAN RAJEH ALKABKABI Hostel,نزل ريان راجح الكبكبي للايواء السياحي,Makkah,10011917,Unclassified/Other,Active,293960
funduq arkan albayt jarwal Company Hotel,شركة فندق اركان البيت جرول الفندقية,Makkah,10011916,Unclassified/Other,Active,293836
jawharat aljawar Company Ltd.,شركة جوهرة الجوار المحدودة,Makkah,10011914,Unclassified/Other,Active,293922
tharwat albayt Company To operate hotels,شركة ثروات البيت لتشغيل الفنادق,Makkah,10011913,Unclassified/Other,Active,294998
ABDULAZIZ SUHAIL ALGHAMDI Company,شركة عبدالعزيز سهيل الغامدي,Makkah,10011912,Unclassified/Other,Active,293790
Moro International Apartments and Hotels Company,شركة مورو العالمية للشقق والفنادق شركة شخص واحد,Makkah,10011036,1-Star,Active,289958
Waqf Ebrahim Halawani Alhindi,وقف إبراهيم حلواني بن منشي امير علي حلواني الهندي,Makkah,10011516,Unclassified/Other,Active,292260
Taif Company Limited,شركة طيف المحدودة,Makkah,10011515,1-Star,Active,291616
Maqam Al Riyada Company,شركة مقام الريادة,Makkah,10011514,Unclassified/Other,Active,292755
Shams Al Madinah hostel Co,شركة شمس المدينة المحدودة,Madinah,10011512,Unclassified/Other,Active,291755
atzan altasheelat Company Real Estate,شركة اتزان التسهيلات العقارية,Makkah,10011511,Unclassified/Other,Active,292897
manazil asad alawqat Establishment,مؤسسة منازل اسعد الاوقات,Makkah,10011510,Unclassified/Other,Active,292338
SALMAN MOHAMMED ALMEHMADI Hostel For,نزل سلمان بن محمد المحمادي للنزل السياحيه,Makkah,10011509,Unclassified/Other,Active,291486
Abdulrahman Nasser  Alghafis Establishment For,مؤسسة عبدالرحمن ناصر بن علي الغفيص للمقاولات المعمارية العامة,Makkah,10011508,Unclassified/Other,Active,291515
Company Rest Zone,شركة ريست زون,Makkah,10011507,1-Star,Active,292582
ifah Company Ltd.,شركة إيفاه المحدودة,Makkah,10012768,Unclassified/Other,Active,300440
Bright Daffodils Company,شركة برايت دافوديلز,Makkah,10012767,Unclassified/Other,Active,300416
Mohammed Dakhil Allah Al-Arabi Tourist Lodges,مؤسسة محمد دخيل الله العرابي للنزل السياحية,Makkah,10012766,Unclassified/Other,Active,300558
rawdat altawhid Hotel Hotel,فندق روضة التوحيد الفندقية,Makkah,10012765,Unclassified/Other,Active,300411
Tarteebat Establishment For Real Estate,مؤسسة ترتيبات للعقارات,Makkah,10012764,Unclassified/Other,Active,300371
Bawsalat alkiyan Establishment For Public Services,مؤسسة بوصلة الكيان للخدمات العامة,Makkah,10012763,Unclassified/Other,Active,300383
wahat aliqama Apartments,شقق واحة الإقامة,Makkah,10012762,Unclassified/Other,Active,300480
Tal Aljumayza Apartments For Furnished Apartments,شقق تال الجميزة للوحدات السكنية المفروشة,Makkah,10012761,Unclassified/Other,Active,300735
Abdulhakim Ibrahim Abdullah Altuweijri,مؤسسة عبدالحكيم ابراهيم عبدالله التويجري للمقاولات,Makkah,10012760,Unclassified/Other,Active,300435
MANSOUR FURAYJ ALOMAYRI Establishment Commercial,مؤسسة منصور بن فريج العميري التجارية,Makkah,10012759,Unclassified/Other,Active,300399
Alkeram Aljadid Hotel,مؤسسة فندق الكرام الجديد,Madinah,10010751,1-Star,Active,258715
afaq al marsa,شركة آفاق المرسى للتشغيل والصيانة ,Madinah,10010749,2-Star,Active,258695
COMPANY DIAFA ELGAMMAL LTD,شركة ضيافة الجمال المحدودة,Makkah,10010748,1-Star,Active,269046
Al Sanabel althahabyah Hotel for Hotel Services,فندق السنابل الذهبية للخدمات الفندقيه,Makkah,10009263,1-Star,Active,287975
Hamdhan bin Sulaym Alluhaybi Alharbi charitable,وقف حمدان بن سليم اللهيبي الحربي,Makkah,10011162,1-Star,Active,290255
Jayden Masar Company,شركة جايدن ماسار,Makkah,10011161,1-Star,Active,289976
Alhijaz Almasi Company To operate hotels,شركة الحجاز الماسي لتشغيل الفنادق,Madinah,10011160,Unclassified/Other,Active,289876
Regency View Hotel,شركة ريجنسي فيو الفندقية,Madinah,10011158,Unclassified/Other,Active,290375
Group For operation and maintenance,مجموعة وليد محمد عزيزالرحمن عزيزالرحمن للتشغيل والصيانة,Makkah,10011871,Unclassified/Other,Active,293488
Hanan Aida Jaber Almutarifi Company,شركة حنان عيضة جابر المطرفي,Makkah,10011870,Unclassified/Other,Active,294123
Hibat company,شركة هبات للمقاولات العامة والصيانة والنظافة والتسويق,Makkah,10011911,Unclassified/Other,Active,293967
skab alasil Company,شركة سكب الاصيل,Makkah,10011910,1-Star,Active,295076
Aala alSaeed Company For Contracting,شركة اعالى الصعيد للمقاولات,Makkah,10011909,Unclassified/Other,Active,294356
Istiqbaal Tawdi Company For transportation,شركة استقبال توديع للنقل,Makkah,10011908,Unclassified/Other,Active,299247
rafahiya sitta Hotel For Tourist Accommodation,فندق رفاهية ستة للايواء السياحي,Makkah,10011907,Unclassified/Other,Active,294326
ALI HAMOUD ALTURAIFI Hostel For tourist lodges,نزل علي حمود الطريفي للنزل السياحيه,Makkah,10011906,Unclassified/Other,Active,293884
ABOLABAN,شركة جمال سامى ابولبن التجارية,Makkah,10011905,Unclassified/Other,Active,294875
Diyafat Al-alam company,شركة ضيافات العالم للاستثمار,Makkah,10011904,Unclassified/Other,Active,293818
kunuz alrahma Establishment Hotel,مؤسسة كنوز الرحمة الفندقية,Makkah,10011903,Unclassified/Other,Active,293820
ADEL AMEEN HAFEZ Company Ltd.,شركة عادل بن امين حافظ المحدودة,Makkah,10011902,Unclassified/Other,Active,293827
COMPANY UNIQUE STAR,شركة يونيك ستار,Makkah,10010661,1-Star,Active,289475
Moro Global Company for Apartments and Hotels,شركة مورو العالمية للشقق والفنادق شركة شخص واحد,Makkah,10010758,1-Star,Active,294320
AlRisala Ajyad Foundation,مؤسسة الرسالة اجياد,Makkah,10010757,1-Star,Active,258975
Karam Al Hejaz Hotel,فندق كرم الحجاز الفندقية,Madinah,10002024,Unclassified/Other,Active,258795
Sulaiman Bin Musa Bin Hamad Al Olayan Hotel,فندق سليمان بن موسى بن حمد العليان للضيافة السياحي,Makkah,10011091,1-Star,Active,289435
Namaa Alasryah Hotel Company,شركة نماء العصرية للفنادق,Makkah,10011089,1-Star,Active,289336
Matruk Misfar Alotaibi Altejariyah Establishment,مؤسسة متروك مسفر العتيبي التجاريه,Makkah,10011506,Unclassified/Other,Active,291962
Rayhana alBayt Hotel Hotel,فندق ريحانة البيت الفندقية,Makkah,10011505,Unclassified/Other,Active,291556
Raed Wan Hostel,نزل رائد وان,Madinah,10011504,Unclassified/Other,Active,292855
albayda almiamariya Establishment For Contracting,مؤسسة البيضاء المعمارية للمقاولات,Makkah,10011503,Unclassified/Other,Active,291935
alamd alarabi Company Ltd. sharikat shakhs wahid,شركة الامد العربي المحدودة شركة شخص واحد,Makkah,10012758,Unclassified/Other,Active,300397
Naba alIzz Establishment For General Contracting,مؤسسة نبع العز للمقاولات العامة,Makkah,10012756,Unclassified/Other,Active,300396
Faisal Fahd Hamid Alomairi Establishment To operat,مؤسسة فيصل فهد حميد العميرى لتشغيل الفنادق,Makkah,10012755,Unclassified/Other,Active,300398
almasat almashair Company To operate hotels,شركة الماسة المشاعر لتشغيل الفنادق,Makkah,10012754,Unclassified/Other,Active,300457
almasat almashair Company To operate hotels,شركة الماسة المشاعر لتشغيل الفنادق,Makkah,10012753,Unclassified/Other,Active,300428
Ruz Alaziziyah Establishment Commercial,مؤسسة روز العزيزية التجارية,Makkah,10012752,Unclassified/Other,Active,300402
Asas AlAqar Company,شركة اسس العقار,Makkah,10012751,Unclassified/Other,Active,300455
AlDiyafa AlAsriya Company Hotel,شركة الضيافة العصرية الفندقية,Makkah,10012750,Unclassified/Other,Active,300437
arwiqat alsafwa Hotel,فندق أروقة الصفوة,Makkah,10012749,Unclassified/Other,Active,300407
Manarat Jarwal Hotel,شركة منارات جرول الفندقية شركة شخص واحد,Makkah,10011074,1-Star,Active,299620
Abdulrahman Nasser Ali Al-Ghufais General Contract,مؤسسة عبدالرحمن ناصر بن علي الغفيص للمقاولات المعمارية العامة,Makkah,10011266,Unclassified/Other,Active,290896
ELAF AL RAYYAN HOTEL,فندق ايلاف الريان الفندقية شخص واحد,Makkah,10011264,1-Star,Active,290616
Makin Hotel Company,شركة مكين الفندقية,Madinah,10011263,1-Star,Active,290495
AL ANSAR PLATINUM Hotel,فندق الانصار بلاتينوم,Madinah,10011262,1-Star,Active,290435
nozol alwad,نزل ديار الوعد للنزل السياحيه,Makkah,10011261,1-Star,Active,292375
ADEL HUSSAIN ALQURASHI Hostel For tourist lodges,نزل عادل بن حسين القرشي للنزل السياحيه,Makkah,10011260,Unclassified/Other,Active,290897
ajwa alhatim Company Hotel,شركة أجواء الحطيم الفندقية,Makkah,10011259,Unclassified/Other,Active,290697
ABID EIDHA ALHARTHI Establishment,مؤسسة عابد عيضه الحارثي للخدمات العامة,Makkah,10011869,Unclassified/Other,Active,293825
Bayt Salsabeel For Hotel Services Company,شركة بيت سلسبيل للخدمات الفندقيه,Madinah,10011868,1-Star,Active,295015
Moro Company Global lilshqq walfanadiq sharikat sh,شركة مورو العالمية للشقق والفنادق شركة شخص واحد,Makkah,10011901,Unclassified/Other,Active,293882
ajnihat almashair Company Ltd.,شركة اجنحة المشاعر المحدودة,Makkah,10011900,1-Star,Active,294040
MUTEB AWWADHAH ALSULAMI Hostel For tourist lodges,نزل متعب عواضه السلمى للنزل السياحيه,Makkah,10011899,Unclassified/Other,Active,293941
Al Ayam Ajyad Hotel Company for Tourism and Hospit,شركة فندق الأيام اجياد للضيافة السياحي,Makkah,10011898,1-Star,Active,296017
Moro Company Global lilshqq walfanadiq sharikat sh,شركة مورو العالمية للشقق والفنادق شركة شخص واحد,Makkah,10011897,Unclassified/Other,Active,293920
rakaiz albunyan Establishment Real Estate,مؤسسة ركائز البنيان العقارية,Makkah,10011896,Unclassified/Other,Active,293787
Moro Company Global lilshqq walfanadiq sharikat sh,شركة مورو العالمية للشقق والفنادق شركة شخص واحد,Makkah,10011895,Unclassified/Other,Active,293939
Albadia Zaman Restaurant For Meals,مطعم البادية زمان لتقديم الوجبات,Makkah,10011894,Unclassified/Other,Active,296095
Mohammed bin Riyal bin Mohammed Sadhan Hotel Opera,مؤسسة محمد بن ريال بن محمد صادهان لتشغيل الفنادق,Makkah,10011893,Unclassified/Other,Active,293795
Hazm almawani Establishment,مؤسسة حزم الموانئ,Makkah,10011892,Unclassified/Other,Active,293800
qimam alsaqi Company Hotel,شركة قمم الساقي الفندقية,Makkah,10012991,1-Star,Active,301935
MOHAMMAD SALEH ROZZA Company,شركة محمد بن صالح رزه,Makkah,10012320,Unclassified/Other,Active,299248
alBuhayrat alDawliyah Establishment,مؤسسة البحيرات الدولية للمقاولات العامة,Makkah,10012319,Unclassified/Other,Active,297835
MUTEB AWWADHAH ALSULAMI Hostel For tourist lodges,نزل متعب عواضه السلمى للنزل السياحيه,Makkah,10012318,Unclassified/Other,Active,298235
nazilin al tijariya shakhs wahid Company,شركة نازلين التجارية شخص واحد,Makkah,10012317,Unclassified/Other,Active,297855
dar al tayib kadi Hotel Hotel,فندق دار الطيب كدي الفندقية,Makkah,10012316,Unclassified/Other,Active,298095
AHMAD ABDULFATTAH MOUSA Establishment,مؤسسة احمد عبدالفتاح موسى,Makkah,10012314,Unclassified/Other,Active,298415
alRaqi Establishment For Architectural Contracting,مؤسسة الراقي للمقاولات المعمارية,Makkah,10012313,Unclassified/Other,Active,299336
Matouq Mohammed Noor Ahmed Sindi Contracting Esta,مؤسسة معتوق محمدنور احمد سندى للمقاولات,Makkah,10012312,Unclassified/Other,Active,298315
yaqub bayk alqawqandi charitable trust,وقف يعقوب بيك القوقندي,Makkah,10012311,Unclassified/Other,Active,299759
SOLAIMAN SAFI SARRAJ Hostel For tourist lodges,نزل سليمان صافي سراج للنزل السياحيه,Makkah,10012310,Unclassified/Other,Active,298015
Establishment AHMAD MOHAMED BEN MOHAMED ALWAHIDI C,مؤسسة أحمد محمد بن محمد الواحدي التجارية,Makkah,10012482,Unclassified/Other,Active,299498
KHALAF GHAZI ALISMAIL Hostel For tourist lodges,نزل خلف غازي السماعيل للنزل السياحيه,Makkah,10012490,Unclassified/Other,Active,299457
ABDULLAH ODAH ALMOHLBDI Hostel For tourist lodges,نزل عبدالله عوده المحلبدي للنزل السياحيه,Makkah,10012481,Unclassified/Other,Active,299622
Burj alKhayr Company For Property Management,شركة برج الخير لادارة الأملاك,Makkah,10012480,Unclassified/Other,Active,299741
Burj alKhayr Company For Property Management,شركة برج الخير لادارة الأملاك,Makkah,10012479,Unclassified/Other,Active,299715
Mohammed bin Abdo bin Mohammed Al-Asiri Establishm,مؤسسة محمد بن عبده بن محمد العسيري للمواد الغذائية,Makkah,10012478,Unclassified/Other,Active,299626
almanzuma alwahida Company,شركة المنظومة الواحدة للمقاولات المعمارية شخص واحد,Makkah,10012477,1-Star,Active,299979
Musaed Bin Hussein Bin Khaishan Al-Omairi Contract,مؤسسة مساعد بن حسين بن خيشان العميري للمقاولات,Makkah,10012489,Unclassified/Other,Active,299595
Afwaj alBayt Establishment For Umrah Services,مؤسسة افواج البيت لخدمات المعتمرين,Makkah,10012476,Unclassified/Other,Active,299795
nur manazil alkaram Hotel Hotel,فندق نور منازل الكرام الفندقية,Makkah,10012474,Unclassified/Other,Active,299456
Al Hijaz Al Mubaraka Establishment,مؤسسة الحجاز المباركة,Madinah,10012309,1-Star,Active,301655
Diyafat Al-alam company,شركة ضيافات العالم للاستثمار,Makkah,10012308,Unclassified/Other,Active,297895
ABDULLAH SULIMAN MASHAT Establishment,مؤسسة عبدالله سليمان مشاط,Makkah,10012628,Unclassified/Other,Active,300901
Saraya Al Naseem Hostel,نزل سرايا النسيم,Makkah,10012627,Unclassified/Other,Active,301378
Muwaffaq Abdulhai Muhammad Amira General Contracti,مؤسسة موفق بن عبدالحى بن محمد عميره للمقاولات العامة,Makkah,10012625,Unclassified/Other,Active,300266
almas agha waqf,وقف الماس اغا,Makkah,10012624,Unclassified/Other,Active,300236
asfour alaqleemiya Company for Hotel services,شركة عصفور الاقليمية للخدمات الفندقية,Makkah,10012623,1-Star,Active,300317
MUSTAFA HAMID ASHOUR Hotel,فندق مصطفى بن حامد عاشور,Makkah,10012622,Unclassified/Other,Active,300275
Ward AlTanmawiyya Establishment Hotel,مؤسسة ورد التنموية الفندقية,Makkah,10012621,Unclassified/Other,Active,301135
Asfar alhijaz alealamia Company For investment,شركة أسفار الحجاز العالمية للاستثمار,Makkah,10012473,Unclassified/Other,Active,299797
Durat alTawhid Hotel For Tourist Accommodation,فندق درة التوحيد للايواء السياحي,Makkah,10012472,Unclassified/Other,Active,299618
ISRAA MOON GLOBAL Company,شركة إسراء مون غلوبال,Makkah,10012471,Unclassified/Other,Active,299675
muhammad ali hamid ghafuri Establishment,مؤسسة محمد علي حامد غفوري,Makkah,10012470,Unclassified/Other,Active,299704
Anwar Al Salah Company Ltd.,شركة انوار الصلاح المحدودة,Makkah,10012469,1-Star,Active,300358
Oyoun Al Taj International Company LTD,شركة عيون التاج الدولية المحدودة,Makkah,10012467,Unclassified/Other,Active,299742
Yasser Mutair AlFahmi General Contracting Establi,مؤسسة ياسر مطير الفهمي للمقاولات عامة,Makkah,10012466,Unclassified/Other,Active,299635
ABDULLAH ATIAH AZIZ ALZAHRANI Company,شركة عبدالله عطيه عزيز الزهراني للخدمات العامة,Makkah,10012475,Unclassified/Other,Active,299623
aknan alsafa Company Hotel,شركة اكنان الصفا الفندقية,Makkah,10012465,Unclassified/Other,Active,299768
Ithar Al Safwa Travel and Tourism Establishment Ho,مؤسسة ايثار الصفوة للسفر و السياحة,Makkah,10012464,Unclassified/Other,Active,299621
isa muhammad ibrahim rawas charitable trust,وقف عيسى محمد ابراهيم رواس,Makkah,10012907,Unclassified/Other,Active,301975
Sunaa Alnajah Hostel For tourist lodges,نزل صناع النجاح للنزل السياحيه,Makkah,10012906,Unclassified/Other,Active,301075
Sunaa Alnajah Hostel For tourist lodges,نزل صناع النجاح للنزل السياحيه,Makkah,10012905,Unclassified/Other,Active,301716
Fuhaydalbunyani Establishment Commercial,مؤسسة فهيدالبنياني التجارية,Makkah,10012904,Unclassified/Other,Active,301217
Abdullah Abdulkarim Al Othaim Al Muttahida Hotel,فندق عبدالله عبدالكريم العثيم المتحدة,Makkah,10012903,Unclassified/Other,Active,301196
Ahd Saad bin Musaad Alharithi Establishment,مؤسسة عهد سعد بن مساعد الحارثي لتشغيل الفنادق,Makkah,10012901,Unclassified/Other,Active,301055
Hilm Company For Travel and tourism,شركة حلم للسفر و السياحة شركة شخص واحد,Makkah,10012900,Unclassified/Other,Active,301056
manarat jarul Company Hotel sharikat shakhs wahid,شركة منارات جرول الفندقية شركة شخص واحد,Makkah,10012899,1-Star,Active,301201
Mohammad Aref Sheikh Omar wa Zawjatuhu Karima char,وقف محمد عارف شيخ عمر وزوجته كريمة,Makkah,10012898,Unclassified/Other,Active,301222
altur 5 Company,شركة الطور 5,Makkah,10012897,Unclassified/Other,Active,301076
awtar alfn Company To operate hotels,شركة أوتار الفن لتشغيل الفنادق,Makkah,10012620,Unclassified/Other,Active,300095
Snood Company Hotel sharikat musahama muqfala,شركة سنود الفندقية شركة مساهمة مقفلة,Makkah,10012619,Unclassified/Other,Active,300035
amal almashair Establishment To operate hotels,مؤسسة أمل المشاعر لتشغيل الفنادق,Makkah,10012618,Unclassified/Other,Active,300270
OSAMA AHMAD M ALBOURAE Hostel,نزل اسامه بن احمد بن محمد بارحيم البرعى,Makkah,10012616,Unclassified/Other,Active,300415
Nozhat Al-Mushtaq Hotel Company,شركة نزهة المشتاق الفندقية شخص واحد,Makkah,10012615,Unclassified/Other,Active,300265
Mansour Abdulaziz Saud Al-Dughaither Hotel,فندق منصور عبدالعزيز سعود الدغيثر الفندقية,Makkah,10012660,Unclassified/Other,Active,300297
"Al-Saqr International Trading, Industry and Invest",شركة الصقر العالمية للتجارة والصناعة والاستثمار المحدودة,Makkah,10012659,Unclassified/Other,Active,301575
HUSSAIN ALI M ALHAYYAN Hostel,نزل حسين علي محمد الحيان,Makkah,10012658,Unclassified/Other,Active,300695
TURKI MOHAMMED ALMUQATI Establishment Holding,مؤسسة تركى محمد المقاطى القابضة,Makkah,10012657,Unclassified/Other,Active,300337
Diyar Al Rayan Hotel Hotel,فندق ديار الريان الفندقية,Makkah,10012463,Unclassified/Other,Active,299778
alamir abd alahad amir bokhari charitable trust,وقف الأمير عبد الأحد أمير بخارى,Makkah,10012462,Unclassified/Other,Active,299616
subl alhayat alkhaleejia Company For Contracting,شركة سبل الحياة الخليجية للمقاولات,Makkah,10012461,Unclassified/Other,Active,299374
Yaqzan Saleh Al-Jabri Tourist Hospitality Inn,نزل يقظان صالح الجابري للضيافة السياحي,Makkah,10012460,Unclassified/Other,Active,300857
Maatouk Mohammed Noor Ahmed Sandi Contracting Esta,مؤسسة معتوق محمدنور احمد سندى للمقاولات,Makkah,10012458,Unclassified/Other,Active,299740
ISMAIL FALLATAH HOSTEL,مؤسسة محمد اسماعيل على فلاته الفندقية,Makkah,10012457,Unclassified/Other,Active,299769
mabna aldar albayda Establishment,مؤسسة مبنى الدار البيضاء,Makkah,10012456,Unclassified/Other,Active,299435
Nazal Nawaf Abdulaziz bin Abdullah Al-Essa,نزل نواف عبدالعزيز بن عبدالله العيسى,Makkah,10012455,Unclassified/Other,Active,299475
M A B H Establishment,مؤسسة إم إيه بي إتش,Makkah,10012454,Unclassified/Other,Active,299625
Muhamis Shumukh Alkeif Company For coffee,شركة محامص شموخ الكيف للقهوة,Makkah,10012453,Unclassified/Other,Active,299697
alhulul alasriyah Office For Real Estate Services,مكتب الحلول العصرية للخدمات العقارية,Makkah,10012896,Unclassified/Other,Active,301115
Murjanat Alhijaz Hotel Hotel,فندق مرجانة الحجاز الفندقية,Makkah,10012908,1-Star,Active,301435
ABDULRAHMAN ABDULRAHIM BAWZEER Establishment,مؤسسة عبدالرحمن بن عبدالرحيم باوزير,Makkah,10012889,Unclassified/Other,Active,301095
alfrsan aldhhbyh Company To operate hotels,شركة الفرسان الذهبيه لتشغيل الفنادق,Makkah,10012596,Unclassified/Other,Active,299702
MANSOUR FURAYJ ALOMAYRI Establishment Commercial,مؤسسة منصور بن فريج العميري التجارية,Makkah,10012594,Unclassified/Other,Active,299879
imad alaziziya Company Commercial,شركة عماد العزيزية التجارية,Makkah,10012593,Unclassified/Other,Active,299976
HELAL,مؤسسة هلال حاسن بن حمدان القشمري التجارية,Makkah,10012592,Unclassified/Other,Active,299996
aljawahir alnabiyla Center,مركز الجواهر النبيلة,Makkah,10012591,Unclassified/Other,Active,299835
ghayth sitar Establishment,مؤسسة غيث ستار,Makkah,10012590,Unclassified/Other,Active,300221
diar albnna Establishment Commercial,مؤسسة ديار البناء التجارية,Makkah,10012598,Unclassified/Other,Active,300279
dar saqifah Establishment,مؤسسة دار سقيفة,Makkah,10012597,Unclassified/Other,Active,299754
AHMED MOHAMMEDFARUQ ALANA Establishment,مؤسسة احمد محمدفاروق الانا,Makkah,10012589,Unclassified/Other,Active,300245
ALI ABDULLAH BAATIYYAH Establishment Hotel,مؤسسة على عبدالله باعطيه الفندقية,Makkah,10012655,Unclassified/Other,Active,300301
SULAIMAN ABDULLAH ALMEKHLEF Establishment,مؤسسة سليمان بن عبدالله المخلف,Makkah,10012654,Unclassified/Other,Active,300230
Omar Bin Mohammed AlAmro Establishment,مؤسسة عمر بن محمد العمرو ا التجارية,Makkah,10012653,Unclassified/Other,Active,300224
alkhaymah Company To operate hotels,شركة الخيمة لتشغيل الفنادق,Makkah,10012652,Unclassified/Other,Active,300237
saadat aldaryn Establishment,مؤسسة سعادة الدارين,Makkah,10012651,Unclassified/Other,Active,300390
alruh alhurra Company Hotel,شركة الروح الحرة الفندقية,Makkah,10012649,Unclassified/Other,Active,300268
funduq alsaqriyah Company Hotel,شركة فندق الصقرية الفندقية,Makkah,10012648,1-Star,Active,300231
alRisalah alJawar Hotel For Hotel Services,فندق الرسالة الجوار للخدمات الفندقيه,Makkah,10012647,Unclassified/Other,Active,300263
wahat aliqama Apartments,شقق واحة الإقامة,Makkah,10012645,Unclassified/Other,Active,300271
Rafia Badi Faleh AlJahmi,مؤسسة رفيعه بديع فالح الجهمي للصيانة والنظافة,Makkah,10012452,Unclassified/Other,Active,299619
Establishment For Hotel Services,مؤسسة تميز الصفوة للخدمات الفندقيه,Makkah,10012459,Unclassified/Other,Active,299743
aljud walsalam Hostel For tourist lodges,نزل الجود والسلام للنزل السياحيه,Makkah,10012451,Unclassified/Other,Active,299631
masar almiawiya Establishment Commercial,مؤسسة مسار المئوية التجارية,Makkah,10012450,Unclassified/Other,Active,299371
masar almiawiya Establishment Commercial,مؤسسة مسار المئوية التجارية,Makkah,10012449,Unclassified/Other,Active,299397
aljaber alkhadamat aldawliyah Company Ltd.,شركة الجابر الخدمات الدولية المحدودة,Makkah,10012448,Unclassified/Other,Active,299366
alfrsan aldhhbyh Company To operate hotels,شركة الفرسان الذهبيه لتشغيل الفنادق,Makkah,10012447,Unclassified/Other,Active,299497
Husayn Tahir Fayumi charitable trust,وقف حسين طاهر فيومي,Makkah,10012950,Unclassified/Other,Active,301337
HELAL,مؤسسة هلال حاسن بن حمدان القشمري التجارية,Makkah,10012949,Unclassified/Other,Active,301317
muhammad ali bin mulla isa charitable trust,وقف محمد علي بن ملا عيسى,Makkah,10012948,Unclassified/Other,Active,301535
Qalat AlTanfeez Establishment For Contracting,مؤسسة قلعة التنفيذ للمقاولات,Makkah,10012886,Unclassified/Other,Active,301077
OMAR MAHMOUD ALMALKI Establishment Commercial,مؤسسة عمر محمود المالكى التجارية,Makkah,10012885,Unclassified/Other,Active,301116
alriyada alalamia Company For Travel and tourism,شركة الريادة العالمية للسفر و السياحة,Makkah,10011143,1-Star,Active,289776
qasr alkadi Hotel Hotel,فندق قصر الكادي الفندقية,Makkah,10011141,1-Star,Active,289755
akhyar almahbas Company Hotel,شركة أخيار المحبس الفندقية,Makkah,10011140,1-Star,Active,290815
Aatif Alhaditha Establishment Commercial,مؤسسة عاطف الحديثة التجارية,Makkah,10012588,Unclassified/Other,Active,300015
masar almiawiya Establishment Commercial,مؤسسة مسار المئوية التجارية,Makkah,10012587,Unclassified/Other,Active,300401
Barakat AlMakkiyya Establishment For Trips,مؤسسة بركة المكية لتنظيم الرحلات,Makkah,10012586,Unclassified/Other,Active,300273
Shali Residence Serviced Apartments,شقق شالي ريزيدنس للشقق المخدومة,Makkah,10012585,Unclassified/Other,Active,299877
Barakat AlMakkiyya Establishment For Trips,مؤسسة بركة المكية لتنظيم الرحلات,Makkah,10012584,Unclassified/Other,Active,299998
almudhia almasiya Company Ltd.,شركة المضيئة الماسية المحدودة,Makkah,10012580,1-Star,Active,300240
SUL10 Company,شركة سول10,Makkah,10012579,Unclassified/Other,Active,299755
ABDULAZIZ HAMED H ALQURASHI,مؤسسة عبدالعزيز حامد بن حميد القرشي للمقاولات المعمارية,Makkah,10013023,1-Star,Active,302155
Moro Company Global lilshqq walfanadiq sharikat sh,شركة مورو العالمية للشقق والفنادق شركة شخص واحد,Makkah,10013019,1-Star,Active,302295
Noor AlSalam AlMuttahida Company Commercial,شركة نور السلام المتحدة التجارية,Makkah,10013018,1-Star,Active,302215
HOTEL JUWANAA ALHIJRAH HOTES,فندق جوانا الهجرة الفندقية,Makkah,10013030,1-Star,Active,302555
Moro Company Global lilshqq walfanadiq sharikat sh,شركة مورو العالمية للشقق والفنادق شركة شخص واحد,Makkah,10013043,1-Star,Active,302475
Raed Wan Hostel,نزل رائد وان,Madinah,10013092,Unclassified/Other,Active,302655
P C MADINA Company,شركة بي سي مادينا,Madinah,10012976,Unclassified/Other,Active,301875
jawana alhijra Hotel Hotel,فندق جوانا الهجرة الفندقية,Makkah,10013070,1-Star,Active,302556
asmak albasmah Company,شركة أسماك البسمة,Makkah,10013103,1-Star,Active,302717
Sarh Al Ihsan Company,شركة صرح الإحسان,Makkah,10012964,1-Star,Active,302315
almasat almashair Company To operate hotels,شركة الماسة المشاعر لتشغيل الفنادق,Makkah,10012962,1-Star,Active,301515
AL FAYROZ SHATTA HOTEL,فندق الفيروز شطة,Madinah,10002451,Code 10,Active,235743
Al Fayrouz Shatta Hotel Company,شركة فندق الفيروز شطة الفندقية,Madinah,10002451,Unclassified/Other,Active,301555
riyadat alamakin Company For investment,شركة ريادة الأماكن للاستثمار,Makkah,10013126,1-Star,Active,302715
Sharif Mansour bin Saleh bin Mohammed Abu Riyash E,نزل أوقاف الشريف منصور بن صالح بن محمد أبو رياش للضيافة السياحي,Makkah,10012578,Unclassified/Other,Active,299799
Fadl alKhayr Company Hotel,شركة فضل الخير الفندقية,Makkah,10012577,Unclassified/Other,Active,299745
Endowments Of Bhopal ligament,وقف اربطة بهوبال,Makkah,10012576,Unclassified/Other,Active,300377
The Muhammad Uthman Al-Mujallad Malibari Foundatio,مؤسسة محمد عثمان المجلد مليباري وبكر محي الدين علوي مليباري ومحمد احمد بكر مليباري,Makkah,10012575,Unclassified/Other,Active,299777
sadaf alkhayr Company for Hotel services,شركة صدف الخير للخدمات الفندقية,Makkah,10012574,Unclassified/Other,Active,299779
MASHHOUR FAISAL ALSHARIF Hostel,نزل مشهور فيصل الشريف,Makkah,10012573,Unclassified/Other,Active,300620
"Lamset Diaa Al Mustaqbal Trading Company, a single",نزل لمسة ضياء المستقبل التجارية شخص واحد قابضة,Makkah,10012572,Unclassified/Other,Active,299915
EBRAHEM SAUD ALHALAF Hostel,نزل ابراهيم سعود الحلاف,Makkah,10012571,Unclassified/Other,Active,299760
HASHEM ABDULLAH BAZ Hostel,نزل هاشم بن عبدالله باز,Makkah,10012583,Unclassified/Other,Active,300835
kunuz alkhayal Establishment,مؤسسة كنوز الخيال,Makkah,10012570,Unclassified/Other,Active,300284
wardat alasil Hotel For Hotel Services,فندق وردة الأصيل للخدمات الفندقيه,Makkah,10013145,1-Star,Active,302775
luluat almishal Hotel For Tourist Accommodation,فندق لؤلؤة المشعل للايواء السياحي,Makkah,10013140,Unclassified/Other,Active,302755
Ambassadors of Reconstruction Foundation for Gener,مؤسسة سفراء الاعمار للمقاولات العامة,Makkah,10011931,Unclassified/Other,Active,294976
Sidan alaamal Company Ltd.,شركة سدن الأعمال المحدودة,Makkah,10011929,Unclassified/Other,Active,293788
Establishment For laundry,مؤسسة راكان راجح ضيف الله الكبكبي لغسيل الملابس,Makkah,10011928,Unclassified/Other,Active,294039
almanar Agency For Trips,وكالة المنار لتنظيم الرحلات,Makkah,10011926,Unclassified/Other,Active,293877
riyadat alamakin Company For investment,شركة ريادة الأماكن للاستثمار,Makkah,10012969,1-Star,Active,301955
Mazen Nweir Ambarik Alhudhali Establishment,مؤسسة مازن نوير امبيريك الهذلى لخدمات السيارات,Makkah,10012569,Unclassified/Other,Active,299801
Invictus Construction Company,شركة إنفيكتوس كونستراكشن,Makkah,10012581,Unclassified/Other,Active,299977
alfrsan aldhhbyh Company To operate hotels,شركة الفرسان الذهبيه لتشغيل الفنادق,Makkah,10012562,Unclassified/Other,Active,299758
Asala Alhijaz Establishment Hotel,مؤسسة أصالة الحجاز الفندقية,Makkah,10012568,Unclassified/Other,Active,299936
Diyafat Alalam,شركة ضيافات العالم للاستثمار,Makkah,10012561,Unclassified/Other,Active,299765
kunuz makka Company Ltd.,شركة كنوز مكة المحدودة,Makkah,10012567,Unclassified/Other,Active,299975
Najmat Alnuzhah Alula Hotel For Hotel Apartments,فندق نجمة النزهة الأولى للشقق الفندقية,Makkah,10012566,Unclassified/Other,Active,299999
SAAD SULAIMAN ALHEMAYED Establishment Commercial,مؤسسة سعد بن سليمان الحميد التجارية,Makkah,10012565,Unclassified/Other,Active,299980
AHMED ALI ALBLEWI Hostel For tourist lodges,نزل احمد علي البلوي للنزل السياحيه,Makkah,10012560,Unclassified/Other,Active,299800
Burj alKhayr Company For Property Management,شركة برج الخير لادارة الأملاك,Makkah,10012559,Unclassified/Other,Active,299788
Establishment AL FANNOUN IBAD For Trading,مؤسسة الفنون ابعاد للتجارة,Makkah,10012445,Unclassified/Other,Active,299343
rukn almashair aldhahabiya Company For Real Estate,شركة ركن المشاعر الذهبية للعقارات,Makkah,10012444,Unclassified/Other,Active,299275
Bassel Omar Mubarak Baarmah Limited,مؤسسة باسل عمر مبارك باعارمه المحدودة,Makkah,10012443,Unclassified/Other,Active,299368
Basel Omar Mubarak Ba'armah Limited,مؤسسة باسل عمر مبارك باعارمه المحدودة,Makkah,10012442,Unclassified/Other,Active,299340
waqar almadinah Company,شركة وقار المدينة,Madinah,10012441,1-Star,Active,299341
alkhaymah Company To operate hotels,شركة الخيمة لتشغيل الفنادق,Makkah,10012440,1-Star,Active,299655
Anwar Almarjan Company Ltd.,شركة أنوار المرجان المحدودة,Makkah,10012446,Unclassified/Other,Active,299347
Asil Ajiad Hotel For Tourist Accommodation,فندق أسيل أجياد للايواء السياحي,Makkah,10012439,Unclassified/Other,Active,299701
Alnuzhah althaniyah Hotel For Hotel Apartments,فندق النزهة الثانية للشقق الفندقية,Makkah,10012438,Unclassified/Other,Active,299878
AlDiyafa AlHijaziyya Establishment,مؤسسة الضيافة الحجازية للتطوير والاستثمار العقاري,Makkah,10012437,Unclassified/Other,Active,299372
Mkarem Rose Hotel,فندق مكارم روز,Makkah,10013062,1-Star,Active,302675
Shaza Al-Wissam Hotel Establishment,مؤسسة فندق شذي الوسام الفندقية,Makkah,10013061,1-Star,Active,302575
Wadam Company for Hotel services,شركة ودام للخدمات الفندقية,Makkah,10012558,Unclassified/Other,Active,299700
Wadam Company for Hotel services,شركة ودام للخدمات الفندقية,Makkah,10012557,Unclassified/Other,Active,299750
Yazan Farid bin Badri Assas Office For Real Estate,مكتب يزن فريد بن بدري عساس للعقارات,Makkah,10012556,Unclassified/Other,Active,299896
SAWAED AL KHAIR,شركة سواعد الخير للاستثمار,Makkah,10012564,Unclassified/Other,Active,300299
indimaj ruya Company,شركة إندماج رؤيا,Makkah,10012555,Unclassified/Other,Active,300258
ADEL ALIJAMAL ALZMAZAMI Establishment,مؤسسة عادل على جمال الزمزمي,Makkah,10012554,Unclassified/Other,Active,299897
Jawharat alMuna Establishment For Contracting,مؤسسة جوهرة المنى للمقاولات,Makkah,10012563,Unclassified/Other,Active,299875
Fadl alKhayr Company Hotel,شركة فضل الخير الفندقية,Makkah,10012549,Unclassified/Other,Active,299748
layma almasi Establishment,مؤسسة ليمة الماسي,Makkah,10012548,Unclassified/Other,Active,299898
Burj alKhayr Company For Property Management,شركة برج الخير لادارة الأملاك,Makkah,10012547,Unclassified/Other,Active,299767
SAAD SULAIMAN ALHEMAYED Establishment Commercial,مؤسسة سعد بن سليمان الحميد التجارية,Makkah,10012436,Unclassified/Other,Active,299699
SAAD SULAIMAN ALHEMAYED Establishment Commercial,مؤسسة سعد بن سليمان الحميد التجارية,Makkah,10012435,Unclassified/Other,Active,299355
Burj alKhayr Company For Property Management,شركة برج الخير لادارة الأملاك,Makkah,10012434,Unclassified/Other,Active,299737
najoud abdo bin mohammed samili trading establishm,مؤسسة نجود عبده بن محمد صميلي التجارية,Makkah,10012433,Unclassified/Other,Active,299338
ABDULAZIZ SUHAIL ALGHAMDI Company,شركة عبدالعزيز سهيل الغامدي,Makkah,10012432,Unclassified/Other,Active,299395
rukn almashair aldhahabiya Company For Real Estate,شركة ركن المشاعر الذهبية للعقارات,Makkah,10012430,Unclassified/Other,Active,299364
iklil aldiyafa Company To operate hotels,شركة إكليل الضيافة لتشغيل الفنادق,Makkah,10012429,Unclassified/Other,Active,299240
ADEL AMEEN HAFEZ Company Ltd,شركة عادل بن امين حافظ المحدودة,Makkah,10012428,Unclassified/Other,Active,300476
Establishment For laundry,مؤسسة راكان راجح ضيف الله الكبكبي لغسيل الملابس,Makkah,10012427,Unclassified/Other,Active,299243
funduq mubarak almajid Company For Hotel Services,شركة فندق مبارك الماجد للخدمات الفندقيه,Makkah,10012426,Unclassified/Other,Active,299762
luluat almishal Hotel For Tourist Accommodation,فندق لؤلؤة المشعل للايواء السياحي,Makkah,10013002,1-Star,Active,302495
Manazil Alhijra Establishment Hotel,مؤسسة منازل الهجرة الفندقية,Makkah,10012999,1-Star,Active,302135
Asala Alhijaz Establishment Hotel,مؤسسة أصالة الحجاز الفندقية,Makkah,10012553,Unclassified/Other,Active,299782
AHMED MUSAED ALGHAMDI Hostel,نزل احمد بن مساعد الغامدي,Makkah,10012546,Unclassified/Other,Active,299766
MEEZAB ALMASHAER HOTEL,شركة ميزاب الفندقية شركة شخص واحد,Makkah,10012552,1-Star,Active,300370
HUDA,مكتبة هدى السيد عبدربه عبدالعزيز للقرطاسية,Makkah,10012545,Unclassified/Other,Active,301595
alqimma alfunduqiya Company Ltd.,شركة القمة الفندقية المحدودة,Makkah,10012544,Unclassified/Other,Active,299876
Rizwan Al Khaleej Establishment For Contracting,مؤسسة رضوان الخليج للمقاولات,Makkah,10012543,Unclassified/Other,Active,300256
AYMAN KAMIL,مكتب دور التميز العقاري,Makkah,10012542,Unclassified/Other,Active,300075
Burj alKhayr Company For Property Management,شركة برج الخير لادارة الأملاك,Makkah,10012551,Unclassified/Other,Active,299785
MOHAMMED IBRAHEM ASAAD Establishment,مؤسسة محمد ابراهيم اسعد,Makkah,10012541,Unclassified/Other,Active,299978
Snood Company Hotel sharikat musahama muqfala,شركة سنود الفندقية شركة مساهمة مقفلة,Makkah,10012540,Unclassified/Other,Active,300001
HOTEL PALCS ALOLAYAN,فندق قصر العليان للشقق الفندقية,Makkah,10012425,Unclassified/Other,Active,299575
SALIM MOHAMMADALI ALQURASHI,مؤسسة سليم بن محمدعلي القرشي للنزل السياحيه,Makkah,10012424,Unclassified/Other,Active,299369
Snood Company Hotel sharikat musahama muqfala,شركة سنود الفندقية شركة مساهمة مقفلة,Makkah,10012431,Unclassified/Other,Active,299698
Isa Barkout Ahmed Al Salami Establishment Commerci,مؤسسة عيسى بركوت احمد السلامي التجارية,Makkah,10012423,Unclassified/Other,Active,300368
ayam alasil Hostel For tourist lodges,نزل أيام الاصيل للنزل السياحيه,Makkah,10012422,Unclassified/Other,Active,299365
Manar AlTawhid 2 Hotel Hotel,فندق منار التوحيد اثنين الفندقية,Makkah,10012421,Unclassified/Other,Active,299359
hudu alhijaz Hotel,فندق هدوء الحجاز,Makkah,10012420,Unclassified/Other,Active,299358
"Lamset Diaa Al Mustaqbal Trading Company, a single",نزل لمسة ضياء المستقبل التجارية شخص واحد قابضة,Makkah,10012419,Unclassified/Other,Active,299344
mohammed shreem,مؤسسة محمد عبدالقادر شريم التجارية,Makkah,10012418,Unclassified/Other,Active,299256
MUTEB AWWADHAH ALSULAMI Hostel For tourist lodges,نزل متعب عواضه السلمى للنزل السياحيه,Makkah,10012415,Unclassified/Other,Active,299373
SIRAJ AYIDH ALNIFAYEI Hostel,نزل سراج عايض النفيعى للضيافة السياحي,Makkah,10012539,Unclassified/Other,Active,300403
manabia alufuq Establishment,مؤسسة منابع الأفق,Makkah,10012550,Unclassified/Other,Active,299899
Fahad Ahmed Ismail Childrens Toys Establishment,مؤسسة فهد بن احمد بن احمد اسماعيل لالعاب الأطفال,Makkah,10012538,Unclassified/Other,Active,299703
AHMED MOHAMMEDFARUQ ALANA Establishment,مؤسسة احمد محمدفاروق الانا,Makkah,10012537,Unclassified/Other,Active,299935
Shumukh alJibal Establishment Hotel,مؤسسة شموخ الجبال الفندقية,Makkah,10012529,Unclassified/Other,Active,299784
Manar AlTawhid TWO Hotel,فندق منار التوحيد اثنين الفندقية,Makkah,10012536,Unclassified/Other,Active,299775
Motahar Abdullah Motahar Alamoudi Hostel,نزل مطهر عبدالله مطهر العمودي,Makkah,10012535,Unclassified/Other,Active,299815
Zayed Al Khair Establishment For Contracting,مؤسسة زايد الخير للمقاولات,Makkah,10012534,Unclassified/Other,Active,299753
MUTEB AWWADHAH ALSULAMI Hostel For tourist lodges,نزل متعب عواضه السلمى للنزل السياحيه,Makkah,10012528,Unclassified/Other,Active,299855
alajyal Exhibition For Cars,معرض الاجيال للسيارات,Makkah,10012533,Unclassified/Other,Active,299756
alkhaymah Company To operate hotels,شركة الخيمة لتشغيل الفنادق,Makkah,10012414,Unclassified/Other,Active,299245
almusimin Hostel,نزل الموسمين,Makkah,10012413,Unclassified/Other,Active,299735
ali mahmud shukri charitable trust,وقف علي محمود شكري,Makkah,10012412,Unclassified/Other,Active,299416
SALMAN MAYODH ALJIMAYEI Establishment,مؤسسة سلمان بن معيوض الجميعي,Makkah,10012411,Unclassified/Other,Active,299238
Establishment For laundry,مؤسسة راكان راجح ضيف الله الكبكبي لغسيل الملابس,Makkah,10012408,Unclassified/Other,Active,299250
RAYAN RAJEH ALKABKABI Hostel For Tourist,نزل ريان راجح الكبكبي للايواء السياحي,Makkah,10012407,Unclassified/Other,Active,299236
rukn almashair aldhahabiya Company For Real Estate,شركة ركن المشاعر الذهبية للعقارات,Makkah,10012406,Unclassified/Other,Active,299362
rukn almashair aldhahabiya Company For Real Estate,شركة ركن المشاعر الذهبية للعقارات,Makkah,10012405,Unclassified/Other,Active,299252
FAIQA FAYEZ EKRAM Hostel,نزل فائقه فايز اكرام,Makkah,10012404,Unclassified/Other,Active,299357
almasat almashair Company To operate hotels,شركة الماسة المشاعر لتشغيل الفنادق,Makkah,10012848,Unclassified/Other,Active,300635
Wagf Ahmed Alsairafi Bin Ahmed Bin Abbas Binyaseen,وقف أحمد الصيرفي بن أحمد بن عباس بن ياسين,Makkah,10012847,Unclassified/Other,Active,300697
ABDULLAH HASSAN A ABDALI Hostel For tourist lodges,نزل عبدالله بن حسن بن علي عبدلي للنزل السياحيه,Makkah,10012845,Unclassified/Other,Active,300876
amal almashair Establishment To operate hotels,مؤسسة أمل المشاعر لتشغيل الفنادق,Makkah,10012844,Unclassified/Other,Active,301915
rajan Apartments For Serviced Apartments,شقق راجان للشقق المخدومة,Makkah,10012843,Unclassified/Other,Active,301295
Nader Almahabbah Hotel Hotel,فندق نادر المحبة الفندقية,Makkah,10012842,Unclassified/Other,Active,300579
Makarem AlFirdaws Hotel Hotel,فندق مكارم الفردوس الفندقية,Makkah,10012841,1-Star,Active,302075
ABDULLAH HASSAN A ABDALI Hostel For tourist lodges,نزل عبدالله بن حسن بن علي عبدلي للنزل السياحيه,Makkah,10012840,Unclassified/Other,Active,300815
funduq arkan alaziziyah lilshuqaq Company,شركة فندق أركان العزيزية للشقق المخدومة شخص واحد,Makkah,10012532,Unclassified/Other,Active,300386
Rihab bint Khalid ibn Hasan alrifaei Est,مؤسسة رحاب بنت خالد ابن حسن عناالرفاعي للتجارة,Makkah,10012527,Unclassified/Other,Active,299751
Ibrahim Saud Al-Halaf descended,نزل ابراهيم سعود الحلاف,Makkah,10012531,Unclassified/Other,Active,299747
Afwaj alBayt Establishment For Umrah Services,مؤسسة افواج البيت لخدمات المعتمرين,Makkah,10012530,Unclassified/Other,Active,299783
Benon Alhadithah Company Limited Hostel,شركة بينون الحديثة المحدودة,Makkah,10012526,Unclassified/Other,Active,299763
tharawat almashair Company For Tourism,شركة ثروات المشاعر للسياحة,Makkah,10012525,Unclassified/Other,Active,300000
Mohammed Al Mahmadi for Temporary Hostels,مؤسسة محمد سلمى سليمان المحمادى للتجارة,Makkah,10012524,Unclassified/Other,Active,299997
EBRAHEM SAUD ALHALAF Hostel,نزل ابراهيم سعود الحلاف,Makkah,10012523,Unclassified/Other,Active,299764
alsadaq Company Holding,شركة الصداق القابضة,Makkah,10012644,Unclassified/Other,Active,300274
ALRAYAT METHADE ALKHALIJIYYA,شركة الرايات المتحدة الخليجية للمقاولات شخص واحد,Makkah,10012643,1-Star,Active,300135
AYEDH FALEH ALSHALWI Establishment,مؤسسة عائض بن فالح الشلوي,Makkah,10012402,Unclassified/Other,Active,301017
ABDULWAHAB HASAN SHAFEI Establishment,مؤسسة عبدالوهاب حسن شافعي,Makkah,10012401,Unclassified/Other,Active,299346
ADEL DAKHEL ALSALMI Hostel For tourist lodges,نزل عادل دخيل السالمى للنزل السياحيه,Makkah,10012416,Unclassified/Other,Active,299316
Doha tayiba Establishment For General Contracting,مؤسسة دوحة طيبة للمقاولات العامة,Makkah,10012400,Unclassified/Other,Active,299244
alnasim suwit Hostel For tourist lodges,نزل النسيم سويت للنزل السياحيه,Makkah,10012398,Unclassified/Other,Active,299315
Establishment For Hotel Services,مؤسسة تميز الصفوة للخدمات الفندقيه,Makkah,10012397,Unclassified/Other,Active,299417
Diyar Al Rayan Hotel Hotel,فندق ديار الريان الفندقية,Makkah,10012396,Unclassified/Other,Active,299363
Melidon Establishment,مؤسسة ميليدون,Makkah,10012395,Unclassified/Other,Active,299242
Ahmed Hassan Al Ghanem Business Solutions,مؤسسة أحمد حسن ال غانم لحلول الاعمال,Makkah,10012394,Unclassified/Other,Active,299415
Ahmed Hassan Al Ghanem Business Solutions,مؤسسة أحمد حسن ال غانم لحلول الاعمال,Makkah,10012393,Unclassified/Other,Active,299370
sadaf alkhayr Company for Hotel services,شركة صدف الخير للخدمات الفندقية,Makkah,10012957,Unclassified/Other,Active,301336
Itqan alamalEstablishment For Real Estate Services,مؤسسة إتقان العمل للخدمات العقارية,Makkah,10012954,Unclassified/Other,Active,301335
alattas,مؤسسة محمد بن عبدالله بن حسن العطاس للمقاولات,Makkah,10012951,Unclassified/Other,Active,301377
abna omar said abood bafel Company Ltd.,شركة أبناء عمر سعيد عبود بافيل المحدودة,Makkah,10013040,Unclassified/Other,Active,302396
iklil aldiyafa Company To operate hotels,شركة إكليل الضيافة لتشغيل الفنادق,Makkah,10013039,1-Star,Active,302395
Alalaa Company Ltd.,شركة العلاء المحدودة,Makkah,10013037,1-Star,Active,302455
Iskan alghalia Hostel for hospitality tourism,نزل إسكان الغالية للضيافة السياحي,Makkah,10012839,Unclassified/Other,Active,300897
Hilm Company For Travel and tourism,شركة حلم للسفر و السياحة شركة شخص واحد,Makkah,10012838,Unclassified/Other,Active,300636
ruyat kanun Company Ltd. shakhs wahid,شركة رؤية كانون المحدودة شخص واحد,Makkah,10012837,1-Star,Active,300676
ISRAA MOON GLOBAL Company,شركة إسراء مون غلوبال,Makkah,10012835,Unclassified/Other,Active,300618
AlTanfeedh AlDhahabi Company Real Estate,شركة التنفيذ الذهبي العقارية,Makkah,10012834,Unclassified/Other,Active,301231
athir almashair almumtazah altijariyah sharikat sh,فندق أثير المشاعر المتميزة التجارية شركة شخص واحد الفندقية,Makkah,10012833,1-Star,Active,300596
aldarin Establishment For General Contracting,مؤسسة الدارين للمقاولات العامة,Makkah,10012832,Unclassified/Other,Active,300955
alRisalah alJawar Hotel For Hotel Services,فندق الرسالة الجوار للخدمات الفندقيه,Makkah,10012831,Unclassified/Other,Active,300615
alqimma alfunduqiya Company Ltd.,شركة القمة الفندقية المحدودة,Makkah,10012830,Unclassified/Other,Active,300875
Burj alKhayr Company For Property Management,شركة برج الخير لادارة الأملاك,Makkah,10012642,Unclassified/Other,Active,300302
Ihsan AlDiyafa Company Ltd.,شركة احسان الضيافة المحدودة,Makkah,10012641,Unclassified/Other,Active,300227
The fourth Ali Mohammed Abdullah Al Rajhi Endowmen,مؤسسة علي محمد عبدالله الراجحي الوقفية الرابعة,Makkah,10012640,Unclassified/Other,Active,300260
HANE MESFER H ALQARASHI Esta,مؤسسة هاني مسفر حسن القرشي للمقاولات المعمارية العامة,Makkah,10012639,Unclassified/Other,Active,300298
Establishment For laundry,مؤسسة راكان راجح ضيف الله الكبكبي لغسيل الملابس,Makkah,10012638,Unclassified/Other,Active,300262
yaqub bayk alqawqandi charitable trust,وقف يعقوب بيك القوقندي,Makkah,10012637,Unclassified/Other,Active,300281
Snood Company Hotel sharikat musahama muqfala,شركة سنود الفندقية شركة مساهمة مقفلة,Makkah,10012636,Unclassified/Other,Active,300365
amara zubayda Hostel For tourist lodges,نزل عمارة زبيدة للنزل السياحيه,Makkah,10012635,Unclassified/Other,Active,300115
Snood Company Hotel sharikat musahama muqfala,شركة سنود الفندقية شركة مساهمة مقفلة,Makkah,10012634,Unclassified/Other,Active,300421
Ahmed Abdul Latif Al Abdul Latif Hotel,فندق احمد عبداللطيف العبداللطيف الفندقية,Makkah,10012633,Unclassified/Other,Active,300269
Riyad Othman bin Ibrahim AlDandan Establishment,مؤسسة رياض عثمان بن ابراهيم الدندن للتشغيل والصيانة,Makkah,10012392,Unclassified/Other,Active,300229
Raks Establishment Hotel,مؤسسة ركس الفندقية,Makkah,10012391,Unclassified/Other,Active,299337
rukn almashair aldhahabiya Company For Real Estate,شركة ركن المشاعر الذهبية للعقارات,Makkah,10012390,Unclassified/Other,Active,299360
Suhaib Abdul Razzaq Sharif Limited,مؤسسة صهيب عبدالرزاق شريف المحدودة,Makkah,10012389,Unclassified/Other,Active,299356
Saleh bin Abdul Hamid bin Abdul Rahman Miski Endow,نزل وقف صالح بن عبدالحميد بن عبدالرحمن مسكي للايواء السياحي,Makkah,10012399,Unclassified/Other,Active,299695
Suhaib Abdul Razzaq Sharif Limited,مؤسسة صهيب عبدالرزاق شريف المحدودة,Makkah,10012388,Unclassified/Other,Active,299419
Establishment For laundry,مؤسسة راكان راجح ضيف الله الكبكبي لغسيل الملابس,Makkah,10012387,Unclassified/Other,Active,299237
Asala Alhijaz Establishment Hotel,مؤسسة أصالة الحجاز الفندقية,Makkah,10012386,Unclassified/Other,Active,299339
Saleh Saeed Ali Al-Ghamdi Building Materials Estab,مؤسسة صالح سعيد علي الغامدي لمواد البناء,Makkah,10012385,Unclassified/Other,Active,299317
rukn almashair aldhahabiya Company For Real Estate,شركة ركن المشاعر الذهبية للعقارات,Makkah,10012383,Unclassified/Other,Active,299295
AlSafir AlSakani Establishment For tourist lodges,مؤسسة السفير السكني للنزل السياحيه,Madinah,10012884,Unclassified/Other,Active,301238
"Other than God, Saeed Al-Ghamdi Commercial Categor",مؤسسة غرم الله سعيد الغامدي التجارية,Makkah,10012883,Unclassified/Other,Active,301223
mira faruq Company,شركة ميرا فاروق,Makkah,10012882,Unclassified/Other,Active,301015
Zad Al Hayat Hotel,مؤسسة زاد المشاعر لتشغيل الفنادق,Makkah,10012881,1-Star,Active,301016
safa barak Hostel For tourist lodges,نزل صفا بارك للنزل السياحيه,Madinah,10012880,Unclassified/Other,Active,301175
MAZEN SALEM AL KHATHAMI Hostel,نزل مازن سالم الخثعمي,Makkah,10012877,Unclassified/Other,Active,301675
MUTEB AWWADHAH ALSULAMI Hostel For tourist lodges,نزل متعب عواضه السلمى للنزل السياحيه,Makkah,10012875,Unclassified/Other,Active,300975
Amjad Abdullah Mohammed Al-Madani General Contract,مؤسسة امجد عبدالله محمد المدني للمقاولات العامة,Makkah,10012828,1-Star,Active,300655
Noor AlSalam AlMuttahida Company Commercial,شركة نور السلام المتحدة التجارية,Makkah,10012827,Unclassified/Other,Active,300619
Al Asalah Al Masi Establishment For Tourist,مؤسسة الأصالة الماسي للايواء السياحي,Makkah,10012825,Unclassified/Other,Active,300675
alhadaf walibda Office For Property Management,مكتب الهدف والإبداع لادارة الأملاك,Makkah,10012824,Unclassified/Other,Active,300696
samran ryst Company Ltd.,شركة سمران ريست المحدودة,Makkah,10012823,1-Star,Active,300616
MOHMAD AL YAMY,مؤسسة محمد أحمد بن عبدالله اليامي لتجارة الجملة و التجزئة,Makkah,10012822,Unclassified/Other,Active,301225
Mansour Abdulrahman Bin Musa Haroun Mansour Invest,مؤسسة منصور عبدالرحمن بن موسى هارون منصور للأستثمار,Makkah,10012820,1-Star,Active,300698
HEZAM ZAEDAN ALKAHTANI Company For Tourism,شركة حزام زيدان القحطاني للسياحة,Makkah,10012819,Unclassified/Other,Active,300576
MOHAMMAD SALEH ROZZA Company,شركة محمد بن صالح رزه,Makkah,10012818,Unclassified/Other,Active,300577
Nasmat Al Diyafa Company,شركة نسمات الضيافه للاستثمار شركة شخص واحد,Makkah,10012632,Unclassified/Other,Active,300261
kunuz alrahma Establishment Hotel,مؤسسة كنوز الرحمة الفندقية,Makkah,10012631,Unclassified/Other,Active,300197
Najood Abdu Ben Mohammed Sameeli Establishment Com,مؤسسة نجود عبده بن محمد صميلي التجارية,Makkah,10012614,Unclassified/Other,Active,300233
rehab albarah company,شركة رحاب البركة المحدودة,Makkah,10012613,1-Star,Active,300264
alrisalah alarabiya Establishment For Advertising,مؤسسة الرسالة العربيه للدعاية والاعلان,Makkah,10012612,Unclassified/Other,Active,300278
Faisal soltan Alotaiyi,مؤسسة فيصل سلطان الدغيلبي العتيبي العقارية,Makkah,10012611,Unclassified/Other,Active,300216
Alurooj Company Hotel sharikat shakhs wahid,شركة العروج الفندقية شركة شخص واحد,Makkah,10012610,Unclassified/Other,Active,300228
HAMOUD ABDULLAH ALHARTHI Establishment,مؤسسة حمود عبدالله الحارثي,Makkah,10012609,Unclassified/Other,Active,300277
Hashemeh Saud Saad Al Sharif Trading Establishment,مؤسسة هاشمه سعود سعد الشريف التجارية,Makkah,10012608,Unclassified/Other,Active,300442
Snood Company Hotel sharikat musahama muqfala,شركة سنود الفندقية شركة مساهمة مقفلة,Makkah,10012607,Unclassified/Other,Active,300055
Siraj Al Islam Service Company Limited,شركة سراج الاسلام سرفيس المحدودة,Makkah,10012382,Unclassified/Other,Active,299253
rukn almashair aldhahabiya Company For Real Estate,شركة ركن المشاعر الذهبية للعقارات,Makkah,10012381,Unclassified/Other,Active,299239
Broua Establishment Commercial,مؤسسة بروع التجارية,Makkah,10012380,Unclassified/Other,Active,299738
Hotel for hospitality tourism,فندق درة الجوهرة للضيافة السياحي,Makkah,10012384,Unclassified/Other,Active,299249
tharawat almashair Company For Tourism,شركة ثروات المشاعر للسياحة,Makkah,10012522,Unclassified/Other,Active,299895
Yaqoub Abdullah Qadi charitable trust,وقف يعقوب عبدالله قاضي,Makkah,10012521,Unclassified/Other,Active,299780
ABRAR SAEED ALGHAMDI Establishment,مؤسسة ابرار سعيد الغامدى,Makkah,10012519,Unclassified/Other,Active,300218
rayman alkhayr Hotel Hotel,فندق ريمان الخير الفندقية,Makkah,10012518,1-Star,Active,300175
Al Sanabil Al Mubarakah Hotel For Hotel Apartments,فندق السنابل المباركة للشقق الفندقية,Makkah,10012517,Unclassified/Other,Active,299736
dar al tayib kadi Hotel Hotel,فندق دار الطيب كدي الفندقية,Makkah,10012516,Unclassified/Other,Active,299627
muhammad bin sunaydih aljumaiy charitable trust,وقف محمد بن صنيدح الجميعي الوقفية,Makkah,10012873,Unclassified/Other,Active,301197
Nasmat Al Diyafa Company,شركة نسمات الضيافه للاستثمار شركة شخص واحد,Makkah,10012872,Unclassified/Other,Active,300995
KHALID WALEED ALI AEQ Hostel For tourist lodges,نزل خالد وليد علي عائق للنزل السياحيه,Makkah,10012871,Unclassified/Other,Active,300916
funduq ajwad alssalam Company Hotel,شركة فندق اجواد السلام الفندقية,Makkah,10012870,Unclassified/Other,Active,300920
jalal almutamayiza Company Hotel,شركة جلال المتميزة الفندقية,Makkah,10012869,Unclassified/Other,Active,300919
Ajm Hotel Company,شركة أجم الفندقية,Makkah,10012868,Unclassified/Other,Active,301035
Mohammed Dakhilallah Al-Arabi Tourist Lodges,مؤسسة محمد دخيل الله العرابي للنزل السياحية,Makkah,10012867,Unclassified/Other,Active,301036
nasamat aldiayafa Company,شركة نسمات الضيافه للاستثمار شركة شخص واحد,Makkah,10012866,Unclassified/Other,Active,300935
Rayhana AlImtiaz Commercial Company,شركة ريحانة الامتياز التجارية,Makkah,10012817,Unclassified/Other,Active,300617
Lamar al Khair Hotel For Hotel Apartments,فندق لمار الخير للشقق الفندقية,Makkah,10012816,Unclassified/Other,Active,300895
itlalat alanud Establishment,مؤسسة اطلالة العنود,Makkah,10012815,Unclassified/Other,Active,301232
Lamar Al Salam Group For Hotel Apartments,مجموعة لمار السلام للشقق الفندقية,Makkah,10012814,Unclassified/Other,Active,300580
asma Tulip Establishment,مؤسسة أسما توليب,Makkah,10012997,1-Star,Active,302615
iklil aldiyafa Company To operate hotels,شركة إكليل الضيافة لتشغيل الفنادق,Makkah,10012996,1-Star,Active,301995
YASIR ABDULSHAKUR ALSULAIMANI Establishment,مؤسسة ياسر عبدالشكور السليماني للتجارة,Makkah,10012994,1-Star,Active,302235
Anwar AlMuhammadiyah LilDiyafah Company Tourist,شركة انوار المحمدية للضيافة السياحية,Makkah,10012993,Unclassified/Other,Active,302355
Elite Premium Collection Establishment,مؤسسة إيليت بريميوم كوليكشن,Makkah,10012606,1-Star,Active,300036
Salih Faraj Almutarifi Establishment Commercial,مؤسسة صالح فرج المطرفي التجارية,Makkah,10012605,Unclassified/Other,Active,300272
alfrsan aldhhbyh Company To operate hotels,شركة الفرسان الذهبيه لتشغيل الفنادق,Makkah,10012604,Unclassified/Other,Active,300336
inaya hotel management Company Ltd.,شركة عناية هوتيل مانجمينت المحدودة,Makkah,10012603,Unclassified/Other,Active,300300
JAMILAH HAMED ALOSAIMI Establishment,مؤسسة جميله حامد العصيمي للتشغيل والصيانة,Makkah,10012602,Unclassified/Other,Active,300215
nazal anarat almustaqbal,شركة انارة المستقبل العالمية للسفر و السياحة,Makkah,10012601,Unclassified/Other,Active,300226
Zuhair Muhammad Hayat Kashmiri Trading Establishme,مؤسسة زهير محمدحيات كشميري التجارية,Makkah,10012600,Unclassified/Other,Active,300439
ABID EIDHA ALHARTHI Establishment,مؤسسة عابد عيضه الحارثي للخدمات العامة,Makkah,10012599,Unclassified/Other,Active,300267
kunuz alrahma Establishment Hotel,مؤسسة كنوز الرحمة الفندقية,Makkah,10012630,Unclassified/Other,Active,300361
Snood Company Hotel sharikat musahama muqfala,شركة سنود الفندقية شركة مساهمة مقفلة,Makkah,10012629,Unclassified/Other,Active,300335
ESSAM MOHAMMAD I ARIF Establishment,مؤسسة عصام محمد ابراهيم عارف,Makkah,10012515,Unclassified/Other,Active,299555
Ahmed Mohammed Saidi Contracting Establishment,مؤسسة احمد محمد سعيدي للمقاولات,Makkah,10012514,Unclassified/Other,Active,299455
alRisalah alJawar Hotel For Hotel Services,فندق الرسالة الجوار للخدمات الفندقيه,Makkah,10012513,Unclassified/Other,Active,299458
Nasaem Alibda Establishment,مؤسسة نسائم الابداع للمقاولات العامة,Makkah,10012511,Unclassified/Other,Active,299459
tasis fan alamar Establishment Real Estate,مؤسسة تأسيس فن الأعمار العقارية,Makkah,10012510,Unclassified/Other,Active,299399
funduq baysan almutamayiz Company,شركة فندق بيسان المتميز للضيافة السياحي شخص واحد,Makkah,10012509,Unclassified/Other,Active,300404
ALI ABDULLAH BAATIYYAH Establishment Hotel,مؤسسة على عبدالله باعطيه الفندقية,Makkah,10012508,Unclassified/Other,Active,299798
Rayan Aldhahabi Establishment Real Estate,مؤسسة ريان الذهبي العقارية,Makkah,10012507,1-Star,Active,299901
GHAZI JOUDA BATI Hostel For tourist lodges,نزل غازي جوده باتي للنزل السياحيه,Makkah,10012506,Unclassified/Other,Active,299995
Manar Muhammad Alqahwaji Company,شركة منار محمد القهوجى للتجارة والمقاولات,Makkah,10012504,Unclassified/Other,Active,299716
Amlak AlFaisaliyah Company,شركة أملاك الفيصلية للتطوير والاستثمار العقاري,Makkah,10012865,Unclassified/Other,Active,301735
Shawarmatak Establishment For Meals,مؤسسة شاورمتك لتقديم الوجبات,Makkah,10012864,Unclassified/Other,Active,301198
ABDULLAH DASHAN ALSHEHRI Establishment,مؤسسة عبدالله دشان الشهري,Makkah,10012863,Unclassified/Other,Active,300957
arjwan alsafwa Company Hotel,شركة أرجوان الصفوة الفندقية,Makkah,10012861,1-Star,Active,300917
funduq ajwad alssalam Company Hotel,شركة فندق اجواد السلام الفندقية,Makkah,10012860,Unclassified/Other,Active,300956
Walid almashaaer Company,شركة وليد المشاعر,Makkah,10012859,Unclassified/Other,Active,300918
Hotel for Hotel services,فندق سعيد سعد عبدالمطلب الغموي للخدمات الفندقية,Makkah,10012858,Unclassified/Other,Active,301895
Mohammed Yousef Al-Hamdan Tourist Lodge,نزل محمد يوسف الحمدان للنزل السياحيه,Makkah,10012306,Unclassified/Other,Active,299215
Doha tayiba Establishment For General Contracting,مؤسسة دوحة طيبة للمقاولات العامة,Makkah,10012338,Unclassified/Other,Active,298655
ELTAYER ELZAHABY,شركة الطير الذهبي للخدمات الفندقية شركة شخص واحد,Makkah,10012337,Unclassified/Other,Active,299035
Manazil Alshuruq Company For Hotel Services,شركة منازل الشروق للخدمات الفندقيه,Makkah,10012336,Unclassified/Other,Active,297815
Sidra Al Bait Hospitality Company,شركة سدرة البيت الفندقية,Makkah,10012335,Unclassified/Other,Active,297935
Humam almashaaer Establishment Commercial,مؤسسة همم المشاعر التجارية,Makkah,10012334,Unclassified/Other,Active,299796
Company logarithm,شركة لوغاريتم,Makkah,10012332,Unclassified/Other,Active,297795
Ajnihat Alkhaleej Company Hotel,شركة أجنحة الخليج الفندقية,Makkah,10012331,1-Star,Active,298036
Mukaabat alIstithmar Company For Contracting,شركة مكعبات الإستثمار للمقاولات,Makkah,10012330,Unclassified/Other,Active,297816
Nidaa Tayba AlMasi Hostel For tourist lodges,نزل نداء طيبة الماسي للنزل السياحيه,Madinah,10012329,Unclassified/Other,Active,300232
hams aljawan Establishment,مؤسسة همس الجوان,Makkah,10012503,Unclassified/Other,Active,299955
ABDULAZIZ SUHAIL ALGHAMDI Company,شركة عبدالعزيز سهيل الغامدي,Makkah,10012502,Unclassified/Other,Active,299629
MASHAEL AESH ALDADI Establishment Commercial,مؤسسة مشاعل عائش الدعدي التجارية,Makkah,10012501,Unclassified/Other,Active,299630
Establishment For laundry,مؤسسة راكان راجح ضيف الله الكبكبي لغسيل الملابس,Makkah,10012500,Unclassified/Other,Active,299398
tharawat almashair Company For Tourism,شركة ثروات المشاعر للسياحة,Makkah,10012499,Unclassified/Other,Active,299615
Suhaib Abdul Razzaq Sharif Limited,مؤسسة صهيب عبدالرزاق شريف المحدودة,Makkah,10012498,Unclassified/Other,Active,299535
MUWAFFAQ HASSAN SAMKARI Establishment,مؤسسة موفق ابن حسن سمكرى,Makkah,10012497,Unclassified/Other,Active,299462
Mohammad Ali Al Sidiq Al Zubaidi Establishmen,مؤسسة محمد علي ال صديق الزبيدي لمواد البناء,Makkah,10012505,Unclassified/Other,Active,299786
Yaqzan Saleh Al-Jabri Tourist Hospitality Inn,نزل يقظان صالح الجابري للضيافة السياحي,Makkah,10012496,Unclassified/Other,Active,300896
Suhaib Abdul Razzaq Sharif Limited,مؤسسة صهيب عبدالرزاق شريف المحدودة,Makkah,10012495,Unclassified/Other,Active,299596
DIYAR AL SHAAB HOTEL,فندق ديار الشعب الفندقية,Makkah,10011157,1-Star,Active,299241
Shatha Abdulrahman Abdulrahim Al-Harthi Hotel Mana,مؤسسة شذى عبدالرحمن عبدالرحيم الحارثي لتشغيل الفنادق,Makkah,10012328,Unclassified/Other,Active,298776
alqawafil Company Global lilmuqawalat shakhs wahid,شركة القوافل العالمية للمقاولات شخص واحد,Makkah,10012339,Unclassified/Other,Active,298135
ramak alsafwah Hostel,نزل رمك الصفوة,Makkah,10012327,Unclassified/Other,Active,298535
Moro Company Global lilshqq walfanadiq sharikat sh,شركة مورو العالمية للشقق والفنادق شركة شخص واحد,Makkah,10012326,Unclassified/Other,Active,298215
Saada Ajiyad Hotel,فندق سعداء أجياد,Makkah,10012325,1-Star,Active,298395
Saleh Saeed Al-Ghamdi Foundation,مؤسسة صالح سعيد علي الغامدي لمواد البناء,Makkah,10012324,Unclassified/Other,Active,298175
Bright Daffodils Company,شركة برايت دافوديلز,Makkah,10012322,Unclassified/Other,Active,297875
Nama Alsharq Establishment Hotel,مؤسسة نما الشرق الفندقية,Makkah,10012321,Unclassified/Other,Active,299696
Melidon Establishment,مؤسسة ميليدون,Makkah,10012323,Unclassified/Other,Active,298995
Miyar wa Mirna Company,شركة ميار وميرنا,Makkah,10012494,Unclassified/Other,Active,299746
Yousef  Mohammed  Yahya Al-Battah Al-Ahdal,مؤسسة يوسف بن محمد بن يحيى البطاح الاهدل التجارية,Makkah,10012493,Unclassified/Other,Active,299757
Wadam Alaziziyah Wahid Hostel,نزل ودام العزيزية واحد,Makkah,10012492,Unclassified/Other,Active,300477
Al Maha Tower Hotel For Hotel Services,فندق المها تاور للخدمات الفندقيه,Makkah,10012491,Unclassified/Other,Active,299739
shaly resedence14,شقق شالي ريزيدنس للشقق المخدومة,Makkah,10012488,Unclassified/Other,Active,299628
Nibras alunwan Company For Trading,شركة نبراس العنوان للتجارة,Makkah,10012487,Unclassified/Other,Active,299396
layla hasan alqashmari Company Commercial,شركة ليلى حاسن القشمري التجارية,Makkah,10012486,Unclassified/Other,Active,299749
ABDULSHAKUR MOHAMMEDNAYAZ NIYAZI Hostel,نزل عبدالشكور بن محمدنياز نيازي,Makkah,10012485,Unclassified/Other,Active,299802
makhayyam rafadah Company Ltd,شركة مخيم رفادة المحدودة شركة شخص واحد,Makkah,10012484,Unclassified/Other,Active,299367
SUL10 Company,شركة سول10,Makkah,10012483,Unclassified/Other,Active,299617
alHidayah alKubra Hotel 6,فندق الهداية الكبرى الفندقية,Makkah,10012121,Unclassified/Other,Active,295475
alHidayah alKubra Hotel 4,فندق الهداية الكبرى الفندقية,Makkah,10012120,Unclassified/Other,Active,294600
OSAMA ABDULLAH BAWAZIR Establishment Commercial,مؤسسة اسامه بن عبدالله باوزير التجارية,Makkah,10012119,Unclassified/Other,Active,295555
MAHIR GHAZI HINDI Establishment,مؤسسة ماهر غازى هندى,Makkah,10012108,Unclassified/Other,Active,294655
MOHAMMED AWWAD AL SHERBI Establishment Commercial,مؤسسة محمد عواض الشربي التجارية,Makkah,10012116,Unclassified/Other,Active,294915
"Shali Residence, Bathaa Quraish 9",شقق شالي ريزيدنس للشقق المخدومة,Makkah,10012112,Unclassified/Other,Active,297755
Shali Residence Al Aziziyah 14,شقق شالي ريزيدنس للشقق المخدومة,Makkah,10012111,Unclassified/Other,Active,298056
Said bin Muhammad Umar Ba Naimeh alWaq,مؤسسة سعيد بن محمد عمر با ناعمه الوقفية,Makkah,10012110,Unclassified/Other,Active,299251
Noor AlSalam AlMuttahida Company Commercial,شركة نور السلام المتحدة التجارية,Makkah,10012109,Unclassified/Other,Active,294601
tasnim Co,شركة تسنم للمقاولات العامة شركة شخص واحد,Makkah,10012203,Unclassified/Other,Active,296119
Sanaa Silver Hotel,فندق سناء الفضي الفندقية,Makkah,10007286,1-Star,Active,228035
Arkan Al Safa Hotel,فندق أركان الصفا الفندقية,Makkah,10007273,1-Star,Active,255020
Suleiman Musa Hamad AlOlayan ROYAL Hotel,فندق سليمان موسى حمد العليان الفندقية,Makkah,10006752,1-Star,Active,250207
Dar Areeb,شركة دار اريب الفندقية,Makkah,10006729,2-Star,Active,199699
burhan al tijarah Company Ltd.,شركة برهان التجارة المحدودة,Makkah,10012201,Unclassified/Other,Active,296118
burhan al tijarah Company Ltd.,شركة برهان التجارة المحدودة,Makkah,10012200,Unclassified/Other,Active,298975
sas wanama Establishment For logistics,مؤسسة ساس ونماء للخدمات اللوجستية,Makkah,10012199,Unclassified/Other,Active,296116
Munir bin Khalil Ahmed bin Akbar Saeed Trading Est,محل منير بن خليل احمد بن اكبرعلي سعيد للتجارة,Makkah,10012198,Unclassified/Other,Active,296855
makhayyam rafadah Company Ltd,شركة مخيم رفادة المحدودة شركة شخص واحد,Makkah,10011653,Unclassified/Other,Active,293375
NOZOL ZAHRAT KHUDAYRA ALSIYAHIA,مؤسسة زهرة خضيراء للمقاولات عامة,Makkah,10011652,Unclassified/Other,Active,292587
Company Mazaya Roufan,شركة مزايا روفان,Makkah,10011651,Unclassified/Other,Active,292583
ABDULAZIZ SUHAIL ALGHAMDI Company,شركة عبدالعزيز سهيل الغامدي,Makkah,10011650,Unclassified/Other,Active,294036
ABDULAZIZ SUHAIL ALGHAMDI Company,شركة عبدالعزيز سهيل الغامدي,Makkah,10011649,Unclassified/Other,Active,293916
MEEZAB ALHUDA HOTEL,شركة ميزاب الفندقية شركة شخص واحد,Makkah,10011698,1-Star,Active,296123
amina bibi muhammad husayn khan charitable trust,وقف امينة بيبي محمد حسين خان,Makkah,10011695,Unclassified/Other,Active,293520
alnizar Shop For Trading,محل النزار للتجارة,Makkah,10011694,Unclassified/Other,Active,292588
nujum alkhayrat alfadiah Hostel For tourist lodges,نزل نجوم الخيرات الفضيه للنزل السياحيه,Madinah,10011693,Unclassified/Other,Active,293716
dar ramzi lilnuzul alsiyahiya almuaqata Company,شركة دار رمزي للنزل السياحية المؤقتة,Makkah,10011692,Unclassified/Other,Active,292581
ALQASSWA For Travel And Tourism Company,شركة القصواء للسفر و السياحة,Makkah,10010923,1-Star,Active,287696
Wardat Alsalah Hotel,فندق وردة الصلاح للايواء السياحي,Makkah,10010921,1-Star,Active,287535
Abraj Shahd Hostel Services Company,شركة ابراج شهد للخدمات الفندقية,Madinah,10010920,Unclassified/Other,Active,287617
Yaqeen Management Est for Hotel Operation,مؤسسة يقين للادارة لتشغيل الفنادق,Makkah,10010919,Unclassified/Other,Active,288455
fara shirka aksbiris Company For Hajj and Umrah,شركة فرع شركة اكسبرس للحج والعمرة,Makkah,10012087,Unclassified/Other,Active,294535
HANE MESFER H ALQARASHI,مؤسسة هاني مسفر حسن القرشي للمقاولات المعمارية العامة,Makkah,10012086,Unclassified/Other,Active,294555
HANE MESFER H ALQARASHI,مؤسسة هاني مسفر حسن القرشي للمقاولات المعمارية العامة,Makkah,10012085,Unclassified/Other,Active,294324
saleh hamzah qashlan est,مؤسسة صالح حمزه قشلان,Makkah,10012084,Unclassified/Other,Active,297375
tilal alghadir Company,شركة تلال الغدير,Makkah,10012083,1-Star,Active,299461
AHMAD ABDULLAH S MRHOMI Establishment,مؤسسة احمد بن عبدالله بن صالح مرحومي,Makkah,10012082,Unclassified/Other,Active,295215
saraya altawhid Hostel,نزل سرايا التوحيد,Makkah,10012202,Unclassified/Other,Active,296375
awtar alfn Company To operate hotels,شركة أوتار الفن لتشغيل الفنادق,Makkah,10012194,Unclassified/Other,Active,295236
Rawabi Alhijaz Almbashour Restaurant For Meals,مطعم روابي الحجاز المبشور لتقديم الوجبات,Makkah,10012193,Unclassified/Other,Active,295755
aemar riadat almustaqbal Establishment,مؤسسة اعمار ريادة المستقبل,Makkah,10012192,Unclassified/Other,Active,295656
Rawaih AlMisk Establishment To operate hotels,مؤسسة روائح المسك لتشغيل الفنادق,Makkah,10012191,Unclassified/Other,Active,296124
alkhaymah Company To operate hotels,شركة الخيمة لتشغيل الفنادق,Makkah,10012190,Unclassified/Other,Active,295595
NOZOL BATOOL FADE,نزل البتول الفضي للضيافة السياحي,Madinah,10012189,Unclassified/Other,Active,302035
asmak albasmah Company,شركة أسماك البسمة,Makkah,10012188,Unclassified/Other,Active,295476
Jawharat AlSabbagh Hotel Hotel,فندق جوهرة الصباغ الفندقية,Makkah,10012186,Unclassified/Other,Active,295675
funduq ajwad alssalam Company Hotel,شركة فندق اجواد السلام الفندقية,Makkah,10012185,Unclassified/Other,Active,295596
Durat Alahbab Hotel for Hotel services,فندق درة الاحباب للخدمات الفندقية,Makkah,10012196,Unclassified/Other,Active,296315
Talal Al Naseem Establishment,مؤسسة تلال النسيم,Makkah,10012278,Unclassified/Other,Active,297235
Talal Al Naseem Establishment,مؤسسة تلال النسيم,Makkah,10012277,Unclassified/Other,Active,297196
ABDULLAH MOHAMMED ALQAHTANI Company,شركة عبدالله محمد القحطاني,Makkah,10012276,Unclassified/Other,Active,297236
World of Life Hotel Operation Company (one person),شركة عالم الحياة لتشغيل الفنادق شخص واحد,Makkah,10012275,Unclassified/Other,Active,297395
Rakeezat AlBunya Establishment For Contracting,مؤسسة ركيزة البنية للمقاولات,Makkah,10012274,Unclassified/Other,Active,297356
manazil luluat alhijaz Hotel,فندق منازل لؤلؤة الحجاز,Makkah,10012273,Unclassified/Other,Active,297436
alriyada aldaima Establishment For Contracting,مؤسسة الريادة الدائمة للمقاولات,Makkah,10012272,Unclassified/Other,Active,297735
Rayn alQimmah Establishment For Hotel Services,مؤسسة راين القمة للخدمات الفندقيه,Makkah,10012271,Unclassified/Other,Active,299055
jawhara kunuz Company Commercial,شركة جوهرة كنوز التجارية,Makkah,10012307,Unclassified/Other,Active,298195
HASSAN AHMED BIN SALMAN Establishment,مؤسسة حسن بن احمد بن سلمان,Makkah,10011691,Unclassified/Other,Active,293150
AlAmana AlTaawuniya Company For Trading,شركة الأمانة التعاونية للتجارة,Madinah,10011688,Unclassified/Other,Active,292675
ABDULELAH ALI ALHAZMI Establishment Commercial,مؤسسة عبدالاله بن علي الحازمي التجارية,Makkah,10011687,Unclassified/Other,Active,293479
CASABLANCA HOTEL CO,شركة فندق الدار البيضاء,Makkah,10011686,1-Star,Active,293926
shrkh khald abdh alasyry lltshghyl walsyanh,شركة خالد عبده بن محمد العسيري للتشغيل والصيانة,Makkah,10011685,Unclassified/Other,Active,292595
alruwad Establishment For Tourism,مؤسسة الرواد للسياحة,Makkah,10011684,Unclassified/Other,Active,292339
SAMAR MOHAMMED ASHOOR Establishment,مؤسسة سمر محمد عاشور,Makkah,10011683,Unclassified/Other,Active,293395
EMAAR MILLION Company Ltd.,شركة إعمار مليون المحدودة,Makkah,10011682,Unclassified/Other,Active,292655
Hostil Atif,شركة عاطف عبدالقادر عبدالله عبدالقادر للتطوير والاستثمار العقاري شخص واحد,Makkah,10011795,Unclassified/Other,Active,293138
mada alnaseem Company Commercial,شركة مدى النسيم التجارية,Makkah,10011794,Unclassified/Other,Active,293141
Alhayat Alalami Hotel Company,شركة الحياة العالمي الفندقية,Madinah,10010902,1-Star,Active,275162
Guan Linshang Contracting Company,شركة جوان لينشانج للمقاولات,Makkah,10010901,1-Star,Active,278078
dar almashair alawla Company Ltd.,شركة دار المشاعر الأولى المحدودة,Makkah,10011603,Unclassified/Other,Active,291861
Sdanat Albarakah Hotel Hotel,فندق سدانة البركة الفندقية,Makkah,10011601,Unclassified/Other,Active,292156
Diyafat alBayt Company,شركة ضيافة البيت,Makkah,10011600,Unclassified/Other,Active,291963
BILAL ALTWIGRY,مؤسسة بلال عبدالله عبدالعزيز التويجري للتجارة,Makkah,10011598,Unclassified/Other,Active,291984
ABDULLAH MOHAMMED ALQAHTANI Company,شركة عبدالله محمد القحطاني,Makkah,10011597,Unclassified/Other,Active,291996
Zad AlSafa Hotel Hotel Establishment,مؤسسة فندق زاد الصفا الفندقية,Makkah,10011596,1-Star,Active,295155
Idris Abdulrahim Fatani Endowment,وقف ادريس عبدالرحيم فطاني الوقفية,Makkah,10011595,Unclassified/Other,Active,292615
Hotel for hospitality tourism,فندق الواحة الماسية للضيافة السياحي,Makkah,10011594,1-Star,Active,293497
hayat bark almadina Establishment,مؤسسة حياة بارك المدينة,Madinah,10012184,1-Star,Active,297695
abdullah awad alsamali Establishment,مؤسسة عبدالله عوض الصاملي,Makkah,10012236,Unclassified/Other,Active,299115
Velvet Inn Company,شركة فيلفيت إن,Makkah,10012235,1-Star,Active,296875
Zairi alBayt Hostel,نزل زائري البيت,Makkah,10012234,Unclassified/Other,Active,297115
SAMAHA ALI ALKUTBI Hostel For tourist lodges,نزل سماحة علي الكتبي للنزل السياحيه,Makkah,10012262,Unclassified/Other,Active,296775
ibda a sdaf Establishment For Contracting,مؤسسة ابداع اصداف للمقاولات,Makkah,10012261,Unclassified/Other,Active,297915
samar alwahda Company,شركة سمر الوحدة,Makkah,10012259,Unclassified/Other,Active,297136
Talal Al Naseem Establishment,مؤسسة تلال النسيم,Makkah,10012258,Unclassified/Other,Active,296555
falaq alasalh Company,شركة فلق الأصالة,Makkah,10012257,Unclassified/Other,Active,298455
Zad Al Bait Hotel,فندق زاد البيت الفندقية,Makkah,10012256,1-Star,Active,300441
Rafahya Hotel Ethnan for Tourist Accommodation,فندق رفاهية اثنان للايواء السياحي شخص واحد,Makkah,10010646,1-Star,Active,271555
ABDULAZIZ OWAYIDH ALJOAYD,مؤسسة عبدالعزيز عويض الجعيد للوحدات السكنية,Makkah,10011628,Unclassified/Other,Active,292178
Najma Israa Al-Dhahabi Hotel Services Company,شركة نجمة اسراء الذهبي للخدمات الفندقية,Makkah,10011627,Unclassified/Other,Active,292182
anis albarakah Hostel,نزل انيس البركة,Madinah,10011625,Unclassified/Other,Active,292296
Yasser Abdulhadi Hamed Al-Osaimi Hotel Management,مؤسسة ياسر عبدالهادى حامد العصيمى لتشغيل الفنادق,Makkah,10011624,Unclassified/Other,Active,292181
Ritaj Alharamain,مؤسسة ريتاج الحرمين للمقاولات العامة,Makkah,10011623,1-Star,Active,294495
Mina View Hotel For Tourist Accommodation,فندق منى فيو للايواء السياحي,Makkah,10011621,Unclassified/Other,Active,292256
Dal Establishment For Trading,مؤسسة دال للتجارة,Makkah,10011620,Unclassified/Other,Active,291966
Adel Hamdan Salim Alharbi Endowment,وقف عادل حمدان سليم الحربى,Makkah,10011619,Unclassified/Other,Active,293879
Dal Establishment For Trading,مؤسسة دال للتجارة,Makkah,10011618,Unclassified/Other,Active,292184
"Burj Al Amal Hotel Company, one person",شركة برج الامل الفندقية شخص واحد,Makkah,10010700,1-Star,Active,255521
Salim bin Sultan bin Abdullah charitable trust,وقف سليم بن سلطان بن عبدالله,Makkah,10011793,Unclassified/Other,Active,292885
Badr Al Aziziyah Hotel Hotel,فندق بدر العزيزية الفندقية,Makkah,10011791,1-Star,Active,293481
ABDULLAH MOHAMMED ALQAHTANI Company,شركة عبدالله محمد القحطاني,Makkah,10011790,Unclassified/Other,Active,293510
Bakr Saeed Nashwan Contracting Establishment,مؤسسة بكر سعيد نشوان للمقاولات,Makkah,10011789,Unclassified/Other,Active,294475
Cold Pro  Establishment Commercial,مؤسسة كولد برو التجارية,Makkah,10011788,Unclassified/Other,Active,293779
abna omar said abood bafel Company Ltd.,شركة أبناء عمر سعيد عبود بافيل المحدودة,Makkah,10011787,Unclassified/Other,Active,293511
Hamed Bin Mohammed Bin Hamed Al Hamed Trading Esta,مؤسسة حامد بن محمد بن حامد الحامد للتجارة,Makkah,10011786,Unclassified/Other,Active,292886
qwa thbayr Company For projects,شركة قوى ثبير للمشاريع,Makkah,10011785,Unclassified/Other,Active,292893
masakin alanwar aldhahabiya Company Ltd.,شركة مساكن الانوار الذهبية المحدودة,Makkah,10011784,Unclassified/Other,Active,293435
rawdat altawhid Hotel Hotel,فندق روضة التوحيد الفندقية,Makkah,10011593,Unclassified/Other,Active,291964
rawdat altawhid Hotel Hotel,فندق روضة التوحيد الفندقية,Makkah,10011592,Unclassified/Other,Active,292276
JWA Company,شركة جاي دبليو إيه,Makkah,10011591,Unclassified/Other,Active,293476
asaad afandi bin abd allah afandi alataqi,مؤسسة اسعد افندي بن عبد الله افندى العتاقي,Makkah,10011588,Unclassified/Other,Active,292898
Sama Maysan General Contracting Establishment,مؤسسة سما ميسان للمقاولات العامة,Makkah,10011587,Unclassified/Other,Active,291960
albina alasriyya Establishment For Contracting,مؤسسة البناء العصرية للمقاولات,Makkah,10011760,Unclassified/Other,Active,292890
Mohammed bin Ahmed bin Ali Al Asiri Maintenance an,مؤسسة محمد بن احمد بن علي العسيري للصيانة والنظافة,Makkah,10011759,Unclassified/Other,Active,293315
Rashad Muhammad Abdul Rahman Naqib Foundation,مؤسسة رشاد محمد عبدالرحمن نقيب التجارية,Makkah,10011758,Unclassified/Other,Active,300242
abna omar said abood bafel Company Ltd.,شركة أبناء عمر سعيد عبود بافيل المحدودة,Makkah,10011757,Unclassified/Other,Active,295975
Darb Almutamir Hotel Hotel,فندق درب المعتمر الفندقية,Makkah,10011756,Unclassified/Other,Active,294835
diyar alaziziya aldhahabiya Establishment,مؤسسة ديار العزيزية الذهبية,Makkah,10012255,Unclassified/Other,Active,297719
burhan al tijarah Company Ltd.,شركة برهان التجارة المحدودة,Makkah,10012253,Unclassified/Other,Active,297455
RAYAN RAJEH ALKABKABI Hostel For Tourist,نزل ريان راجح الكبكبي للايواء السياحي,Makkah,10012252,Unclassified/Other,Active,296675
telalalyaqen,مؤسسة يقين للادارة لتشغيل الفنادق,Makkah,10012251,Unclassified/Other,Active,296755
Ilaf International Investment Company,شركة إيلاف للاستثمار الدولي ,Makkah,10012250,1-Star,Active,296535
ABID EIDHA ALHARTHI Establishment For Public Servi,مؤسسة عابد عيضه الحارثي للخدمات العامة,Makkah,10012249,Unclassified/Other,Active,296595
alkhaymah Company To operate hotels,شركة الخيمة لتشغيل الفنادق,Makkah,10012248,Unclassified/Other,Active,297135
Turbal Thari Company Hotel shakhs wahid,شركة تربل ثري الفندقية شخص واحد,Madinah,10012247,1-Star,Active,296695
Mohammed bin Ahmed bin Ali Al Asiri Maintenance an,مؤسسة محمد بن احمد بن علي العسيري للصيانة والنظافة,Makkah,10012246,Unclassified/Other,Active,296635
Asala Alhijaz Establishment Hotel,مؤسسة أصالة الحجاز الفندقية,Makkah,10012245,Unclassified/Other,Active,296935
alkhaymah To operate hotels Company,شركة الخيمة لتشغيل الفنادق,Makkah,10011156,1-Star,Active,290159
New Al-Samman Hotel,فندق السمان الجديد الفندقية,Madinah,10011155,Unclassified/Other,Active,289935
ABDULELAH ALI ALHAZMI Establishment Commercial,مؤسسة عبدالاله بن علي الحازمي التجارية,Makkah,10011617,Unclassified/Other,Active,293139
RAGHAD FAHAD ALMAJNONI Hostel,نزل رغد فهد المجنوني,Madinah,10011616,Unclassified/Other,Active,292315
Diamond Tower Hotel Apartments,فندق البرج الماسي للشقق الفندقية,Makkah,10011613,1-Star,Active,296415
Najma Israa AlDhahabi Hotel Services Company,شركة نجمة اسراء الذهبي للخدمات الفندقية,Makkah,10011612,Unclassified/Other,Active,292344
Najma Israa Al-Dhahabi Hotel Services Company,شركة نجمة اسراء الذهبي للخدمات الفندقية,Makkah,10011611,Unclassified/Other,Active,292035
MOAN ADEL M BINYASEEN Establishment,مؤسسة معان عادل بن محمد بن ياسين,Makkah,10011610,Unclassified/Other,Active,292187
Yousef Abdulhadi Hamed AlOsaimi Hotel Establishme,مؤسسة يوسف عبدالهادى حامد العصيمى الفندقية,Makkah,10011609,Unclassified/Other,Active,292341
masakin alanwar aldhahabiya Company Ltd.,شركة مساكن الانوار الذهبية المحدودة,Makkah,10011783,Unclassified/Other,Active,293485
aaisha abdulhamid muski charitable trust,وقف عائشة عبدالحميد مسكي,Makkah,10011782,Unclassified/Other,Active,292956
Riwa alamal alfarid Establishment,مؤسسة رواء الأمل الفريد,Makkah,10011781,Unclassified/Other,Active,293148
masakin alanwar aldhahabiya Company Ltd,شركة مساكن الانوار الذهبية المحدودة,Makkah,10011780,Unclassified/Other,Active,293142
adam alkhayr Company Hotel,شركة ادم الخير الفندقية,Makkah,10011778,Unclassified/Other,Active,293275
Manazil Alshuruq Company For Hotel Services,شركة منازل الشروق للخدمات الفندقيه,Makkah,10011777,1-Star,Active,293361
dar almashair alawla Company Ltd,شركة دار المشاعر الأولى المحدودة,Makkah,10011776,Unclassified/Other,Active,292995
Fadl alKhayr Company Hotel,شركة فضل الخير الفندقية,Makkah,10011774,Unclassified/Other,Active,293055
khaleel zamaani biqim saheb zaadah charitable trus,وقف خليل زماني بيقم صاحب زاده,Makkah,10011773,Unclassified/Other,Active,296735
Badr AlHadith Hotel Hotel Establishment,مؤسسة فندق بدر الحديث الفندقية,Makkah,10011772,Unclassified/Other,Active,294339
Darb Almutamir Hotel Hotel,فندق درب المعتمر الفندقية,Makkah,10011755,Unclassified/Other,Active,295195
Diyafat Al Naseem Al Mumayyaz Establishment,مؤسسة ضيافة النسيم المميز للوحدات السكنية,Makkah,10011754,Unclassified/Other,Active,292739
Hostel atif,شركة عاطف عبدالقادر عبدالله عبدالقادر للتطوير والاستثمار العقاري شخص واحد,Makkah,10011753,Unclassified/Other,Active,292796
hulul alqimma alealamia Company Ltd.,شركة حلول القمة العالمية المحدودة,Makkah,10011752,Unclassified/Other,Active,293455
Turki Ali Mohammed AlSufyani Real Estate Services,مكتب تركى على محمد السفيانى للخدمات العقارية,Makkah,10011751,Unclassified/Other,Active,293936
adwa alssaeada alhaditha Establishment,مؤسسة اضواء السعادة الحديثة,Makkah,10011750,Unclassified/Other,Active,292887
ABDULRAHMAN MUBARAK ABDULRAHMAN AL OSFUR Office Fo,مكتب عبدالرحمن مبارك عبدالرحمن ال عصفور للخدمات العقارية,Makkah,10011749,Unclassified/Other,Active,293655
aknan alsafa Company Hotel,شركة اكنان الصفا الفندقية,Makkah,10011748,Unclassified/Other,Active,293921
AYYAD EID ALOSSAIMI Establishment,مؤسسة عياد عيد العصيمى,Makkah,10011747,Unclassified/Other,Active,293495
alAman alArabiyya Hotel,شركة الأمان العربية للخدمات الفندقيه,Madinah,10012183,1-Star,Active,299496
SAUD ALI ALSHAREEF Establishment,مؤسسة سعود بن علي الشريف,Makkah,10012182,Unclassified/Other,Active,295855
aldiyaafah aldahabiah almutamayyizah Hostel,نزل الضيافة الذهبية المتميزة,Makkah,10012181,Unclassified/Other,Active,295535
lilnazal almuaqmuasasat sama albashayir alsiyahiat,مؤسسة سما البشائر السياحية للنزل المؤقت,Makkah,10012180,Unclassified/Other,Active,296435
Mashair AlKaram Hotel Hotel,فندق مشاعر الكرام الفندقية,Makkah,10012179,Unclassified/Other,Active,297075
bashayir alijabah Establishment,مؤسسة بشاير الإجابه,Makkah,10012176,1-Star,Active,297295
Waqf Hasan Salem Aljafri Establishment,مؤسسة وقف حسن سالم الجفري,Makkah,10012175,Unclassified/Other,Active,299361
Waqf Hasan Salem Aljafri Establishment,مؤسسة وقف حسن سالم الجفري,Makkah,10012174,Unclassified/Other,Active,299135
Waqf Hasan Salem Aljafri Establishment,مؤسسة وقف حسن سالم الجفري,Makkah,10012173,Unclassified/Other,Active,299515
Qimam Abalah Establishment Commercial,مؤسسة قمم عبالة التجارية,Makkah,10012172,Unclassified/Other,Active,295078
ajnihat muna Hostel,نزل أجنحة منى,Makkah,10011608,Unclassified/Other,Active,293582
ALI HUSSAIN ALQURASHI Hostel For tourist lodges,نزل على بن حسين القرشي للنزل السياحيه,Makkah,10011607,Unclassified/Other,Active,292195
Muneeb Hostel For tourist lodges,نزل منيب للنزل السياحيه,Makkah,10011606,Unclassified/Other,Active,293801
abraj jawharat alzahra Establishment,مؤسسة ابراج جوهرة الزهراء,Makkah,10011605,Unclassified/Other,Active,292257
ADEL SALEH ALSULAIMANI Hostel For tourist lodges,نزل عادل صالح السليمانى للنزل السياحيه,Makkah,10011648,Unclassified/Other,Active,292579
Banayat AlSafa Establishment Real Estate,مؤسسة بنايات الصفا العقارية,Makkah,10011647,Unclassified/Other,Active,293503
mashaaer dar albarakah Hostel,نزل مشاعر دار البركة,Makkah,10011646,Unclassified/Other,Active,293512
Sama Alshaair Company To operate hotels,شركة سما الشعائر لتشغيل الفنادق,Makkah,10011645,Unclassified/Other,Active,292189
ALI FAHAD ALHARBI Hostel,نزل على بن فهد الحربى,Makkah,10011644,Unclassified/Other,Active,296016
alshahba almaskia Company,شركة الشهباء الماسية,Makkah,10011643,1-Star,Active,293095
TRIPLE ONE HOTEL,فندق تريبل ون الفندقية,Madinah,10011771,1-Star,Active,294599
zahr almada Company,شركة زهر المدى,Makkah,10011770,Unclassified/Other,Active,293780
alkhayr almuttahida Company Ltd. shakhs wahid,شركة الخير المتحدة المحدودة شخص واحد,Makkah,10011769,Unclassified/Other,Active,292915
abdullah muhammad alzahrani altijaria shakhsi wahi,شركة عبدالله محمد الزهراني التجارية شخص واحد,Makkah,10011767,Unclassified/Other,Active,293143
abdullah muhammad alzahrani altijaria shakhsi wahi,شركة عبدالله محمد الزهراني التجارية شخص واحد,Makkah,10011766,Unclassified/Other,Active,293480
Wahat Alfaris Hotel for hospitality tourism,فندق واحة الفارس للضيافة السياحي,Makkah,10011765,Unclassified/Other,Active,293145
aknan alsafa Company Hotel,شركة اكنان الصفا الفندقية,Makkah,10011764,Unclassified/Other,Active,293498
IBRAHIM ISMAIL JOHARJI Establishment,مؤسسة ابراهيم اسماعيل جوهرجى,Makkah,10012020,Unclassified/Other,Active,294261
Al Riffa Al Omrani Company Limited,شركة فيفيان للخدمات الفندقية,Makkah,10012061,1-Star,Active,294259
Hotel dorat aljwhara for hospitality tourism,فندق درة الجوهرة للضيافة السياحي,Makkah,10012060,Unclassified/Other,Active,294315
Wahat Alfaris Hotel for hospitality tourism,فندق واحة الفارس للضيافة السياحي,Makkah,10011746,Unclassified/Other,Active,292880
WASAYF MOHAMMED ALRUQAYI Establishment,مؤسسة وصايف محمد الرقيعي,Makkah,10011744,Unclassified/Other,Active,293513
Almira Al Mithali Estab For Maintenance & Cleaning,مؤسسة المعيار المثالي للصيانة والنظافة,Makkah,10011743,Unclassified/Other,Active,293781
NoorAlfalaq Hostel,نزل نورآلفلاق,Makkah,10011742,Unclassified/Other,Active,292889
ABDULAZIZ SUHAIL ALGHAMDI Company,شركة عبدالعزيز سهيل الغامدي,Makkah,10011741,Unclassified/Other,Active,294376
qasr alihsan Hotel For Hotel Services,فندق قصر الاحسان للخدمات الفندقيه,Makkah,10011740,1-Star,Active,294340
Almustahdith almasuuliyya almuaddada,شركة المستحدث للمقاولات شركة ذات المسؤولية المحدودة من,Makkah,10011739,Unclassified/Other,Active,292877
EMAAR MILLION Company Ltd.,شركة إعمار مليون المحدودة,Makkah,10011738,Unclassified/Other,Active,292798
MWASEEM ALKHEIR HOTEL,شركة مواسم الخير للسفر والسياحة,Makkah,10011736,1-Star,Active,292882
Jawharat Alnuzhah Hotel Hotel,فندق جوهرة النزهة الفندقية,Makkah,10011735,1-Star,Active,293519
Abdulrab Karam Elahi Fadl Elahi Hafez Abdullah Inf,مؤسسة عبدالرب كرم الهى فضل الهى حافظ عبدالله لتقنية المعلومات,Makkah,10012171,Unclassified/Other,Active,295495
Asl aljawhara Establishment Hotel,مؤسسة أصل الجوهرة الفندقية,Makkah,10012170,Unclassified/Other,Active,295255
Adnan Saeed Al-Saadi Tourist Lodge,نزل عدنان سعيد الصاعدي للنزل السياحيه,Makkah,10012169,Unclassified/Other,Active,296335
Mohammed Bin Ayesh Bin Ahmed Yahya Al Ahdal Furnit,مؤسسة محمد بن عايش بن احمديحي الاهدل للمفروشات,Makkah,10012167,Unclassified/Other,Active,298915
Saada Ajiyad Hotel,فندق سعداء أجياد,Makkah,10012166,Unclassified/Other,Active,297175
FAISAL BIN HUMAYDAN ALHARBI Establishment,مؤسسة فيصل بن حميدان الحربى,Makkah,10012165,Unclassified/Other,Active,296115
qafan Company For Real Estate,شركة قفان للتطوير والاستثمار العقاري,Makkah,10012164,Unclassified/Other,Active,295075
qafan Company For Real Estate,شركة قفان للتطوير والاستثمار العقاري,Makkah,10012163,Unclassified/Other,Active,295235
DUR ALTAMAYZ,مكتب دور التميز العقاري,Makkah,10012162,Unclassified/Other,Active,296215
MOHAMMED AWWAD AL SHERBI Establishment Commercial,مؤسسة محمد عواض الشربي التجارية,Makkah,10012161,Unclassified/Other,Active,296355
Ajnihat Alkhaleej Company Hotel,شركة أجنحة الخليج الفندقية,Makkah,10012036,1-Star,Active,294715
Hak AlWataniya Establishment For Contracting,مؤسسة هاك الوطنية للمقاولات,Makkah,10012035,Unclassified/Other,Active,294696
Marmara Group for Umra services,شركة مجموعة مرمرة لخدمات المعتمرين,Makkah,10012037,1-Star,Active,294237
Abaq Al Neel Commercial Establishment,شركة عبق النيل المتحدة التجارية,Makkah,10012034,Unclassified/Other,Active,294328
Midad AlMashair Hotel For Hotel Apartments,فندق مداد المشاعر للشقق الفندقية,Makkah,10012032,Unclassified/Other,Active,294038
Qatrat alNada Apartments For Serviced Apartments,شقق قطرات الندى للشقق المخدومة,Makkah,10012031,Unclassified/Other,Active,294122
Ihda alWisam Hostel,نزل إهداء الوسام,Makkah,10012030,Unclassified/Other,Active,294119
Alnajd Aldawli Office For electronic services,مكتب النجد الدولي للخدمات الالكترونية,Makkah,10012029,Unclassified/Other,Active,295135
Turki Ali Mohammed AlSufyani Real Estate Services,مكتب تركى على محمد السفيانى للخدمات العقارية,Makkah,10012028,Unclassified/Other,Active,294175
Saleh Alwadhinani,مؤسسة صالح عويض هاضل الوذيناني للمقاولات العامة,Makkah,10012027,Unclassified/Other,Active,293972
amina bibi muhammad husayn khan charitable trust,وقف امينة بيبي محمد حسين خان,Makkah,10011394,Unclassified/Other,Active,292259
OMAR SAEED O BAHATHEQ Hostel For tourist lodges,نزل عمر بن سعيد بن عمر باحاذق للنزل السياحيه,Makkah,10011393,Unclassified/Other,Active,297435
Mubadra,مؤسسة مبادرة للتشغيل والصيانة,Makkah,10011392,Unclassified/Other,Active,291320
tayyib almasakin Establishment,مؤسسة طيب المسكن,Makkah,10011391,Unclassified/Other,Active,290935
abna faisal abdulrahman rays Company Ltd.,شركة أبناء فيصل عبدالرحمن ريس المحدودة,Makkah,10011390,Unclassified/Other,Active,294268
abna faisal abdulrahman rays Company Ltd.,شركة أبناء فيصل عبدالرحمن ريس المحدودة,Makkah,10011389,Unclassified/Other,Active,293756
Company PRADAIS LAND AL-FANDAQUI AL-ALAMIYYA Ltd,شركة برادايس لاند الفندقية العالمية المحدودة,Makkah,10011387,1-Star,Active,291182
adwa alssaeada alhaditha Establishment,مؤسسة اضواء السعادة الحديثة,Makkah,10011385,Unclassified/Other,Active,291075
hajjaj alijabah Establishment,مؤسسة حجاج الإجابة,Makkah,10011384,Unclassified/Other,Active,293880
Muwaffaq Abdulhai Muhammad Amira General Contracti,مؤسسة موفق بن عبدالحى بن محمد عميره للمقاولات العامة,Makkah,10011383,Unclassified/Other,Active,293514
Rua Grand Hotel,فندق رؤى جراند,Madinah,10010898,1-Star,Active,271915
KAYAN ALMASY  HOTEL,فندق كيان الماسي الفندقية,Madinah,10002577,Unclassified/Other,Active,274959
rihla ada Hostel,نزل رحلة اداء,Makkah,10011734,Unclassified/Other,Active,293792
madinat safwat alaalam Company,شركة مدينة صفوة العالم,Madinah,10011733,Unclassified/Other,Active,292955
muasasat manazil alsufara' lilmuqawalat,مؤسسة منازل السفراء للمقاولات,Makkah,10011731,Unclassified/Other,Active,292881
hasan bin muhammad shaykh jamal allayl charitable,وقف حسن بن محمد شيخ جمل الليل,Makkah,10011730,Unclassified/Other,Active,294338
Establishmen AHMAD MOHAMED ALWAHIDI,مؤسسة أحمد محمد بن محمد الواحدي التجارية,Makkah,10011729,Unclassified/Other,Active,293786
Muwaffaq Abdulhai Muhammad Amira General Contracti,مؤسسة موفق بن عبدالحى بن محمد عميره للمقاولات العامة,Makkah,10011728,Unclassified/Other,Active,293817
Munira Amr Al Jaid Hotel Management Company,مؤسسة منيره عمرو الجعيد لتشغيل الفنادق,Makkah,10011727,Unclassified/Other,Active,294337
Establishment For Hotel Services,مؤسسة تميز الصفوة للخدمات الفندقيه,Makkah,10012081,Unclassified/Other,Active,294345
MOHAMMED AWWAD AL SHERBI Establishment Commercial,مؤسسة محمد عواض الشربي التجارية,Makkah,10012160,Unclassified/Other,Active,295815
Hazm almawani Establishment,مؤسسة حزم الموانئ,Makkah,10012159,Unclassified/Other,Active,295455
Establishment For laundry,مؤسسة راكان راجح ضيف الله الكبكبي لغسيل الملابس,Makkah,10012158,Unclassified/Other,Active,295695
Establishment For laundry,مؤسسة راكان راجح ضيف الله الكبكبي لغسيل الملابس,Makkah,10012157,Unclassified/Other,Active,296125
DANISHCO Establishment,مؤسسة دانشكو,Makkah,10012156,Unclassified/Other,Active,295355
HESHAM ABDULMALEK BINDEHAISH Establishment Hotel,مؤسسة هشام عبدالملك بن دهيش الفندقية,Makkah,10012155,1-Star,Active,297775
rawdat altawhid Hotel Hotel,فندق روضة التوحيد الفندقية,Makkah,10012152,Unclassified/Other,Active,296038
ABDULJALEEL ABDULHADI A ZAMZAMI Hostel,نزل عبدالجليل عبدالهادي علي زمزمى للنزل السياحيه,Makkah,10012151,Unclassified/Other,Active,295335
Aaliyah Juhaynah Hostel For tourist lodges,نزل عالية جهينة للنزل السياحيه,Madinah,10012150,Unclassified/Other,Active,295995
Group For operation and maintenance,مجموعة وليد محمد عزيزالرحمن عزيزالرحمن للتشغيل والصيانة,Makkah,10012149,Unclassified/Other,Active,295375
Masarat Intrnational company,شركة مسارات المملكة الدولية المحدودة,Makkah,10012026,Unclassified/Other,Active,294316
Durat alkhaleej alfidhi Hotel Hotel,فندق درة الخليج الفضي الفندقية,Madinah,10012025,1-Star,Active,300234
jusur almashair Company To operate hotels,شركة جسور المشاعر لتشغيل الفنادق,Makkah,10012024,Unclassified/Other,Active,294121
Musaed Bin Hussein Bin Khaishan Al-Omairi Contract,مؤسسة مساعد بن حسين بن خيشان العميري للمقاولات,Makkah,10012023,Unclassified/Other,Active,295275
Zakariya Zamil Company,شركة زكريا زامل,Makkah,10012022,Unclassified/Other,Active,297715
Safa Almasiya Establishment For Hotel Apartments,مؤسسة صفا الماسية للشقق الفندقية,Makkah,10012019,Unclassified/Other,Active,295055
mabna aldar albayda Establishment,مؤسسة مبنى الدار البيضاء,Makkah,10012018,Unclassified/Other,Active,294118
Ghazil Abdullah bin Mubarak AlKurbi,مؤسسة غزيل عبدالله بن مبارك الكربي التجارية,Makkah,10012017,Unclassified/Other,Active,294999
MUBASHIR MOHAMMED,نزل مبشر محمد مبشر ال غرمان للنزل السياحيه,Makkah,10012016,Unclassified/Other,Active,298416
ribat almabrah Hostel For tourist lodges,نزل رباط المبرة للنزل السياحيه,Makkah,10012015,Unclassified/Other,Active,298075
Aali alqimma Exhibition For Cars,معرض أعالي القمة للسيارات,Makkah,10011382,Unclassified/Other,Active,291981
MASHAEL ADNAN ALKISHAN Establishment Commercial,مؤسسة مشاعل عدنان الكيشان التجارية,Makkah,10011381,Unclassified/Other,Active,291359
ALRAHMA TOWER LODGE,مؤسسة بلال عبدالله عبدالعزيز التويجري للتجارة,Makkah,10011380,Unclassified/Other,Active,291338
Hostel For tourist lodges,نزل خالد بن محمد بن حمدان اللهيبي للنزل السياحيه,Makkah,10011379,Unclassified/Other,Active,292635
Diyafat alBayt Company,شركة ضيافة البيت,Makkah,10011378,Unclassified/Other,Active,290955
alqulub almutaalifah Hostel For tourist lodges,نزل القلوب المتآلفة للنزل السياحيه,Makkah,10011377,Unclassified/Other,Active,293636
aalam alnojoom Company Hotel,شركة عالم النجوم الفندقية,Madinah,10011376,1-Star,Active,292335
Saqr Quraish Establishment Commercial,مؤسسة صقر قريش التجارية,Makkah,10011375,Unclassified/Other,Active,297995
Hotel For Tourist Accommodation,فندق عبدالله بن حامد بن سويلم القرشي للايواء السياحي,Makkah,10011374,Unclassified/Other,Active,290977
arwiqat alsafwa Hotel,فندق أروقة الصفوة,Makkah,10011373,1-Star,Active,293615
NAWAL MOHAMMED ALQAHTANI Hostel,نزل نوال محمد القحطاني,Makkah,10011726,Unclassified/Other,Active,293718
Badr AlHadith Hotel Hotel Establishment,مؤسسة فندق بدر الحديث الفندقية,Makkah,10011725,Unclassified/Other,Active,293775
Humam almashaaer Establishment Commercial,مؤسسة همم المشاعر التجارية,Makkah,10011724,Unclassified/Other,Active,292918
Osama Al-Maghribi Real Estate Company,مؤسسة اسامه المغربي للعقارات,Makkah,10011723,Unclassified/Other,Active,293358
Turki Ali Mohammed AlSufyani Real Estate Services,مكتب تركى على محمد السفيانى للخدمات العقارية,Makkah,10011722,Unclassified/Other,Active,293895
SULAIMAN HASSAN HAMMUDAH Hostel For tourist lodges,نزل سليمان بن حسن حموده للنزل السياحيه,Makkah,10011721,Unclassified/Other,Active,292742
Hotel Al Jabir,شركة الجابر الخدمات الدولية المحدودة,Makkah,10011720,1-Star,Active,292899
Salem Algethami for tourist lodges,نزل سالم دغيليب القثامي للنزل السياحيه,Makkah,10011719,Unclassified/Other,Active,292891
Company diafat alwisam almasi,شركة ضيافة الوسام الماسي,Makkah,10011717,Unclassified/Other,Active,292916
SHAKER FAYSAL HAMOH Establishment,مؤسسة شاكر فيصل حموه,Makkah,10011716,Unclassified/Other,Active,293147
Hostel For tourist lodges,نزل عيسى كريم سرحان الرشيدي للنزل السياحيه,Madinah,10012148,Unclassified/Other,Active,298595
Almustahdith lilmuqawalat Sharikat,شركة المستحدث للمقاولات شركة ذات المسؤولية المحدودة من,Makkah,10012147,Unclassified/Other,Active,295655
EMAAR MILLION Company Ltd.,شركة إعمار مليون المحدودة,Makkah,10012146,Unclassified/Other,Active,295395
salih bin ghazi aldhufayri washarkah likhidmat,شركة صالح بن غازي الظفيري وشركاه لخدمة حجاج الداخل المحدودة,Makkah,10012145,Unclassified/Other,Active,296275
Ruz AlFidhi Hotel Hotel,فندق روز الفضي الفندقية,Madinah,10012143,1-Star,Active,295935
Almaharat Alraida Company For Trading,شركة المهارات الرائدة للتجارة,Makkah,10012142,Unclassified/Other,Active,295856
Bihar al Sharq Establishment For logistics,مؤسسة بحار الشرق للخدمات اللوجستية,Makkah,10012141,Unclassified/Other,Active,295515
ABDULAZIZ ZAMZAMI Establishment for Tourist Lodges,مؤسسة عبدالعزيز عبدالهادي علي زمزمي للنزل السياحية,Makkah,10012140,Unclassified/Other,Active,295456
SULAIMAN ABDULLAH ALMEKHLEF Establishment,مؤسسة سليمان بن عبدالله المخلف,Makkah,10012139,Unclassified/Other,Active,298555
ibrahim abd alrahman aljawhari Endowment,وقف إبراهيم عبدالرحمن الجوهري الوقفية,Makkah,10011832,Unclassified/Other,Active,293362
EMAAR MILLION Company Ltd.,شركة إعمار مليون المحدودة,Makkah,10011831,Unclassified/Other,Active,293415
Yasser Abdulhadi Hamed AlOsaimi Hotel Management,مؤسسة ياسر عبدالهادى حامد العصيمى لتشغيل الفنادق,Makkah,10011830,Unclassified/Other,Active,293457
Darb Almutamir Hotel Hotel,فندق درب المعتمر الفندقية,Makkah,10011829,Unclassified/Other,Active,294343
Darb Almutamir Hotel Hotel,فندق درب المعتمر الفندقية,Makkah,10011828,Unclassified/Other,Active,293896
Establishment Commercial,مؤسسة مستور بن مبيريك بن امبارك المطرفي التجارية,Makkah,10011827,Unclassified/Other,Active,298076
nuzul ghaym Establishment,مؤسسة نزل غيم,Makkah,10011825,Unclassified/Other,Active,293376
Altamour Company for Hotel services shakhs wahid,شركة التامور للخدمات الفندقية شخص واحد,Makkah,10011824,Unclassified/Other,Active,293828
KHALAF MUSLIH ALQURASHI Establishment,مؤسسة خلف بن مصلح القرشى,Makkah,10011823,Unclassified/Other,Active,293535
Mehad Al MAdina Plus Hotel,فندق مهاد المدينة بلس الفندقية,Madinah,10011822,1-Star,Active,293255
Fahd Abdulhadi Saad Alotaibi Establishment For Con,مؤسسة فهد عبدالهادي سعد العتيبي للمقاولات,Makkah,10011371,Unclassified/Other,Active,291917
Hotel For Tourist Accommodation,فندق عبدالله بن حامد بن سويلم القرشي للايواء السياحي,Makkah,10011370,Unclassified/Other,Active,292756
Khaled Ahmad Alsaigh EST,مؤسسة خالد احمد الصايغ التجارية,Makkah,10011369,Unclassified/Other,Active,291355
thna albnna llmqawlat waltatwir Company Ltd.,شركة ثنا البناء للمقاولات والتطوير المحدودة,Makkah,10011368,Unclassified/Other,Active,291415
Abdullah bin Hamed bin Mubarak Al-Jabri Foodstuffs,تموينات عبدالله بن حامد بن امبارك الجابري للمواد الغذائية,Makkah,10011367,Unclassified/Other,Active,291360
adwa alssaeada alhaditha Establishment,مؤسسة اضواء السعادة الحديثة,Makkah,10011366,Unclassified/Other,Active,291318
BANDAR MOHAMMAD ALHAMAZANI Establishment,مؤسسة بندر بن محمد الهمزاني,Makkah,10011365,Unclassified/Other,Active,290976
Baloura Al Durra Hotel Services Company,شركة بلورة الدرة للخدمات الفندقية,Makkah,10011364,Unclassified/Other,Active,292975
Aljad Alshasha Hotel Hotel,فندق الجاد الششة الفندقية,Makkah,10011400,Unclassified/Other,Active,294155
AHMED SAMEER ALWASSABI Establishment Commercial,مؤسسة أحمد سمير الوصابي التجارية,Makkah,10011715,Unclassified/Other,Active,293995
AHMED SAMEER ALWASSABI Establishment Commercial,مؤسسة أحمد سمير الوصابي التجارية,Makkah,10011714,Unclassified/Other,Active,295575
alwaqt althamin lilkhadamat altijaria sharikat sha,شركة الوقت الثمين للخدمات التجارية شركة شخص واحد,Makkah,10011713,Unclassified/Other,Active,293696
Qubat Najd Saleh Muhammad Al Najidi Establishment,مؤسسة قبة نجد لصاحبهانجيد صالح محمد النجيدي,Makkah,10011712,Unclassified/Other,Active,293436
inaya hotel management Company Ltd.,شركة عناية هوتيل مانجمينت المحدودة,Makkah,10011711,Unclassified/Other,Active,293035
OMAR AHMAD ALAMOODI Establishment,مؤسسة عمر احمد العمودي,Makkah,10011710,Unclassified/Other,Active,292593
Diyar Ajwa Tapestry by Hilton Company,شركة ديار عجوة تابستري باي هيلتون,Madinah,10011709,Unclassified/Other,Active,293195
Company Ltd. shakhs wahid,شركة وقار العالمي المحدودة شخص واحد,Madinah,10011708,1-Star,Active,293891
Almustahdith lilmuqawalat,شركة المستحدث للمقاولات شركة ذات المسؤولية المحدودة من,Makkah,10011707,Unclassified/Other,Active,293438
salih bin ghazi aldhufayri washarkah likhidmat huj,شركة صالح بن غازي الظفيري وشركاه لخدمة حجاج الداخل المحدودة,Makkah,10012138,Unclassified/Other,Active,295817
HANE MESFER H ALQARASHI Esta,مؤسسة هاني مسفر حسن القرشي للمقاولات المعمارية العامة,Makkah,10012137,Unclassified/Other,Active,296255
masakin alanwar aldhahabiya Company Ltd,شركة مساكن الانوار الذهبية المحدودة,Makkah,10012136,Unclassified/Other,Active,295736
Jawhara Maysan AlFadhila Hotel forhospitality tour,فندق جوهرة ميسان الفضيلة للضيافة السياحي,Makkah,10012135,Unclassified/Other,Active,296235
HOSTEL ATIF,شركة عاطف عبدالقادر عبدالله عبدالقادر للتطوير والاستثمار العقاري شخص واحد,Makkah,10012133,Unclassified/Other,Active,295315
alsayyid husayn abdalghaffar charitable trust,وقف السيد حسين عبدالغفار,Makkah,10012131,Unclassified/Other,Active,295816
SALEH QASHLAN EST,مؤسسة صالح حمزه قشلان,Makkah,10012129,Unclassified/Other,Active,298936
Company AFAMIA ELITE,شركة أفاميا إليت,Madinah,10012128,Unclassified/Other,Active,294997
amara aldhahabiya Company for Hotel services,شركة عماره الذهبية للخدمات الفندقية,Makkah,10012232,1-Star,Active,297095
altarmim alalami aldhahabi Establishment,مؤسسة الترميم العالمي الذهبي,Makkah,10012231,Unclassified/Other,Active,296295
Naseem Alsharia Hotel Hotel Establishment,مؤسسة فندق نسيم الشريعه الفندقية,Madinah,10011821,1-Star,Active,293196
Company Ajnahat Alsaada,شركة اجنحة السعادة,Makkah,10011820,1-Star,Active,293136
Marjan Al-Mashaaer Hotel Services Company,شركة مرجان المشاعر للخدمات الفندقية شخص واحد,Makkah,10011819,1-Star,Active,293940
NASSER MARZOUQ ALHARBI Hotel For Hotel Services,فندق ناصر مرزوق الحربي للخدمات الفندقيه,Makkah,10011817,Unclassified/Other,Active,296955
ORVANA Company,شركة أورفانا,Makkah,10011816,Unclassified/Other,Active,293518
Atlas Company Hotel qabidah,شركة اطلس الفندقية قابضة,Makkah,10011815,Unclassified/Other,Active,299624
Mohammed bin Riyal bin Mohammed Sadhan,مؤسسة محمد بن ريال بن محمد صادهان لتشغيل الفنادق,Makkah,10011814,Unclassified/Other,Active,293360
jawharat almaad Hotel For Tourist Accommodation,فندق جوهرة المعاد للايواء السياحي,Makkah,10011813,Unclassified/Other,Active,293715
masharif alikhae Company Ltd.,شركة مشارف الإخاء المحدودة,Makkah,10012014,Unclassified/Other,Active,294116
Bosphorus Hotel Tow,فندق البسفور اثنان,Madinah,10006042,Unclassified/Other,Active,235038
Hamed Bin Mohammed Bin Hamed Al Hamed Trading Est,مؤسسة حامد بن محمد بن حامد الحامد للتجارة,Makkah,10011399,Unclassified/Other,Active,292455
bagabas Hotel,فندق عبدالله محمد باقبص الفندقية,Makkah,10011398,Unclassified/Other,Active,290983
SALEH MOHAMMAD ALQURASHI Establishment Hotel,مؤسسة صالح بن محمد القرشي الفندقية,Makkah,10011397,Unclassified/Other,Active,291576
Company mas alttalae,شركة ماس الطلائع,Makkah,10011863,1-Star,Active,293955
afwaj albayt Company Hotel,شركة أفواج البيت الفندقية,Makkah,10011862,Unclassified/Other,Active,293509
Establishment For Hotel Services,مؤسسة تميز الصفوة للخدمات الفندقيه,Makkah,10011861,Unclassified/Other,Active,293797
Lamar Al Salam Group For Hotel Apartments,مجموعة لمار السلام للشقق الفندقية,Makkah,10011860,Unclassified/Other,Active,296121
OMAR SALIM MOSLAM,مؤسسة عمر سليم مسلم القرشي التجارية,Makkah,10011858,Unclassified/Other,Active,293823
Ibrahim Ismail bin Abdulrazak Ali Commercial,مؤسسة ابراهيم اسماعيل بن عبدالرزاق علي التجارية,Makkah,10011856,Unclassified/Other,Active,293970
abdallatif alhaj yunus fentyanah charitable trust,وقف عبداللطيف الحاج يونس فنتيانه,Makkah,10012080,Unclassified/Other,Active,294736
sifat altamayyuz wa alibdaa Company,شركة صفات التميز و الابداع,Makkah,10012079,Unclassified/Other,Active,297535
SAUD ALI ALSHAREEF Establishment,مؤسسة سعود بن علي الشريف,Makkah,10012078,Unclassified/Other,Active,294955
Mohammed Ahmed Abdulsamed Hostel Tourist Hospilaty,نزل محمد احمد عبدالصمد للضيافة السياحي,Makkah,10012077,Unclassified/Other,Active,295115
almudhia almasiya Company Ltd.,شركة المضيئة الماسية المحدودة,Makkah,10012076,1-Star,Active,297720
KHALID WALEED ALI AEQ Hostel For tourist lodges,نزل خالد وليد علي عائق للنزل السياحيه,Makkah,10012075,Unclassified/Other,Active,294325
Mohammed Bin Ayesh Bin Ahmed Yahya AlAhdal Furnit,مؤسسة محمد بن عايش بن احمديحي الاهدل للمفروشات,Makkah,10012073,Unclassified/Other,Active,298475
MESHAL MUBARAK MUNEER ALSHAJANI Hostel,نزل مشعل مبارك بن منير الشجعانى للنزل السياحيه,Makkah,10012072,Unclassified/Other,Active,294323
ABDULLAH MOHAMMED ALQAHTANI Company,شركة عبدالله محمد القحطاني,Makkah,10012071,Unclassified/Other,Active,294717
MOHAMMED ALJABRI HOTeL CO,شركة محمد بن فالح الجابرى الفندقية,Makkah,10012070,Unclassified/Other,Active,296895
aamar alnazhah almutamayyiz Hotel,فندق اعمار النزهه المتميز,Makkah,10012230,1-Star,Active,296120
SAEED ABDULLAH ALGHAMDI Establishment Commercial,مؤسسة سعيد عبدالله الغامدي التجارية,Makkah,10012229,Unclassified/Other,Active,296135
Moro Company Global lilshqq walfanadiq sharikat sh,شركة مورو العالمية للشقق والفنادق شركة شخص واحد,Makkah,10012228,Unclassified/Other,Active,295735
Zahrat Al Madain Hotel Company,شركة زهرة المدائن الفندقية ,Makkah,10012227,1-Star,Active,296395
eesa hotel,نزل عيسى كريم سرحان الرشيدي للنزل السياحيه,Madinah,10012226,1-Star,Active,299744
HANE MESFER H ALQARASHI Esta,مؤسسة هاني مسفر حسن القرشي للمقاولات المعمارية العامة,Makkah,10012225,Unclassified/Other,Active,295875
salih bin ghazi aldhufayri washarkah likhidmat huj,شركة صالح بن غازي الظفيري وشركاه لخدمة حجاج الداخل المحدودة,Makkah,10012224,Unclassified/Other,Active,297016
aknan alsafa Company Hotel,شركة اكنان الصفا الفندقية,Makkah,10012223,Unclassified/Other,Active,297476
OQAB MURAYZIQ ALOTAIBI Establishment,مؤسسة عقاب بن مريزيق العتيبي,Makkah,10012222,Unclassified/Other,Active,296575
FAWZAN SAAD ALOMAYRI Company,شركة فوزان سعد العميرى,Makkah,10012221,Unclassified/Other,Active,296995
YAHYA HAMDAN ALHARBI charitable trust,وقف يحيى بن حمدان الحربي,Makkah,10011578,Unclassified/Other,Active,293794
ABDULKARIM SAEED ALZAHRANI Establishment,مؤسسة عبدالكريم سعيد الزهراني,Makkah,10011577,Unclassified/Other,Active,293483
adwa alssaeada alhaditha Establishment,مؤسسة اضواء السعادة الحديثة,Makkah,10011576,Unclassified/Other,Active,291859
Samad Company Ltd.,شركة سمد المحدودة,Makkah,10011575,Unclassified/Other,Active,294359
TURKI ALI ALSEFYANI Hostel For tourist lodges,نزل تركى على السفيانى للنزل السياحيه,Makkah,10011574,Unclassified/Other,Active,293815
Yasser Abdulhadi Hamed AlOsaimi Hotel Management,مؤسسة ياسر عبدالهادى حامد العصيمى لتشغيل الفنادق,Makkah,10011573,Unclassified/Other,Active,292879
Yasser Abdulhadi Hamed Al-Osaimi Hotel Operations,مؤسسة ياسر عبدالهادى حامد العصيمى لتشغيل الفنادق,Makkah,10011572,Unclassified/Other,Active,292115
Manzil AlFalak Hotel  Catering Solutions Company,شركة مانزيل ألفلاك هوتيل كاتيرينج سولوشنز,Makkah,10011571,1-Star,Active,293295
Basma Esraa AlDhahabi Foundation for Operation an,مؤسسة بصمة اسراء الذهبي للتشغيل والصيانة,Makkah,10011570,Unclassified/Other,Active,291857
jawharah muna Establishment,مؤسسة جوهرة منى,Makkah,10011569,Unclassified/Other,Active,294716
Thabir alakhdar Hostel,نزل ثبير الأخضر,Makkah,10011854,Unclassified/Other,Active,293796
umar musa rawas charitable trust,وقف عمر موسى رواس,Makkah,10011853,Unclassified/Other,Active,294598
Company Ltd.,شركة حجوزات الخليج المحدودة,Makkah,10011852,Unclassified/Other,Active,293717
KHALID SALEH ALMATRAFI Establishment,مؤسسة خالد صالح المطرفي,Makkah,10011850,Unclassified/Other,Active,293783
Fawaz Al-Dhahabi Serviced Apartments,شقق فواز الذهبي للشقق المخدومة,Makkah,10011849,Unclassified/Other,Active,293784
Hassan Jameel Thigha Hostel,فندق حسن جميل عبدالغني ثقه الفندقية,Makkah,10011848,Unclassified/Other,Active,295976
Establishment Commercial,مؤسسة مستور بن مبيريك بن امبارك المطرفي التجارية,Makkah,10011847,Unclassified/Other,Active,298515
Mohammed Ahmed Almatrafi,مؤسسة محمد بن احمد بن ناصر المطرفي التجارية,Makkah,10011846,Unclassified/Other,Active,293578
Company For General ContrSULIMAN MOHAMMAD ALTAMIM,شركة سليمان محمد التميمي للمقاولات العامة,Makkah,10011845,Unclassified/Other,Active,293755
ZUHAIR ABDULHAMID KHAYAT Establishment,مؤسسة زهير بن عبدالحميد خياط,Makkah,10011844,Unclassified/Other,Active,293918
ABDULLAH MOHAMMED ALQAHTANI Company,شركة عبدالله محمد القحطاني,Makkah,10011943,Unclassified/Other,Active,293791
Anwar Almarjan Company Ltd.,شركة أنوار المرجان المحدودة,Makkah,10011942,Unclassified/Other,Active,293971
Diyafat Alnujum Establishment For residential unit,مؤسسة ضيافة النجوم للوحدات السكنية,Makkah,10011941,Unclassified/Other,Active,293822
SAAD AHMED DEMYATI Establishment For Housing,مؤسسة سعد أحمد دمياطي للاسكان,Makkah,10011940,Unclassified/Other,Active,294675
alkiram alfidi Hostel,نزل الكرام الفضي,Madinah,10011938,Unclassified/Other,Active,293935
7alHidayah alKubra Hotel Hotel,فندق الهداية الكبرى الفندقية,Makkah,10011937,Unclassified/Other,Active,293829
makhayyam rafadah Company Ltd,شركة مخيم رفادة المحدودة شركة شخص واحد,Makkah,10011936,Unclassified/Other,Active,293789
Moro Company Global lilshqq walfanadiq sharikat sh,شركة مورو العالمية للشقق والفنادق شركة شخص واحد,Makkah,10011935,Unclassified/Other,Active,293973
ABDULAZIZ SUHAIL ALGHAMDI Company,شركة عبدالعزيز سهيل الغامدي,Makkah,10011934,Unclassified/Other,Active,294264
makhayyam rafadah Company Ltd,شركة مخيم رفادة المحدودة شركة شخص واحد,Makkah,10011933,Unclassified/Other,Active,294935
Imarat littashghil Company Ltd.,شركة إمارات للتشغيل المحدودة,Makkah,10012220,Unclassified/Other,Active,295095
dhi almashair Establishment,مؤسسة ضيء المشاعر,Makkah,10012219,Unclassified/Other,Active,295936
Ali Mohammed Abdullah Al Rajhi Endowment Foundatio,مؤسسة علي محمد عبدالله الراجحي الوقفية الأولى,Makkah,10012218,Unclassified/Other,Active,297198
Ali Mohammed Abdullah Al Rajhi Endowment Foundatio,مؤسسة علي محمد عبدالله الراجحي الوقفية الأولى,Makkah,10012217,Unclassified/Other,Active,297255
Mohamed bin saif company for general contracting,شركة محمد سيف اليماني للمقاولات العامة,Makkah,10012216,Unclassified/Other,Active,296195
Masar Al Izz Hotel Hotel Establishment,مؤسسة فندق مسار العز الفندقية,Makkah,10012215,Unclassified/Other,Active,296815
alkhaymah Company To operate hotels,شركة الخيمة لتشغيل الفنادق,Makkah,10012214,Unclassified/Other,Active,296039
MOZAH HAMOUD ALMASOUDI HOTEL,فندق موزه حمود المسعودي الفندقية,Makkah,10012213,Unclassified/Other,Active,297357
Future Lighting International Travel and Tourism C,شركة انارة المستقبل العالمية للسفر و السياحة,Makkah,10012212,1-Star,Active,295696
nusk almasrah altijariyah qabidah Company,شركة نسك المسرة التجارية قابضة,Makkah,10012211,Unclassified/Other,Active,295916
alasdiqa almasiat litashghil alfanadiq,شركة الأصدقاء الماسية لتشغيل الفنادق شخص واحد,Madinah,10010858,1-Star,Active,288215
MARINA ALDAHABI HOTEL,شركة مارينا الذهبي للخدمات الفندقية شخص واحد,Madinah,10010857,1-Star,Active,271662
AFAQ ALSUD HOTEL,فندق افاق السد الفندقية,Makkah,10010854,1-Star,Active,287618
Zaki Ishaq Bivari Category,مؤسسة زكى اسحاق بيغارى,Makkah,10012013,Unclassified/Other,Active,294195
Unwan alkhayrat Establishment,مؤسسة عنوان الخيرات,Makkah,10012012,Unclassified/Other,Active,293969
abdalrahman bin ali bin yasin charitable trust,وقف عبدالرحمن بن علي بن ياسين,Makkah,10012011,Unclassified/Other,Active,293996
Ruya Alandalus Company,شركة رؤيا الأندلس,Madinah,10012021,1-Star,Active,295715
MASAD FAZI ALQURASHI Establishment,مؤسسة مسعد بن فازع القرشي,Makkah,10012010,Unclassified/Other,Active,294277
Rehab kalid AnaAlrefaey Est,مؤسسة رحاب بنت خالد ابن حسن عناالرفاعي للتجارة,Makkah,10012009,Unclassified/Other,Active,294136
Sultan Ali Hussein Hazazi Tourist Lodges,مؤسسة سلطان علي حسين هزازي للنزل السياحيه,Makkah,10012008,Unclassified/Other,Active,293968
rimas altaqwa Hotel,فندق ريماس التقوى,Makkah,10011843,Unclassified/Other,Active,293915
makan altamayuz Company Ltd.,شركة مكان التميز المحدودة,Makkah,10011842,Unclassified/Other,Active,293507
MANEA HAMAD ALSAQOOR Establishment For Real Estate,مؤسسة مانع بن حمد الصقور للعقارات,Makkah,10011841,Unclassified/Other,Active,293637
Wagf Abbas Binyaseen Alzamzami,وقف عباس بن أحمد بن عباس بن ياسين الزمزمي,Makkah,10011840,Unclassified/Other,Active,293505
Qubat Najd Saleh Muhammad Al Najidi Establishment,مؤسسة قبة نجد لصاحبهانجيد صالح محمد النجيدي,Makkah,10011839,Unclassified/Other,Active,293735
Shadi Nafadi Establishment,مؤسسة شادي نفادي,Makkah,10011838,Unclassified/Other,Active,293576
masharif alazizyah hotel,فندق مشارف العزيزية للخدمات الفندقية,Makkah,10011837,Unclassified/Other,Active,293999
nuzul ghaym Establishment,مؤسسة نزل غيم,Makkah,10011836,Unclassified/Other,Active,293819
nuzul ghaym Establishment,مؤسسة نزل غيم,Makkah,10011835,Unclassified/Other,Active,293490
SALEH SAHAL ALTHOBITI Hostel For tourist lodges,نزل صالح سهل الثبيتي للنزل السياحيه,Makkah,10011833,Unclassified/Other,Active,293923
nada aljawhara Hotel Hotel,فندق ندى الجوهرة الفندقية,Makkah,10012007,1-Star,Active,295795
SAAD AHMED DEMYATI Establishment For Housing,مؤسسة سعد أحمد دمياطي للاسكان,Makkah,10012006,Unclassified/Other,Active,298855
Princess Sultana bint Abdulaziz Al Saud Charitable,وقف الأميرة سلطانة بنت عبدالعزيز ال سعود الخيري,Makkah,10012005,Unclassified/Other,Active,294737
MASAD FAZI ALQURASHI Establishment,مؤسسة مسعد بن فازع القرشي,Makkah,10012004,Unclassified/Other,Active,294037
Waqf almas agha 1,وقف الماس اغا,Makkah,10012003,Unclassified/Other,Active,293963
siraj alkhamsa Company for Hotel services,شركة سراج الخامسة للخدمات الفندقية,Makkah,10012002,Unclassified/Other,Active,294375
Rahab Al Baraka Limited Company,شركة رحاب البركة المحدودة,Makkah,10012001,Unclassified/Other,Active,294515
alajyal  For Cars,معرض الاجيال للسيارات,Makkah,10012000,Unclassified/Other,Active,293966
tasahil almashair Establishment,مؤسسة تساهيل المشاعر,Makkah,10011999,Unclassified/Other,Active,295615
rihlat julan Company sharikat shakhs wahid,شركة رحلات جولان شركة شخص واحد,Makkah,10011998,Unclassified/Other,Active,293965
RAYAN RAJEH ALKABKABI Hostel For Tourist,نزل ريان راجح الكبكبي للايواء السياحي,Makkah,10012210,Unclassified/Other,Active,296037
Office For Real Estate Services,مكتب فليح بن رويحى بن عتيق الله السلمى للخدمات العقارية,Makkah,10012209,Unclassified/Other,Active,295996
Naeema Khal Muhammad Muhammad Othman Bukhari Tradi,مؤسسة نعيمه خال محمد محمدعثمان بخاري للتجارة,Makkah,10012208,Unclassified/Other,Active,295955
Company To operate hotels,شركة اوتاد المتحدة لتشغيل الفنادق,Makkah,10012207,1-Star,Active,296015
Ali Mohammed Abdullah Al Rajhi Endowment Foundatio,مؤسسة علي محمد عبدالله الراجحي الوقفية الأولى,Makkah,10012206,Unclassified/Other,Active,297335
SAFAR DAKHAL ALOTAIBI Establishment,مؤسسة سفر بن داخل العتيبي,Makkah,10012205,Unclassified/Other,Active,297475
abdalmuttalib ibrahim fahgh aljawiy alwaqfiyah cha,وقف عبدالمطلب ابراهيم فهغ الجاوي الوقفية,Makkah,10012204,Unclassified/Other,Active,295415
Ajnihat Alkhaleej Company Hotel,شركة أجنحة الخليج الفندقية,Makkah,10012244,Unclassified/Other,Active,296795
saleh qashlan est,مؤسسة صالح حمزه قشلان,Makkah,10012243,Unclassified/Other,Active,297176
Funduq Manazil AlFath Group Hotel,مجموعة فندق منازل الفتح الفندقية,Makkah,10012242,Unclassified/Other,Active,296915
alayniah hotel,فندق العينية الفندقية,Madinah,10005772,Unclassified/Other,Active,288195
AJYAD ALQMMA HOTEL,فندق اجياد القمة الفندقية,Makkah,10010911,1-Star,Active,288575
ALBARON GOLDEN COMPANY,شركة إل بارون إل زهبي,Makkah,10010910,1-Star,Active,289075
SALEH ABED ALQURASHI Hostel For tourist lodges,نزل صالح ابن عابد القرشى للنزل السياحيه,Makkah,10011706,Unclassified/Other,Active,293356
Qubat Najd  Saleh Muhammad Al Najidi Establishment,مؤسسة قبة نجد لصاحبهانجيد صالح محمد النجيدي,Makkah,10011705,Unclassified/Other,Active,293015
Rima alyasmin Hostel,نزل ريما الياسمين,Makkah,10011704,Unclassified/Other,Active,292584
nuzul aljawhara Establishment,مؤسسة نزل الجوهرة,Makkah,10011703,Unclassified/Other,Active,293502
Nasim alafidah Hotel,فندق نسيم الأفئدة,Makkah,10011702,Unclassified/Other,Active,300458
NORAH MASAD ALLAHYANI Hostel For tourist lodges,نزل نوره مسعد اللحيانى للنزل السياحيه,Makkah,10011700,Unclassified/Other,Active,293897
Kanana Alaziziya Hotel for Hotel services,فندق كنانة العزيزية للخدمات الفندقية,Makkah,10011699,Unclassified/Other,Active,293137
Muzan alaziziya Hostel,نزل مزن العزيزية,Makkah,10012059,Unclassified/Other,Active,294322
Abdul Latif Bin Abdul Wahab Bin Abdul Razzaq Al-Ha,مؤسسة عبداللطيف بن عبدالوهاب بن عبدالرزاق الحماد لخدمات الحجاج,Makkah,10012057,Unclassified/Other,Active,294273
MOHAMMED HAMED ALOTAIBI Establishment For,مؤسسة محمد حامد العتيبي للخدمات التجارية,Makkah,10012056,1-Star,Active,298115
albahry company,شركة البحري العالمية التجارية,Makkah,10012055,Unclassified/Other,Active,294267
WISAM AL MISK HOTEL,شركة وسام المسك الفندقية,Madinah,10012054,1-Star,Active,294216
saleh hamzah qashlan est,مؤسسة صالح حمزه قشلان,Makkah,10012053,Unclassified/Other,Active,296495
saleh hamzah qashlan est,مؤسسة صالح حمزه قشلان,Makkah,10012052,Unclassified/Other,Active,296036
Dal Establishment For Trading,مؤسسة دال للتجارة,Makkah,10012050,Unclassified/Other,Active,294135
Durrat Al Mawasem Serviced Apartments,مؤسسة درة المواسم للشقق المخدومة,Makkah,10012049,Unclassified/Other,Active,294615
Muwaffaq Abdulhai Muhammad Amira General Contracti,مؤسسة موفق بن عبدالحى بن محمد عميره للمقاولات العامة,Makkah,10012048,Unclassified/Other,Active,294258
abna omar said abood bafel Company Ltd.,شركة أبناء عمر سعيد عبود بافيل المحدودة,Makkah,10011997,Unclassified/Other,Active,293924
Mashhoor AlJazeera Establishment Commercial,مؤسسة مشهور الجزيرة التجارية,Makkah,10011996,1-Star,Active,298456
abzar Establishment Commercial,مؤسسة أبزار التجارية,Makkah,10011995,Unclassified/Other,Active,293938
sheikha abed alqurashi foundation,مؤسسة شيخه عابد بن عبدربه القرشي للمقاولات,Makkah,10011993,Unclassified/Other,Active,294321
makhayyam rafadah Company Ltd,شركة مخيم رفادة المحدودة شركة شخص واحد,Makkah,10011992,Unclassified/Other,Active,293943
alLuban charitable trust,وقف اللبان,Makkah,10011989,Unclassified/Other,Active,293887
Rafadat Makkah Hotel,فندق رفادة مكة,Makkah,10011991,Unclassified/Other,Active,293957
jarat almashaaer Establishment,مؤسسة جارة المشاعر,Makkah,10011987,Unclassified/Other,Active,294595
Darb Almutamir Hotel Hotel,فندق درب المعتمر الفندقية,Makkah,10011986,Unclassified/Other,Active,296756
MUSTFA SALEM BAKHAZLAQ Establishment,مؤسسة مصطفى سالم باخدلق,Makkah,10011985,Unclassified/Other,Active,294255
DUR ALTAMAYZ,مكتب دور التميز العقاري,Makkah,10012240,Unclassified/Other,Active,296835
anaqid aljuri Hostel,نزل عناقيد الجوري,Makkah,10012238,Unclassified/Other,Active,298835
SAAD AHMED DEMYATI Establishment For Housing,مؤسسة سعد أحمد دمياطي للاسكان,Makkah,10012237,Unclassified/Other,Active,297575
Establishment For Hotel Services,مؤسسة تميز الصفوة للخدمات الفندقيه,Makkah,10012305,Unclassified/Other,Active,297376
Yasser Mutair Al-Fahmi General Contracting Establi,مؤسسة ياسر مطير الفهمي للمقاولات عامة,Makkah,10012304,Unclassified/Other,Active,298875
Diyafat Alalam,شركة ضيافات العالم للاستثمار,Makkah,10012303,Unclassified/Other,Active,297577
almasat almashair Company To operate hotels,شركة الماسة المشاعر لتشغيل الفنادق,Makkah,10012302,1-Star,Active,299175
alqawafil Company Global lilmuqawalat shakhs wahid,شركة القوافل العالمية للمقاولات شخص واحد,Makkah,10012301,Unclassified/Other,Active,297477
altatwir almuttahida Company Real Estate,شركة التطوير المتحدة العقارية,Makkah,10012300,Unclassified/Other,Active,298035
Alqaswaa Travel and Tourism Company,شركة القصواء للسفر و السياحة,Makkah,10010872,1-Star,Active,271755
Al Ain Homes Coma Trading Holding Comp,شركة منازل العين كوما التجارية  قابضة,Makkah,10010871,1-Star,Active,271655
diafa almorouj company,شركة ضيافة المروج,Makkah,10010870,Unclassified/Other,Active,271659
Loujain alfadiy Hotel,مؤسسة فندق لجين الفضي الفندقية,Madinah,10010869,1-Star,Active,271735
HOTEL NAJMAT ALQASWA,فندق نجمة القصواء,Madinah,10010867,1-Star,Active,287996
wurathat muhammad ibrahim mirah charitable trust,وقف ورثة محمد ابراهيم ميره,Makkah,10011680,Unclassified/Other,Active,293695
Establishment of Abdallah bin Mohammed bin Ababaka,مؤسسة عبدالله بن محمد بن ابابكر اول للتجارة,Makkah,10011679,1-Star,Active,293151
OMAR KHALID ALHARTHI Establishment,مؤسسة عمر خالد الحارثي,Makkah,10011678,Unclassified/Other,Active,293075
dahiat alnuzhah Hostel For tourist lodges,نزل ضاحية النزهة للنزل السياحيه,Makkah,10011677,Unclassified/Other,Active,292457
ABDULKARIM SAEED ALZAHRANI Establishment,مؤسسة عبدالكريم سعيد الزهراني,Makkah,10011676,Unclassified/Other,Active,293580
Ruya Alandalus Company,شركة رؤيا الأندلس,Madinah,10012047,1-Star,Active,294346
al Arab al Haditha Establishment For Contracting,مؤسسة العرب الحديثة للمقاولات,Makkah,10012046,Unclassified/Other,Active,296975
diar almultaqa Hotel Hotel,فندق ديار الملتقى الفندقية,Makkah,10012045,1-Star,Active,299781
ABDULELAH ALI ALHAZMI Establishment Commercial,مؤسسة عبدالاله بن علي الحازمي التجارية,Makkah,10012044,Unclassified/Other,Active,294275
khallal Establishment Real Estate,مؤسسة خلال العقارية,Makkah,10012043,Unclassified/Other,Active,294115
Sky Alaziziyya Hotel,فندق سما العزيزية الفندقية,Makkah,10012042,Unclassified/Other,Active,297035
Zahra Malhah Establishment,مؤسسة زهرة ملحة,Makkah,10012041,Unclassified/Other,Active,294616
wahat albayt alaqariyah  Company,شركة واحة البيت العقارية شركة شخص واحد,Makkah,10012040,Unclassified/Other,Active,294266
wahat albayt alaqariyah  Company,شركة واحة البيت العقارية شركة شخص واحد,Makkah,10012039,Unclassified/Other,Active,294095
Safwat al Abrar Hotel For Tourist Accommodation,فندق صفوة الابرار للايواء السياحي,Makkah,10012038,Unclassified/Other,Active,294795
tharawat almashair Company For Tourism,شركة ثروات المشاعر للسياحة,Makkah,10011990,Unclassified/Other,Active,293886
Diyafat AlMuruj Company,شركة ضيافة المروج,Makkah,10011982,Unclassified/Other,Active,294215
SAEED HASSAN ALZAHRANI Establishment,مؤسسة سعيد بن حسن الزهراني,Makkah,10011981,Unclassified/Other,Active,295835
Alwaleed Saleh Alharbi Company Tourist,شركة الوليد صالح الحربي السياحية,Makkah,10011980,Unclassified/Other,Active,296615
AlAmana AlTaawuniya Company For Trading,شركة الأمانة التعاونية للتجارة,Madinah,10011979,1-Star,Active,294395
Muwathiqoon Taybah Establishment For Contracting,مؤسسة موثقون طيبة للمقاولات,Makkah,10011978,Unclassified/Other,Active,293956
Ambassadors of Reconstruction Foundation for Gener,مؤسسة سفراء الاعمار للمقاولات العامة,Makkah,10011976,Unclassified/Other,Active,294318
ALBADR W ALFAJER HOTEL,فندق البدر والفجر الفندقية,Makkah,10011975,Unclassified/Other,Active,293942
Nozol nawwaf,نزل نواف عبدالعزيز بن عبدالله العيسى,Makkah,10011973,Unclassified/Other,Active,294055
NUHA MOHAMMEDFOZI YAMANI Establishment,مؤسسة نهى محمدفوزى يمانى,Makkah,10011972,Unclassified/Other,Active,294355
Raafat Bin Ramzi Bin Mohammed Makki Al-Ketbi Hotel,فندق رأفت بن رمزى بن محمدمكى الكتبي الفندقية,Makkah,10012299,1-Star,Active,297718
IMTINAN SULIMAN ALSHARIF,مؤسسة امتنان سليمان البركاتي الشريف للخدمات الفندقيه,Makkah,10012298,Unclassified/Other,Active,297635
abna omar said abood bafel Company Ltd.,شركة أبناء عمر سعيد عبود بافيل المحدودة,Makkah,10012297,1-Star,Active,297275
alruqi waltaqaddum Establishment For,مؤسسة الرقي والتقدم للخدمات العقارية,Makkah,10012296,Unclassified/Other,Active,297655
nuzul nujum alawali lildiyafa alsiyahi Establishme,مؤسسة نزل نجوم العوالي للضيافة السياحي,Madinah,10012295,Unclassified/Other,Active,299761
Establishment For laundry,مؤسسة راكان راجح ضيف الله الكبكبي لغسيل الملابس,Makkah,10012294,Unclassified/Other,Active,297415
nakhlat alaasima Establishment,مؤسسة نخلة العاصمة,Makkah,10012293,Unclassified/Other,Active,297556
diyar alwaad Hostel For tourist lodges,نزل ديار الوعد للنزل السياحيه,Makkah,10012292,Unclassified/Other,Active,297536
ajwa alhatim Company Hotel,شركة أجواء الحطيم الفندقية,Makkah,10012291,Unclassified/Other,Active,297355
zahra alburhan Company for Hotel services,شركة زهرة البرهان للخدمات الفندقية,Makkah,10012290,Unclassified/Other,Active,297676
nuzul abu mishal Establishment,مؤسسة نزل ابو مشعل,Makkah,10011675,Unclassified/Other,Active,292735
Manazil Alrafidain Almasi Hotel,فندق منازل الرافدين الماسي,Makkah,10011674,Unclassified/Other,Active,292896
Capital Homes Trading and Contracting Company Limi,شركة منازل العاصمه للتجارة والمقاولات المحدودة,Makkah,10011673,Unclassified/Other,Active,293115
Noor AlSalam AlMuttahida Company Commercial,شركة نور السلام المتحدة التجارية,Makkah,10011672,Unclassified/Other,Active,293499
Mawasim Alrawabi Hotel Hotel,فندق مواسم الروابي الفندقية,Makkah,10011670,Unclassified/Other,Active,292459
Company diafat alwisam almasi,شركة ضيافة الوسام الماسي,Makkah,10011669,Unclassified/Other,Active,292884
Company Mazaya Roufan,شركة مزايا روفان,Makkah,10011668,Unclassified/Other,Active,292740
muasasat miha badr bin huays aleutaybi lilmuqawala,مؤسسة مها بدر بن هويص العتيبي للمقاولات,Makkah,10011667,Unclassified/Other,Active,293998
Fawaz Al-Dhahabi Serviced Apartments,شقق فواز الذهبي للشقق المخدومة,Makkah,10011666,Unclassified/Other,Active,295175
MASHAEL ADNAN ALKISHAN Establishment Commercial,مؤسسة مشاعل عدنان الكيشان التجارية,Makkah,10011665,Unclassified/Other,Active,292476
ay ar alalamiyya Company Ltd.,شركة أي ار العالمية المحدودة,Makkah,10012098,Unclassified/Other,Active,294635
Kayan wa Saba Apartments For Serviced Apartments,شقق كيان و صبا للشقق المخدومة,Makkah,10012097,Unclassified/Other,Active,294335
MANSOUR WASLALLAH AL THOBAITI Establishment,مؤسسة منصور وصل الله الثبيتي,Makkah,10012096,Unclassified/Other,Active,294775
Establishment Commercial,مؤسسة مزنه حمد سعد الحربي التجارية,Makkah,10012095,Unclassified/Other,Active,298275
abna omar said abood bafel Company Ltd.,شركة أبناء عمر سعيد عبود بافيل المحدودة,Makkah,10012103,Unclassified/Other,Active,294996
Alfadila Establishment To operate hotels,مؤسسة الفضيلة لتشغيل الفنادق,Makkah,10012102,Unclassified/Other,Active,295635
Abdullah Faisal Mahmudah Hostal,نزل عبدالله فيصل بن محمدحسين مهمده للضيافة السياحي,Makkah,10012101,Unclassified/Other,Active,294995
Barakat Tabarak Hostel For tourist lodges,نزل بركات تبارك للنزل السياحيه,Makkah,10012100,Unclassified/Other,Active,296075
MANSOUR WASLALLAH AL THOBAITI Establishment,مؤسسة منصور وصل الله الثبيتي,Makkah,10012099,Unclassified/Other,Active,294271
arafat aldhahabiya Company,شركة عرفات الذهبية,Makkah,10012107,Unclassified/Other,Active,294257
MAHMOUD NOOR JASSIM Establishment,مؤسسة محمود نور جاسم,Makkah,10011971,Unclassified/Other,Active,293937
Fahad aljuaei charitable trust,وقف فهد الجوعي,Makkah,10011970,Unclassified/Other,Active,296035
Sharifah Khadija Al-Tabatabi Endowment,وقف الشريفة خديجة محمد الطباطبي الوقفية,Makkah,10011969,Unclassified/Other,Active,298055
ABDULRAHMAN ABDULRAHIM BAWZEER Establishment,مؤسسة عبدالرحمن بن عبدالرحيم باوزير,Makkah,10011968,Unclassified/Other,Active,295295
Ahood Saeed Awad Alharithi Establishment,مؤسسة عهود سعيد عواض الحارثي للشقق الفندقية,Makkah,10011974,Unclassified/Other,Active,294455
Group For operation and maintenance,مجموعة وليد محمد عزيزالرحمن عزيزالرحمن للتشغيل والصيانة,Makkah,10012069,Unclassified/Other,Active,294342
taim in Company Ltd. sharikat shakhs wahid,شركة تايم إن المحدودة شركة شخص واحد,Makkah,10012068,Unclassified/Other,Active,294735
Manaber Almahabbah Hotel Hotel,فندق منابر المحبة الفندقية,Makkah,10012067,Unclassified/Other,Active,294936
Establishment For Hotel Services,مؤسسة تميز الصفوة للخدمات الفندقيه,Makkah,10012066,Unclassified/Other,Active,294274
JAMAN JARAH ALZHRANI Hostel For tourist lodges,نزل جمعان بن جارالله الزهراني للنزل السياحيه,Makkah,10012289,Unclassified/Other,Active,297616
Al Kamal Est For Architectural Contracting,مؤسسة الكمال للمقاولات المعمارية,Makkah,10012288,Unclassified/Other,Active,297315
MANSOUR WASLALLAH AL THOBAITI Establishment,مؤسسة منصور وصل الله الثبيتي,Makkah,10012287,Unclassified/Other,Active,297495
Samaya alhijaz,مؤسسة سمايا الحجاز للنقل البري,Makkah,10012285,Unclassified/Other,Active,298375
tasnim Co,شركة تسنم للمقاولات العامة شركة شخص واحد,Makkah,10012284,Unclassified/Other,Active,297576
RANA ISMAIL JOHARJI Establishment,مؤسسة رنا اسماعيل جوهرجى,Makkah,10012283,Unclassified/Other,Active,297195
nazal hadiqat alruwz aithnan,فندق حديقة الروز الفندقية,Makkah,10012282,Unclassified/Other,Active,297595
AHMAD ABDULFATTAH MOUSA Establishment,مؤسسة احمد عبدالفتاح موسى,Makkah,10012281,Unclassified/Other,Active,298155
nur manazil alkaram Hotel Hotel,فندق نور منازل الكرام الفندقية,Makkah,10012280,Unclassified/Other,Active,299075
Makarem Al-Nujoom Foundation for Operation and Mai,مؤسسة مكارم النجوم للتشغيل والصيانة,Makkah,10012279,Unclassified/Other,Active,297615
Moro Company Global lilshqq walfanadiq sharikat sh,شركة مورو العالمية للشقق والفنادق شركة شخص واحد,Makkah,10011641,1-Star,Active,293976
MEEZAB ALNUKHBA HOTEL,شركة ميزاب الفندقية شركة شخص واحد,Makkah,10011640,1-Star,Active,292190
albuyut almasiya Company For Real Estate,شركة البيوت الماسية للعقارات,Makkah,10011639,Unclassified/Other,Active,292192
Muwaffaq Abdulhai Muhammad Amira General Contracti,مؤسسة موفق بن عبدالحى بن محمد عميره للمقاولات العامة,Makkah,10011638,Unclassified/Other,Active,293675
Mohammad Abdullah aljammaz Establishment Hotel,مؤسسة محمد عبدالله محمد الجماز الفندقية,Makkah,10011637,Unclassified/Other,Active,293504
nasir Ghanyan Muhammad Alameeri Establishment Co,مؤسسة ناصر غنيان محمد العميرى التجارية,Makkah,10011636,Unclassified/Other,Active,292795
Kurat alMashair Hotel Hotel,فندق كرة المشاعر الفندقية,Makkah,10011635,Unclassified/Other,Active,292592
Afaq Al Salam Al Zahabi,شركة حياة الايمان للتشغيل والصيانة,Madinah,10011634,1-Star,Active,292935
Makarem AlMashaer Hotel Hotel,فندق مكارم المشاعر الفندقية,Makkah,10011633,Unclassified/Other,Active,292878
AlAmana AlTaawuniya Company For Trading,شركة الأمانة التعاونية للتجارة,Madinah,10011632,Unclassified/Other,Active,292350
alajyal For Cars,معرض الاجيال للسيارات,Makkah,10012106,Unclassified/Other,Active,294272
albina alasriyya Establishment For Contracting,مؤسسة البناء العصرية للمقاولات,Makkah,10012105,Unclassified/Other,Active,294336
Naeema Khal Mohammed Mohammed Othman Bukhari Tradi,مؤسسة نعيمه خال محمد محمدعثمان بخاري للتجارة,Makkah,10012104,Unclassified/Other,Active,294656
adam alkhayr Company Hotel,شركة ادم الخير الفندقية,Makkah,10012094,Unclassified/Other,Active,294262
The endowments of Sharif Mansour bin Saleh Abu Riy,نزل أوقاف الشريف منصور بن صالح بن محمد أبو رياش للضيافة السياحي,Makkah,10012093,Unclassified/Other,Active,297656
Munira Amr Al Jaid Hotel Management Company,مؤسسة منيره عمرو الجعيد لتشغيل الفنادق,Makkah,10012092,Unclassified/Other,Active,294596
HASIN FAEZ ALLEHAIBI Hostel,نزل حاسن بن فائز اللهيبي للضيافة السياحي,Makkah,10012091,Unclassified/Other,Active,294575
SULIMAN MOUSA HAMAD ALOLAYANRAY ZAKHIR,مؤسسة سليمان بن موسى بن حمد العليان,Makkah,10012090,1-Star,Active,295775
Invictus Construction Company,شركة إنفيكتوس كونستراكشن,Makkah,10012089,Unclassified/Other,Active,294855
HANE MESFER H ALQARASHI,مؤسسة هاني مسفر حسن القرشي للمقاولات المعمارية العامة,Makkah,10012088,Unclassified/Other,Active,294344
aid abdalrahman alaid Awqaf,أوقاف عايد عبدالرحمن العايد,Makkah,10012065,Unclassified/Other,Active,299342
aid abdalrahman alaid Awqaf,أوقاف عايد عبدالرحمن العايد,Makkah,10012064,Unclassified/Other,Active,299460
SAAD AHMED DEMYATI Establishment For Housing,مؤسسة سعد أحمد دمياطي للاسكان,Makkah,10012063,Unclassified/Other,Active,299418
makhayyam rafadah Company Ltd,شركة مخيم رفادة المحدودة شركة شخص واحد,Makkah,10012062,Unclassified/Other,Active,294357
Raed Wan Hostel,نزل رائد وان,Madinah,10012127,Unclassified/Other,Active,295895
ALKAMAL EST,مؤسسة الكمال للمقاولات المعمارية,Makkah,10012126,Unclassified/Other,Active,297197
almudhia almasiya Company Ltd.,شركة المضيئة الماسية المحدودة,Makkah,10012125,1-Star,Active,297055
manasik albayt alhuda Hotel,فندق مناسك البيت الهُدى,Makkah,10012124,1-Star,Active,294895
alHidayah alKubra Hotel 8,فندق الهداية الكبرى الفندقية,Makkah,10012123,Unclassified/Other,Active,296155
alHidayah alKubra Hotel Hotel,فندق الهداية الكبرى الفندقية,Makkah,10012122,Unclassified/Other,Active,295077
Company RAKAN ZAWIYE To manage tourist hospitality,شركة ركن الزاوية لإدارة مرافق الضيافة السياحية شخص واحد,Makkah,10009954,1-Star,Active,241231
MANARAT GHAZA COMPANY,شركة منارات غزة لتشغيل الفنادق شخص واحد,Makkah,10008357,3-Star,Active,231970
Swissotel Makkah,شركة أبراج ساره للاستثمار العقاري فندق مكةسويس اوتيل,Makkah,10007774,5-Star,Active,219937
Snowd Hotel Company,شركة سنود الفندقية شركة مساهمة مقفلة,Makkah,10008031,1-Star,Active,239444
Wirgan company for hotel services,شركة ورقان للضيافة,Makkah,10007011,4-Star,Active,290775
Company DIAR AL AMARAT For Hotel Services,شركة ديار الامارات للخدمات الفندقيه,Makkah,10006900,1-Star,Active,288996
ALASEELREFADA HOTEL,فندق الأصيل رفادة الفندقية,Makkah,10006893,1-Star,Active,218049
SARY MARMARAH HOTEL COMPANY,شركةفندق ساري مرمرة الفندقية,Makkah,10007371,1-Star,Active,218490
KHADER SAADI ALZAHRANI Establishment,مؤسسة خضر سعدي الزهراني,Makkah,10011630,Unclassified/Other,Active,292576
Obaidullah al ahmamadi,مؤسسة عبيدالله بن عبدالله بن عطاالله الاحمدي,Makkah,10011664,Unclassified/Other,Active,294319
EMAAR MILLION Company Ltd.,شركة إعمار مليون المحدودة,Makkah,10011663,Unclassified/Other,Active,292415
MANSOUR WASLALLAH AL THOBAITI Establishment,مؤسسة منصور وصل الله الثبيتي,Makkah,10011662,Unclassified/Other,Active,293235
ABDULLAH MOHAMMED ALQAHTANI Company,شركة عبدالله محمد القحطاني,Makkah,10011661,Unclassified/Other,Active,292876
MOHAMMED ABDULLAH A ALBAQAMI Hostel,نزل محمد بن عبدالله بن عايض البقمي,Makkah,10011660,Unclassified/Other,Active,292775
Fahd Abdulhadi Saad Alotaibi Establishment For,مؤسسة فهد عبدالهادي سعد العتيبي للمقاولات,Makkah,10011657,Unclassified/Other,Active,292456
Diyafat Al Tamayuz Establishment For Furnished,مؤسسة ضيافة التميز للوحدات السكنية المفروشة,Makkah,10011655,Unclassified/Other,Active,292348
Jamil Ahmed Mohamed Madani Serviced Apartments,شقق جميل احمد محمد مدني للشقق المخدومة,Makkah,10011654,Unclassified/Other,Active,292695
Tabah Silver Towers Hotel,فندق أبراج طابة الفضي الفندقية,Madinah,10007173,1-Star,Active,225028
Wafadah Alzahraa Hotel,شركة وفادة الزهراء للخدمات الفندقيه,Madinah,10007170,1-Star,Active,228597
Jay Den Hotel Company,شركة جاي دن الفندقية,Madinah,10006571,Unclassified/Other,Active,221991
Assaafa Hotel,شركة السعفة للخدمات الفندقيه,Madinah,10006554,Unclassified/Other,Active,235721
PARK ALMADINA SERVICED APARTMENT,شقق بارك المدينة للشقق المخدومة,Madinah,10006552,2-Star,Active,259435
Hotel Zawaya almasia,فندق زوايا الماسية للايواء السياحي,Madinah,10006547,1-Star,Active,235621
Sewar Al Thahab serviced apartments,شقق سوار الذهب للشقق المخدومة,Madinah,10006539,2-Star,Active,269065
Emaar Elite,فندق اعمار اليت المدينة الفندقية,Madinah,10006072,Unclassified/Other,Active,235781
E hotel,فندق إيي الفندقية,Madinah,10006522,Unclassified/Other,Active,242990
Fakamat alaqama for serviced apartments,شقق فخامة الاقامة للشقق المخدومة,Madinah,10007158,2-Star,Active,271795
Safwat al Abrar Hotel For Tourist Accommodation,فندق صفوة الابرار للايواء السياحي,Makkah,10011236,Unclassified/Other,Active,291401
Sama aljoury Hotel,فندق سما الجوري,Makkah,10011232,1-Star,Active,290319
Hotel Number One,فندق رقم وان الفندقية,Makkah,10011231,1-Star,Active,290618
ajwa alhatim Company Hotel,شركة أجواء الحطيم الفندقية,Makkah,10011230,Unclassified/Other,Active,291096
karam alwifadah Establishment,مؤسسة كرم الوفادة,Makkah,10011307,Unclassified/Other,Active,291535
Asila Al Andalus Hotel,شركة أصيلة الأندلس لتشغيل الفنادق,Makkah,10011306,1-Star,Active,290835
SALEH ALI ALGHAMDI Hostel For tourist lodges,نزل صالح علي الغامدي للنزل السياحيه,Makkah,10011304,Unclassified/Other,Active,291155
abna omar said abood bafel Company Ltd.,شركة أبناء عمر سعيد عبود بافيل المحدودة,Makkah,10011302,Unclassified/Other,Active,292835
Khaled Abdo AlAssiri Company for Operati,شركة خالد عبده بن محمد العسيري للتشغيل والصيانة,Makkah,10011301,Unclassified/Other,Active,291178
ASSAF SALEM ALQURASHI Establishment,مؤسسة عساف بن سالم القرشي,Makkah,10011568,Unclassified/Other,Active,291781
awtad alfadhila Company,شركة اوتاد الفضيلة,Makkah,10011567,Unclassified/Other,Active,293146
SALMAN MAYODH ALJIMAYEI Establishment,مؤسسة سلمان بن معيوض الجميعي,Makkah,10011566,Unclassified/Other,Active,291980
Joud Al Khair Hotel,فندق جود الخير الفندقية,Makkah,10011565,Unclassified/Other,Active,291958
KHALED MAHMOUD S QATTAN Establishment,مؤسسة خالد محمود صالح قطان,Makkah,10011564,Unclassified/Other,Active,294238
EMAAR MILLION Company Ltd.,شركة إعمار مليون المحدودة,Makkah,10011563,Unclassified/Other,Active,292075
sadeen aldhahabiya Company Ltd.,شركة سدين الذهبية المحدودة,Makkah,10011562,1-Star,Active,293883
salih bin ghazi aldhufayri washarkah likhidmat huj,شركة صالح بن غازي الظفيري وشركاه لخدمة حجاج الداخل المحدودة,Makkah,10011560,Unclassified/Other,Active,292255
sameer falas Company Ltd.,شركة سمير فلاس المحدودة,Makkah,10011559,Unclassified/Other,Active,293575
Shadi Nafadi Establishment,مؤسسة شادي نفادي,Makkah,10011558,Unclassified/Other,Active,293782
Ajyal Almadinah Hotel 1,اجيال المدينة الفندقية,Madinah,10009378,1-Star,Active,235800
Durrat Al Hamra Serviced Apartments,شقق درة الحمراء المخدومة,Madinah,10009492,2-Star,Active,269778
Zowar international Hotel,فندق زوار العالمي,Madinah,10008777,3-Star,Active,227959
ALMARZAM HOTEL,شركة المرزم الفندقية,Madinah,10008776,1-Star,Active,230721
Al Mukhtara Plaza Hotel,فندق المختارة بلازا,Madinah,10009459,1-Star,Active,235791
Jawharat Sama Hotel,فندق جوهرة سما,Madinah,10008829,2-Star,Active,235747
Abrag Almarzam Hotel,شركة ابراج المرزم الفندقية,Madinah,10008824,1-Star,Active,223122
Al Manar Silver Hotel,المنارالفضي,Madinah,10008823,1-Star,Active,235751
Karam Al Khair Hotel,فندق كرم الخير الفندقية,Madinah,10008835,1-Star,Active,225222
Almokhtara Diamond hotel,شركة المختارة الماسي للخدمات الفندقيه شخص واحد,Madinah,10008822,1-Star,Active,230404
shakaq aldura alraqiyya lishquq almakhdouma,شقق الدرة الراقية للشقق المخدومة,Madinah,10007152,2-Star,Active,289835
al bastan hotel,فندق ماسة البستان,Madinah,10007135,1-Star,Active,235810
ASIN HOTEL,فندق اسين الفندقية,Madinah,10006468,1-Star,Active,292883
Elaf Al Taqwa Hotel,فندق ايلاف التقوى,Madinah,10006022,1-Star,Active,235767
Sama AlMadina Hotel,فندق سما المدينة الفندقية,Madinah,10006444,1-Star,Active,250454
Karma Al Madaen Hotel,فندق كارمة المدائن الفندقية,Madinah,10006438,1-Star,Active,255115
Emaar Al Maktan Hotel,فندق اعمار مكتان الفندقية,Madinah,10006414,3-Star,Active,244715
Durrat Al Madinah Hotel Company,شركة درة المدينة الفندقية,Madinah,10006361,1-Star,Active,225034
OWNARA STAY COMPANY,شركة أونارا ستاي,Madinah,10006350,2-Star,Active,262838
Khaled Abdo AlAssiri Company for Operati,شركة خالد عبده بن محمد العسيري للتشغيل والصيانة,Makkah,10011300,Unclassified/Other,Active,291397
zahra sufi Establishment,مؤسسة زهرة صوفي,Makkah,10011298,Unclassified/Other,Active,291480
DYAFAT ALATHEL INVESTMENT CO,شركة ضيافة الأثيل للاستثمار,Madinah,10011297,1-Star,Active,290535
0000,مؤسسة محمد رزيق الحليفي للمقاولات المعمارية العامة,Makkah,10011295,Unclassified/Other,Active,291115
dana aldiyafa Hotel Hotel,فندق دانة الضيافة الفندقية,Makkah,10011294,Unclassified/Other,Active,290981
Diyafat Al Tamayuz Establishment For Furnished Apa,مؤسسة ضيافة التميز للوحدات السكنية المفروشة,Makkah,10011293,Unclassified/Other,Active,292185
Nourah Dhifallah Alzahrani hostel for Hajj season,نزل نوره ضيف  الله غرسان الزهراني للنزل السياحيه,Makkah,10011292,Unclassified/Other,Active,290855
Company diafat alwisam almasi,شركة ضيافة الوسام الماسي,Makkah,10011291,1-Star,Active,293149
ALI HAMED ALOSAIMI Establishment,مؤسسة علي بن حامد العصيمي,Makkah,10011363,Unclassified/Other,Active,291418
AlDiyafa AlMumayaza Establishment For residential,مؤسسة الضيافة المميزه للوحدات السكنية,Makkah,10011361,Unclassified/Other,Active,291175
Laylah Wahedah Hotel Est,مؤسسة فندق ليلة واحدة الفندقية,Madinah,10010598,1-Star,Active,299121
Maysan Al Taqwa Hotel,مجموعة ميسان الدولية,Madinah,10010592,1-Star,Active,239195
Asfar Alhijaz Alalamiah  For Investment company,شركة أسفار الحجاز العالمية للاستثمار,Makkah,10010672,1-Star,Active,255023
Abraj Al Diafa,شركة ابراج الضيافة واحد لتشغيل الفنادق,Madinah,10010670,1-Star,Active,254575
Tareeq Al Hijrah Hotel Services Company,شركة طريق الهجره للخدمات الفندقية,Makkah,10010991,1-Star,Active,288396
Asrar Al Mahbas Hotel Operation Company,شركة اسرار المحبس لتشغيل الفنادق,Makkah,10010990,1-Star,Active,288517
Arkan Al Hayat Hotel,فندق اركان الحياة الفندقية,Makkah,10010988,1-Star,Active,288415
Namaa Alasria Hotel Company,شركة نماء العصرية للفنادق,Makkah,10010987,1-Star,Active,288356
Zahrat Ithnan Hotel,فندق زهرة اثنان,Madinah,10010986,1-Star,Active,288337
Zahrat Taiba Khamsa Hotel,فندق زهرة طيبة خمسة الفندقية,Madinah,10010985,1-Star,Active,288375
Millennium Madinah Airport Hotel,شركة فندق مطار المدينة ميلينيوم,Madinah,10008820,Unclassified/Other,Active,272587
Manazili Medina Hotel,فندق منازلي المدينة,Madinah,10008819,1-Star,Active,235924
Diyar Al Huda Hotel,فندق ديار الهدى الفندقية,Madinah,10008814,1-Star,Active,230644
Golden Palace Hotel,فندق قصر الاندلس الذهبي,Madinah,10008811,1-Star,Active,235750
Tabah Towers Limited Company,شركة أبراج طابة المحدودة (شركة شخص واحد),Madinah,10008808,1-Star,Active,225206
Jawar Taiba Hotel,فندق جوار طيبة الفندقية,Madinah,10008833,1-Star,Active,227612
Hayah Diamond Hotel,شركة حياة الماسي للخدمات الفندقيه,Madinah,10008806,1-Star,Active,247466
KINAN SUITE HOTEL,فندق كنان سويت الفندقية,Madinah,10007924,1-Star,Active,301855
Hill Hotel,فندق هيل,Madinah,10010157,1-Star,Active,235884
Nasamat Hotel,شركة نسمات الفندقية,Madinah,10010154,1-Star,Active,227831
Dakhil Bin Naqa Bin Shenishil Al Rahili Serviced A,شقق دخيل بن نقا بن شنيشيل الرحيلي للشقق المخدومة,Madinah,10005718,2-Star,Active,288518
EMAAR ROYAL,فندق اعمار رويال للخدمات الفندقية,Madinah,10007095,3-Star,Active,232162
TAJ AL-EIMAN HOTEL,فندق تاج الإيمان الفندقية,Madinah,10007072,2-Star,Active,244776
Safwa City Hotel,فندق صفوة المدينة الفندقية,Madinah,10006318,1-Star,Active,227604
Sky ViewHotel,فندق سكاي فيو,Madinah,10006293,1-Star,Active,235920
shaqaq adiwa' alsalam lilshuqaq almakhduma,شقق اضواء السلام للشقق المخدومة,Madinah,10006236,2-Star,Active,269348
raqaz,فندق ركاز الماسي الفندقية,Madinah,10006232,2-Star,Active,269062
SOFITEL SHAHD ALMADINAH,فندق سوفتيل  شهد المدينة,Madinah,10007643,5-Star,Active,235834
Jawharat Al Rasheed Hotel,فندق جوهرة الرشيد,Madinah,10007642,1-Star,Active,222957
verdun hotel,فندق فيردان الفندقية,Madinah,10007641,1-Star,Active,269762
kunuz alrahma Establishment Hotel,مؤسسة كنوز الرحمة الفندقية,Makkah,10011229,Unclassified/Other,Active,290695
altur 5 Company,شركة الطور 5,Makkah,10011228,Unclassified/Other,Active,292875
HANI HAMOUD ALHATHLA Establishment,مؤسسة هاني حمود الهذلى,Makkah,10011227,Unclassified/Other,Active,291398
Safwat al Abrar Hotel For Tourist Accommodation,فندق صفوة الابرار للايواء السياحي,Makkah,10011226,Unclassified/Other,Active,291678
Rawad alhijaz aldhahabi Office For Public Services,مكتب رواد الحجاز الذهبي للخدمات العامة,Makkah,10011225,Unclassified/Other,Active,290700
abna omar said abood bafel Company Ltd.,شركة أبناء عمر سعيد عبود بافيل المحدودة,Makkah,10011360,Unclassified/Other,Active,293997
muasasat diafat salih lilwahadat alsakaniat almafr,مؤسسة ضيافة صالح للوحدات السكنية المفروشة,Makkah,10011359,Unclassified/Other,Active,291875
Abdullah bin Hamed bin Mubarak Al-Jabri Foodstuffs,تموينات عبدالله بن حامد بن امبارك الجابري للمواد الغذائية,Makkah,10011358,Unclassified/Other,Active,291482
ayfint dizayn Establishment Commercial,مؤسسة ايفنت ديزاين التجارية,Makkah,10011357,Unclassified/Other,Active,292591
Qawafil Al Naseem Office For Public Services,مكتب قوافل النسيم للخدمات العامة,Makkah,10011356,Unclassified/Other,Active,290984
Zahrat AlYasser Hotel,فندق زهرة الياسر الفندقية,Makkah,10010728,1-Star,Active,290156
UMRAH SEASON,مؤسسة فندق مكارم الحجاز للخدمات الفندقيه,Makkah,10010726,1-Star,Active,259035
Bissan Golden Hotel,شركة بيسان الذهبي الفندقية,Makkah,10010724,1-Star,Active,259256
Hotel manazl al majd hotel,فندق منازل المجد الفندقية,Madinah,10010723,1-Star,Active,259295
REHAB ALBUSTAN HOTEL,فندق رحاب البستان الفندقية,Makkah,10010997,1-Star,Active,288516
RAHAT ALUBUR COMPANY,شركة راحه العبور,Madinah,10010994,Unclassified/Other,Active,288955
Loaloat Al Tawfiq Hotel Operating Establishment,مؤسسة لؤلؤة التوفيق لتشغيل الفنادق,Makkah,10010993,1-Star,Active,288495
aamar alsafa almumayaz Hotel,فندق اعمار الصفا المميز,Makkah,10011557,1-Star,Active,293396
abna omar said abood bafel Company Ltd.,شركة أبناء عمر سعيد عبود بافيل المحدودة,Makkah,10011556,Unclassified/Other,Active,294120
Wisam Al Alami Hotel,شركة وسام العالمي الفندقية شخص واحد,Madinah,10010146,1-Star,Active,230637
HOWE INN for hotel services,شركة هاو إن للخدمات الفندقيه,Madinah,10009450,1-Star,Active,256718
Jahina al masi Apartments,شقق جهينة الماسي,Madinah,10009448,Unclassified/Other,Active,235769
Shaza Al Baraka Tourist Hospitality Hotel,فندق شذا البركة للضيافة السياحي,Madinah,10009446,1-Star,Active,227571
Orchid Hotel,فندق الأوركيدا,Madinah,10009358,1-Star,Active,254475
Retaj Al Rawdah Hotel Establishment,مؤسسة رتاج الروضة الفندقية,Madinah,10009351,1-Star,Active,227592
manazil alsaadiq,منازل الصادق ,Madinah,10009344,1-Star,Active,235788
MADINAH ARAM HOTEL,فندق آرام المدينة للضيافة السياحي,Madinah,10009432,1-Star,Active,254495
Areek Taiba,شركة اريك طيبة للخدمات الفندقيه,Madinah,10008804,1-Star,Active,235804
Rua Alfakhama Hotel,فندق رؤى الفخامة,Madinah,10008797,1-Star,Active,224753
Sila Hotel Establishment,مؤسسة صلة الفندقية,Madinah,10007621,1-Star,Active,271476
View Almadina Hotel,فندق فيو المدينة,Madinah,10007051,1-Star,Active,235842
Saraya Taibh Hotel,فندق سرايا طيبة,Madinah,10004948,1-Star,Active,235748
AL SADD AL KHALEJE HOTEL,فندق السد الخليجي الفندقية,Madinah,10007427,1-Star,Active,258935
Diyar Al Hijaz Diamond Hotel,فندق ديار الحجاز الماسي الفندقية,Madinah,10007593,1-Star,Active,228536
Makarim Suites Serviced Apartments Company,شركة اجنحة مكارم للشقق المخدومة,Madinah,10007048,2-Star,Active,244477
Rotana Almesk Hotel,فندق روتانا المسك,Madinah,10004058,2-Star,Active,235738
Salsabeel Almasy Hotel,مؤسسة سلسبيل الماسية الفندقية,Madinah,10007567,1-Star,Active,259395
Golden City Hotel,فندق المدينة الذهبي الفندقية,Madinah,10006997,1-Star,Active,224982
LAMARTAIBA SERVICED APARTMENTS,شقق لمار طيبة للشقق المخدومة,Madinah,10007521,2-Star,Active,242968
Mubarak Bin Abdullah Bin Salem Al Barakati Hotel,فندق مبارك بن عبدالله بن سالم البركاتي الفندقية,Makkah,10011355,Unclassified/Other,Active,291795
ABDULELAH MOHAMMAD BANOON Establishment,مؤسسة عبدالاله بن محمد بنون,Makkah,10011353,Unclassified/Other,Active,293487
nawabigh alruya Establishment,مؤسسة نوابغ الرؤية,Makkah,10011352,Unclassified/Other,Active,293978
Maharat alIbtiqar Center Private Nursery,مركز مهارات الابتكار ضيافة الأطفال الأهلية,Makkah,10011351,Unclassified/Other,Active,291655
ABDULLAH HUSSAIN ALKHALAGI Establishment,مؤسسة عبدالله حسين الخلاقي,Makkah,10011350,Unclassified/Other,Active,292815
ADEL HUSSAIN ALQURASHI Hostel For tourist lodges,نزل عادل بن حسين القرشي للنزل السياحيه,Makkah,10011349,Unclassified/Other,Active,290980
MOHAMMED ABDULLAH A ALBAQAMI Hostel,نزل محمد بن عبدالله بن عايض البقمي,Makkah,10011347,Unclassified/Other,Active,291358
zewar mashaer company ltd,شركة زوار المشاعر المحدودة,Makkah,10011346,Unclassified/Other,Active,291961
Matruk Misfar Alotaibi Altejariyah Establishment,مؤسسة متروك مسفر العتيبي التجاريه,Makkah,10011344,Unclassified/Other,Active,291876
abna omar said abood bafel Company Ltd.,شركة أبناء عمر سعيد عبود بافيل المحدودة,Makkah,10011343,Unclassified/Other,Active,293144
ALYA SALAH ALOSAIMI Establishment,مؤسسة علياء صلاح العصيمي,Makkah,10011555,Unclassified/Other,Active,293475
Sama Maysan General Contracting Establishment,مؤسسة سما ميسان للمقاولات العامة,Makkah,10011553,Unclassified/Other,Active,291862
abraj alafq Company,شركة أبراج الافق,Makkah,10011552,Unclassified/Other,Active,291860
Hani Hamed Mohamed Sanki Trading Establishment,مؤسسة هاني حامد محمد سنكى التجارية,Makkah,10011551,Unclassified/Other,Active,293215
alrayyan almakiya Company Ltd.,شركة الريان المكية المحدودة,Makkah,10011550,1-Star,Active,293175
Sama Maysan General Contracting Establishment,مؤسسة سما ميسان للمقاولات العامة,Makkah,10011549,Unclassified/Other,Active,291780
Abdulaziz A Zamzami Establishment for Turist,مؤسسة عبدالعزيز عبدالهادي علي زمزمي للنزل السياحية,Makkah,10011548,Unclassified/Other,Active,291895
nuzul dayratna Establishment Commercial,مؤسسة نزل ديرتنا التجارية,Makkah,10011547,Unclassified/Other,Active,292155
Nada Taiba For Tourist Hostel,نزل ندى طيبة للنزل السياحيه,Madinah,10011585,Unclassified/Other,Active,291855
roaa,روى الاندلس,Madinah,10008790,1-Star,Active,235770
Karam Al Madina Hotel,فندق كرم المدينة الفندقية,Madinah,10008744,1-Star,Active,224791
rooy alandalus,رؤيا الاندلس,Madinah,10008787,1-Star,Active,235798
Saraya Harmony Hotel (A),فندق سرايا هارموني (أ),Madinah,10008781,1-Star,Active,235777
Luma Serviced Apartments Company,شركة شقق لوما للشقق المخدومة,Madinah,10008779,2-Star,Active,271458
Waqf outhman bin affan hotel,فندق وقف عثمان بن عفان,Madinah,10008752,1-Star,Active,239237
Dar Al Naeem,فندق دار النعيم,Madinah,10007920,1-Star,Active,224814
Ewan AlRabwah for serviced apartments,مؤسسة إيوان الربوة للشقق المخدومة,Madinah,10007918,2-Star,Active,288835
Ansam tyaba,فندق انسام طيبه للضيافة السياحي,Madinah,10007519,1-Star,Active,256418
Abral Hotel,فندق ابرال الفندقية,Madinah,10002511,1-Star,Active,228401
Al Eairy Serviced Apartments Company,شركة العييري للشقق المخدومة,Madinah,10007398,2-Star,Active,242979
SEASON STAR HOTEL,فندق نجم الموسم الفندقية,Madinah,10002486,3-Star,Active,258736
Dosh Serviced Apartments,شقق دوش للشقق المخدومة,Madinah,10007480,2-Star,Active,242234
Castle Hotel,فندق كاسيل الفندقية,Madinah,10007448,2-Star,Active,221981
KAREM ALZAHBI HOTEL,فندق كارم الذهبي الفندقية,Madinah,10007222,1-Star,Active,242972
almadina al-joudida Hotel for Tourist Hospitality,فندق المدينة الجديدة للضيافة السياحي,Madinah,10007434,3-Star,Active,235904
AL Alya Hotel,فندق العلياء,Madinah,10007433,1-Star,Active,235831
abna omar said abood bafel Company Ltd.,شركة أبناء عمر سعيد عبود بافيل المحدودة,Makkah,10011342,Unclassified/Other,Active,293826
MESHAL HUMUD ALHATHLA Establishment,مؤسسة مشعل بن حمود الهذلى,Makkah,10011423,Unclassified/Other,Active,292355
Hasibat aljawal Establishment For communications,مؤسسة حاسبات الجوال للاتصالات,Makkah,10011421,Unclassified/Other,Active,291835
SALMAN MOHAMMED ALMEHMADI,نزل سلمان بن محمد المحمادي للنزل السياحيه,Makkah,10011420,Unclassified/Other,Active,291735
Yasser Abdulhadi Hamed AlOsaimi Hotel Management,مؤسسة ياسر عبدالهادى حامد العصيمى لتشغيل الفنادق,Makkah,10011419,Unclassified/Other,Active,292736
almaqam alraqi almasi Establishment,مؤسسة المقام الراقي الماسي,Makkah,10011418,Unclassified/Other,Active,291977
SAAD MISHAL ALHAKAMI Establishment,مؤسسة سعد بن مشعل الحكمى,Makkah,10011417,Unclassified/Other,Active,291595
Abdul Rahman Al Qurashi Hotel,فندق عبدالرحمن بن عطيه بن خضر القرشى الفندقية,Makkah,10011414,Unclassified/Other,Active,291135
Anwar Al Salah Company Ltd.,شركة انوار الصلاح المحدودة,Makkah,10011413,1-Star,Active,293555
AlTala AlNadid Establishment For Trading,مؤسسة الطلع النضيد للتجارة,Makkah,10011412,Unclassified/Other,Active,290995
AL ANSAR GOLDEN TULIP HOTEL,فندق الانصار جولدن توليب,Madinah,10002526,3-Star,Active,254406
Establishment masar alamal aljadid,مؤسسة مسار الأمل الجديد,Makkah,10011273,1-Star,Active,290676
dar almazn Hostel,نزل دار المزن,Makkah,10011270,Unclassified/Other,Active,290702
Mohammad Almatarifi Establishment For Contracting,مؤسسة محمد نوير شحيب المطرفي للمقاولات,Makkah,10011269,Unclassified/Other,Active,290986
Mohammad Almatarifi Establishment For Contracting,مؤسسة محمد نوير شحيب المطرفي للمقاولات,Makkah,10011268,Unclassified/Other,Active,290701
Jawharat Alkaramah Hostel,نزل جوهرة الكرامة للايواء السياحي,Makkah,10011267,Unclassified/Other,Active,291679
Sharkat almomayazh alola,شركة المميزة الاولى الفندقية,Makkah,10011582,1-Star,Active,292015
Fares Ajyad Hotel for Hotel Services,فندق فارس أجياد للخدمات الفندقية,Makkah,10011581,1-Star,Active,296055
MOHAMMAD NJOEM ALSOBHY Establishment,مؤسسة محمد بن نجيم الصبحي,Makkah,10011580,Unclassified/Other,Active,292343
Hazm almawani Establishment,مؤسسة حزم الموانئ,Makkah,10011579,Unclassified/Other,Active,292347
Guest Time Hotel,فندق وقت النزيل الفندقية,Madinah,10007973,1-Star,Active,235899
Plaza Inn One,بلازا إن أحد,Madinah,10007968,1-Star,Active,235823
Durrat Balensia Hotel,فندق درة بلنسية الفندقية,Madinah,10009332,1-Star,Active,259377
Fakhamat Al Madinah Gifts Company,شركة فخامة المدينة للهدايا,Madinah,10009420,2-Star,Active,259137
Diwan Alhijra,ديوان الهجره,Madinah,10009338,1-Star,Active,235838
Diyar Taiba Hotel,فندق ديار طيبه الفندقية,Madinah,10008736,1-Star,Active,239196
Al Manar Silver Hotel 2,المنار الفضي(2),Madinah,10008743,1-Star,Active,235815
Arkan Aldahbi Hotel,فندق أركان الذهبي الفندقية,Madinah,10008724,1-Star,Active,254796
Diwan Almadinah Hotel,ديوان المدينة,Madinah,10008723,1-Star,Active,235903
Faraj almadina hotel,فندق فرج المدينة الفندقية,Madinah,10008721,3-Star,Active,235763
Ramah Almadina For Serviced Apartments,مؤسسة رامة المدينة للشقق المخدومة,Madinah,10008718,2-Star,Active,269067
Valy Hotel,فندق فالي المدينة,Madinah,10006897,1-Star,Active,235824
ROYA AL ANDALUS COMPANY,شركة رؤيا الأندلس لتشغيل الفنادق شخص واحد,Madinah,10001976,2-Star,Active,235275
Ruve Hotel,فندق روف المدينة الفندقية,Madinah,10001932,1-Star,Active,227512
Shaza Regency Plaza Hotel,فندق شذا ريجنسي بلازا للفنادق,Madinah,10007217,3-Star,Active,226899
PLATINUM HOTIL,فندق بلاتينيوم الفندقية,Madinah,10007368,1-Star,Active,247583
itlalat uhud,فندق اطلالة احد الفندقية,Madinah,10007367,1-Star,Active,245427
Almokhtara internatlonnal hotel,شركة المختارة العالمي للخدمات الفندقيه شخص واحد,Madinah,10007215,1-Star,Active,230295
Anfal Taiba Serviced Apartments,شقق انفال طيبة للشقق المخدومة,Madinah,10007363,2-Star,Active,255015
AL RITZ AL MADINA HOTEL,فندق الريتز المدينة,Madinah,10007213,3-Star,Active,226810
AL Madinah Hilton Hotel,فندق المدينة هيلتون,Madinah,10007360,1-Star,Active,235837
Gacine hotel,فندق غسن الفندقية,Madinah,10007357,1-Star,Active,254655
Najma Israa Al-Dhahabi Hotel Services Company,شركة نجمة اسراء الذهبي للخدمات الفندقية,Makkah,10011411,1-Star,Active,292535
abna faisal abdulrahman rays Company Ltd.,شركة أبناء فيصل عبدالرحمن ريس المحدودة,Makkah,10011410,Unclassified/Other,Active,293500
Nozol zahrat khdayra alsiyahia,مؤسسة زهرة خضيراء للمقاولات عامة,Makkah,10011409,Unclassified/Other,Active,292575
Dhaif Allah Dukheil   AlRashidi Establishment,مؤسسة ضيف الله بن دخيل بن دخيل الله الرشيدي,Makkah,10011408,Unclassified/Other,Active,292295
Company Ltd. shakhs wahid,شركة وقار العالمي المحدودة شخص واحد,Madinah,10011440,Unclassified/Other,Active,293456
Hotel For Tourist Accommodatino,فندق عبدالله بن حامد بن سويلم القرشي للايواء السياحي,Makkah,10011439,1-Star,Active,292395
WAQF SAB,مؤسسة وقف عثمان ساب إبراهيم خطيب السرتي الوقفية,Makkah,10011438,Unclassified/Other,Active,292895
abraj shahd Company for Hotel services,شركة ابراج شهد للخدمات الفندقية,Madinah,10011437,Unclassified/Other,Active,292135
one inn hotel,شركة فندق ون ان الفندقية,Madinah,10007935,1-Star,Active,235073
AZhar Salsabil,فندق ازهار سلسبيل الفندقية,Madinah,10008022,1-Star,Active,235820
Assaafa Golden Hotel,فندق السعفة الذهيبة,Madinah,10008021,3-Star,Active,235787
Maysan Al Harithia,فندق ميسان الحارثية ,Madinah,10008016,1-Star,Active,235805
Dan Hotel,شركة فندق دان الفندقية,Madinah,10008010,1-Star,Active,259644
afaq alfaday,شركة افاق الفضي لتشغيل الفنادق,Madinah,10010513,1-Star,Active,244521
Safwa Taiba Hotel Suites Establishment,مؤسسة فندق اجنحة صفوة طيبة الفندقية,Madinah,10010507,1-Star,Active,255176
Ajyal Almadinah Hotel 2,فندق اجيال المدينة 2,Madinah,10009725,1-Star,Active,235885
Ruh Taiba Hotel,فندق روح طيبة الفندقية,Madinah,10009714,1-Star,Active,256476
Hotel Ruaa Alsaadah,فندق رؤى السعادة للخدمات الفندقيه,Madinah,10008714,1-Star,Active,225212
ALBADR SERVIEED APARTMENTS,شقق البدر للشقق المخدومة,Madinah,10007964,2-Star,Active,269777
hayah plaza hotel,فندق حياة بلازة الفندقية,Madinah,10007962,1-Star,Active,244735
Anwar Alzahraa Hotel,فندق أنوار الزهراء الفندقية,Madinah,10007906,1-Star,Active,230671
Rawabi Alzahraa Hotel,شركة روابي الزهراء للخدمات الفندقيه,Madinah,10007905,1-Star,Active,235733
Afaq Taiba,شركة آفاق الايمان للتشغيل والصيانة,Madinah,10007911,1-Star,Active,242951
Grand plaza madinah Hotel,فندق جراند بلازا المدينة,Madinah,10007910,1-Star,Active,227638
Con Code Alnazeel Hotel,فندق كون كود النزيل للخدمات الفندقية,Madinah,10007907,1-Star,Active,235915
Moroccan Hotel,شركة فندق المغاربي للضيافة السياحي,Madinah,10010036,1-Star,Active,242589
Umsia Alhijaz For serviced apartment,شقق أمسية الحجاز للشقق المخدومة,Madinah,10007355,2-Star,Active,259235
zawaya Almasia for serviced apartments,شقق زوايا الماسية للشقق المخدومة,Madinah,10007352,2-Star,Active,242226
Loma Hotel,فندق لوما الفندقية,Madinah,10007350,1-Star,Active,239935
Diyar AlIman Hotel Services Company,شركة ديار الايمان للخدمات الفندقيه,Madinah,10006850,1-Star,Active,230668
THEEXECUTIVESUNRISE,شركة اشراق التنفيذي للخدمات الفندقية,Madinah,10006835,4-Star,Active,230883
Hafawah Suites,شقق أجنحة حفاوه للوحدات السكنية,Madinah,10001910,2-Star,Active,271757
Sidra Alia AL-DAHABI hotel,فندق السدرة العالية الذهبي للايواء السياحي,Madinah,10007347,1-Star,Active,244235
Rua Taiba Plus Hotel,شركة رؤئ طيبة بلس للضيافة السياحي,Madinah,10007348,1-Star,Active,259275
Hotel Shyan,فندق شيان الفندقية,Madinah,10007332,1-Star,Active,256475
Hotel ALANWAN AL DAHABI Hotel,فندق العنوان الذهبي الفندقية,Madinah,10007327,1-Star,Active,287655
ABRAJ ALTALAAYIE,شركة أبراج الطلائع الفندقية,Makkah,10011166,1-Star,Active,290145
Madinat Al Zahra Hospitality Tourist Hotel,فندق مدينة الزهراء للضيافة السياحي,Makkah,10011165,1-Star,Active,293778
hasan bin muhammad shaykh jamal allayl charitable,وقف حسن بن محمد شيخ جمل الليل,Makkah,10011436,Unclassified/Other,Active,293878
Mawakeb Real Estate Company is a sole proprietorsh,شركة مواكب العقارية شركة شخص واحد,Makkah,10011433,1-Star,Active,296515
Talal aljabri hotel,فندق طلال بن محمد بن فالح الجابرى الفندقية,Makkah,10011432,Unclassified/Other,Active,297716
MOHAMMED ALJABRIHOTEL CO,شركة محمد بن فالح الجابرى الفندقية,Makkah,10011431,Unclassified/Other,Active,292180
Fajr Bakka Establishment For Hotel Apartments,مؤسسة فجر بكة للشقق الفندقية,Makkah,10011430,Unclassified/Other,Active,291176
Sama Alshaair Company To operate hotels,شركة سما الشعائر لتشغيل الفنادق,Makkah,10011429,1-Star,Active,291995
Najma Israa Al-Dhahabi Hotel Services Company,شركة نجمة اسراء الذهبي للخدمات الفندقية,Makkah,10011428,Unclassified/Other,Active,291356
saraya alrifadah Hostel For tourist lodges,نزل سرايا الرفادة للنزل السياحيه,Makkah,10011427,Unclassified/Other,Active,291635
manazil almarsa hotel,فندق منازل المرسى الفندقية,Madinah,10009085,1-Star,Active,228387
Diyar Al Habib Hotel,فندق ديار الحبيب الفندقية,Madinah,10008947,1-Star,Active,235765
ANWAR ALMADINAH MOVENPICK HOTEL,فندق أنوار المدينة موفنبيك,Madinah,10009082,Unclassified/Other,Active,235916
Wrdat AlSaadah Hotel,شركة وردة السعادة الفندقية,Madinah,10008944,1-Star,Active,223344
Diyar AlSaliheen Limited Company,شركة ديار الصالحين المحدودة شخص واحد,Madinah,10009069,2-Star,Active,259415
Malameh ALmadinah furnished,مؤسسة شقق ملامح المدينة المخدومة,Madinah,10010476,2-Star,Active,259215
Shaza Saffron Hotel for Tourist Accommodation,مؤسسة فندق شذا الزعفران للايواء السياحي,Madinah,10010490,Unclassified/Other,Active,225188
ALNAQAT AL THAMANIH HOTEL,شركة فندق النقاط الثمانية للضيافة السياحي ,Madinah,10010466,1-Star,Active,239110
Marsa Al Khair Tourist Accommodation Foundation,مؤسسة نزل مرسى الخير للايواء السياحي,Madinah,10010460,Unclassified/Other,Active,226099
DRUB AL SAKINA FOR HOTEL SERVICES,شركة دروب السكينة للخدمات الفندقيه,Madinah,10010238,1-Star,Active,259140
Diyar Al Gharaa Hotel,فندق ديار الغراء ,Madinah,10010072,1-Star,Active,235893
Peninsula Worth Hotel,فندق بيننسولا وورث للخدمات الفندقيه,Madinah,10009844,Unclassified/Other,Active,241265
Al Eairy Serviced Apartments Company is a one pers,شركة العييري للشقق المخدومة شركة شخص واحد,Madinah,10010056,2-Star,Active,242494
Shaza Al Munawara Hotel,فندق شذا المنورة الفندقية,Madinah,10010044,1-Star,Active,221938
sharikat alafaq almasiat lilkhadamat alfunduqia,شركة الافاق الماسية للخدمات الفندقية,Madinah,10009183,1-Star,Active,227753
MIRAGE ALSALAM HOTEL,فندق ميراج السلام الفندقية,Madinah,10008141,1-Star,Active,235814
Gacine hotel,فندق غسن الفندقية,Madinah,10008140,1-Star,Active,256455
Dar Al Hijra Intercontinental Hotel,شركة ديار المستدامة الفندقية,Madinah,10007902,Unclassified/Other,Active,287137
mihad almadina,مهاد المدينة بلس,Madinah,10007898,1-Star,Active,235922
Anfal Taiba Serviced Apartments,شقق انفال طيبة للشقق المخدومة,Madinah,10007897,2-Star,Active,259463
Apartments Monazel Aldid For serviced,شقق منازل الضيف للشقق المخدومة,Madinah,10007314,2-Star,Active,259016
"Al-Mihrab Hotel, Taiba",فندق المحراب طيبة,Madinah,10007303,1-Star,Active,235821
Al Aqeeq Al Rawda Hotel,فندق العقيق الروضة,Madinah,10007300,3-Star,Active,235896
Rayidat AlDiyafah AlHijra for serviced apartments,شركة رائدة الضيافة الهجره للشقق المخدومة,Madinah,10007291,Code 27,Active,302375
Rua international Hotel,شركة رؤى العالمي الفندقية,Madinah,10007202,1-Star,Active,259145
alrayyan hotel,فندق الريان,Madinah,10007280,Unclassified/Other,Active,235775
Enwan Madina Serviced Apartments,شقق عنوان المدينة للشقق المخدومة,Madinah,10007276,2-Star,Active,289255
Flavor Hotel Company,شركة فلا فور الفندقية,Madinah,10007271,1-Star,Active,287755
Finda Almadinah,فندق فندا المدينة الفندقية,Madinah,10006754,Unclassified/Other,Active,230379
LAYALI AL HALIMA,فندق الليالي الحالمة الفندقية,Madinah,10006645,1-Star,Active,254835
WAHDAT ALKHAIR For Tourism Hospitality,فندق وحدات الخير للضيافة السياحي,Makkah,10011017,1-Star,Active,289195
Awad Ayed AlMalki Foundation,مؤسسة عوض عائض المالكي,Makkah,10011016,1-Star,Active,288676
ROTANA JABAL OMAR Company,شركة روتانا جبل عمر,Makkah,10011279,5-Star,Active,293478
ALtawhid Park Hotel,شركة ضيوف التوحيد المحدودة,Makkah,10011278,1-Star,Active,290898
Hotel Poinciana,شركة الرفاع العمراني المحدودة,Makkah,10011277,1-Star,Active,290675
OSAMA MUSTAFA MOHANDIS Establishment,مؤسسة اسامه بن مصطفى مهندس,Makkah,10011275,Unclassified/Other,Active,290735
awtad albadar Company,شركة أوتاد البدر,Makkah,10011290,1-Star,Active,291615
Fajr Alnusk Company To operate hotels,شركة فجر النسك لتشغيل الفنادق,Makkah,10011289,1-Star,Active,290596
Diyafat alBayt Company,شركة ضيافة البيت,Makkah,10011287,Unclassified/Other,Active,290900
Mohammed bin Ahmed bin Ali Al-Asiri Maintenance an,مؤسسة محمد بن احمد بن علي العسيري للصيانة والنظافة,Makkah,10011286,Unclassified/Other,Active,292888
Maysan Rehab Al Mask Hotel,شركة ميسان رحاب المسك للخدمات الفندقيه شخص واحد,Madinah,10009685,1-Star,Active,227431
COOV FOR SERVICED APARTMENTS,شركة كوف للوحدات السكنية,Madinah,10009684,2-Star,Active,289135
ROAYA ALANDALUS,شركة رؤيا الأندلس لتشغيل الفنادق,Madinah,10009677,2-Star,Active,262354
amjadalsalam hotel,شركة فندق امجاد السلام الفندقية,Madinah,10009065,1-Star,Active,239415
Marjan Golden,شركة المرجان الذهبية للخدمات الفندقيه,Madinah,10009055,1-Star,Active,224769
wardah roma serviced apartments company,شركة وردة رومة للشقق المخدومة,Madinah,10009047,2-Star,Active,254895
BELLANTE HOTEL,فندق بلانتي,Madinah,10009064,1-Star,Active,223394
Company Millar Al Dhahbia For Hospital,شركة ميار الذهبية للضيافة السياحي,Madinah,10009035,1-Star,Active,269855
Arkan almanar Hotel,فندق أركان المنار الفندقية,Madinah,10009033,1-Star,Active,244195
Rose Almedina Hotel,فندق روز المدينة الفندقية,Madinah,10007724,1-Star,Active,254555
vatran hotel,فندق فاتور ان للايواء السياحي,Madinah,10007891,1-Star,Active,254918
Verdun suites,شقق أجنحة فيردان للشقق المخدومة,Madinah,10007889,2-Star,Active,269815
Dar Al Taqwa Madinah Hotel,فندق دار التقوى,Madinah,10007887,1-Star,Active,235818
Maghreb Hotel,شركة فندق المغاربي للضيافة السياحي,Madinah,10009832,1-Star,Active,242596
Al Amjad Al Thahabi Serviced Apartments,شقق الامجاد الذهبي للشقق المخدومة,Madinah,10010029,2-Star,Active,226157
ALFAYROZ ALDAHBI HOTEL,فندق الفيروز الذهبي,Madinah,10010018,1-Star,Active,235789
Almokhtara Algharbi hotel,فندق المختارة الغربي فرع شركة منازل المختارة التجارية,Madinah,10010011,1-Star,Active,227083
Retaj Al Madinah Tourist Hostel,نزل رتاج المدينة للنزل السياحيه,Madinah,10010007,Unclassified/Other,Active,234549
Hafawah ajnaht Serviced Apartments,شقق اجنحة حفاوه للشقق المخدومة,Madinah,10009818,2-Star,Active,274173
hayah alwaha hotel,فندق حياة الواحة الفندقية,Madinah,10010002,1-Star,Active,228005
Jiwar Al Saha Hotel,شركة جوار الساحة,Madinah,10006762,1-Star,Active,244300
Diyar Al Taqwa Hotel,فندق ديار التقوى الفندقية,Madinah,10006642,2-Star,Active,221975
HAYAH SALAM SILVER,شركة فندق حياة السلام الفضي الفندقية,Madinah,10010612,1-Star,Active,250259
ARES ALMASI HOTEL COMPANY,شركة أريس الماسي الفندقية,Madinah,10010610,1-Star,Active,287795
Ard al juman alhadeeth,شركة ارض الجمان الحديث الفندقية,Makkah,10010609,1-Star,Active,259139
Itqan AlMashair Commercial Establishment,مؤسسة اتقان المشاعر التجارية,Makkah,10010617,1-Star,Active,255532
ALANDALES ALFAKHER For Hotel Apartments,الأندلس الفاخر للشقق الفندقية,Madinah,10009132,2-Star,Active,235890
Jawharat Al Alia,شقق جوهرة العالية الفندقية,Madinah,10008107,2-Star,Active,244375
COMPANY ASR MARMARA LTD,شركة عصر مرمرة المحدودة,Madinah,10008258,2-Star,Active,259015
MWASEEM SAMRQAND HOTEL,شركة مواسم الخير للسفر والسياحة,Makkah,10010865,1-Star,Active,271775
Company PRADAIS LAND ALFANDAQUI ALALAMIYYA Ltd,شركة برادايس لاند الفندقية العالمية المحدودة,Makkah,10010864,1-Star,Active,271664
Adnan Mutawaq Bin Saleh Al Ameri Hotel Company,شركة فندق عدنان معتوق بن صليح العميري الفندقية,Makkah,10010863,1-Star,Active,286616
Abdul Aziz Musa Al-Mousa General Contracting Estab,مؤسسة عبدالعزيز موسى الموسى للمقاولات العامة,Makkah,10011014,1-Star,Active,288715
Rua Almasi Hotel,رؤى الماسي,Madinah,10011283,1-Star,Active,290455
dar almashair alawla Company Ltd.,شركة دار المشاعر الأولى المحدودة,Makkah,10011282,Unclassified/Other,Active,291215
Moro Company Global lilshqq walfanadiq sharikat sh,شركة مورو العالمية للشقق والفنادق شركة شخص واحد,Makkah,10011281,Unclassified/Other,Active,290681
Anwar Al Sariyah Est For Residential Units,مؤسسة انوار السارية للوحدات السكنية,Makkah,10011280,Unclassified/Other,Active,291317
dar almashair alawla Company Ltd.,شركة دار المشاعر الأولى المحدودة,Makkah,10011274,Unclassified/Other,Active,291336
company funduq tabah al-salam hotel,شركة فندق طابة السلام الفندقية,Madinah,10007722,3-Star,Active,259360
Ajnahat Al-Baidaa Serviced Apartments Company,شركة اجنحة البيداء للشقق المخدومة,Madinah,10007718,2-Star,Active,258895
Waqf Al Safi Hotel,فندق وقف الصافي,Madinah,10007708,3-Star,Active,235785
REST INN HOTEL,مؤسسة فندق ريست إن للايواء السياحي,Madinah,10010449,1-Star,Active,287876
AL MAJD SILVER HOTEL,مؤسسة فندق المجد الفضي الفندقية,Madinah,10010445,1-Star,Active,245228
karam alhijaz liistijar waeajrir aldawr alskaniah,شركة كرم الحجاز لإستئجار وتأجير الدور السكنية,Madinah,10010234,1-Star,Active,235881
Shaza Al-Iman Tourist Hostel,مؤسسة نزل شذا الايمان للنزل السياحيه,Madinah,10010420,Unclassified/Other,Active,222965
nozl alfalah,مؤسسة نزل الفلاح العوالي للنزل السياحيه,Madinah,10010418,Unclassified/Other,Active,228629
warda salsabeel company,شركة وردة سلسبيل,Madinah,10009658,1-Star,Active,258735
vatoran 1 Hotel for Tourist Accommodation,فندق فاتور ان للايواء السياحي,Madinah,10009672,1-Star,Active,255075
Saja Hotel Company,شركة فندق سجى المدينة الفندقية,Madinah,10009290,Unclassified/Other,Active,254735
Manar Al Eman Hotel,فندق منار الايمان,Madinah,10009288,1-Star,Active,235771
Al Miqat serviced apartments,شركة الميقات للشقق المخدومة,Madinah,10009276,2-Star,Active,242943
Mawaddah Tower,برج مودة,Madinah,10009272,1-Star,Active,235746
danahtibahgroup,شقق دانة طيبة للشقق المخدومة,Madinah,10009270,2-Star,Active,262127
tubal alma siverviced apartment,شقق توبال الماسي للشقق المخدومة,Madinah,10008663,2-Star,Active,259949
Luma Hotel,فندق لوما الفندقية,Madinah,10008659,1-Star,Active,240578
Hotel Louloat Aldiyafah,فندق لؤلؤة الضيافة الفندقية,Madinah,10008639,1-Star,Active,223244
Sanabel Madinah Hotel,فندق سنابل المدينة,Madinah,10007873,1-Star,Active,244156
PALLADIUM HOTEL,فندق بلاد يوم للايواء السياحي,Madinah,10007862,1-Star,Active,288775
Sunduq Bonyan Hotel Apartments Company,شركة صندوق بنيان للشقق الفندقية,Madinah,10008817,1-Star,Active,300775
Sud boutique Hotel Operation Company,شركة سدو بوتيك لتشغيل الفنادق,Madinah,10007946,2-Star,Active,259141
Alia Gate Hotel Apartments,شقق بوابة العالية للشقق الفندقية,Madinah,10008049,2-Star,Active,260495
Al Mosafer Sabaa Hotel Apartments,شقق المسافر سبعة للشقق الفندقية,Madinah,10007101,2-Star,Active,287895
La cordia hotel Apartment,شركة اجنحة لاكورديا للشقق الفندقية,Madinah,10007190,2-Star,Active,256416
FATIMA AHMAD BEN KAYAD ALHARBI,شقق فاطمه احمد بن قياض الحربي للشقق الفندقية,Madinah,10007044,1-Star,Active,302735
Rose Holiday for Tourism Hospitality Company,شركة روز هوليداي للضيافة السياحي,Madinah,10010621,1-Star,Active,288456
Salah Al Madinah Travel and Tourism Company,شركة صلاح المدينة للسفر و السياحة,Makkah,10010712,1-Star,Active,255119
MEYSSAN ALMASSI Hotel Company,شركة ميسان الماسي الفندقية,Makkah,10010710,1-Star,Active,255058
Lamar Almasi hotel,مؤسسة فندق لمار الماسي الفندقية,Makkah,10010779,1-Star,Active,271818
Darakum Almithali establishment,مؤسسة داركم المثالي,Madinah,10010627,1-Star,Active,288596
White Lion Hotel for Tourism and Hospitality,فندق الاسد الابيض للضيافة السياحي,Makkah,10010629,1-Star,Active,246521
Al Ansar new palace hotel,فندق قصر الانصار الجديد,Madinah,10002435,2-Star,Active,235758
Najma Israa Al-Dhahabi Hotel Services Company,شركة نجمة اسراء الذهبي للخدمات الفندقية,Makkah,10011338,Unclassified/Other,Active,290915
dar almashair alawla Company Ltd.,شركة دار المشاعر الأولى المحدودة,Makkah,10011341,Unclassified/Other,Active,291417
Park house hotels,شركة بارك هاوس الفندقية,Makkah,10011340,1-Star,Active,290660
ABDULAZIZ SUHAIL ALGHAMDI Company,شركة عبدالعزيز سهيل الغامدي,Makkah,10011339,Unclassified/Other,Active,290985
Najma Israa Al-Dhahabi Hotel Services Company,شركة نجمة اسراء الذهبي للخدمات الفندقية,Makkah,10011337,Unclassified/Other,Active,290901
Aalam alajhiza wal tajhiz Establishment,مؤسسة عالم الاجهزة والتجهيز,Makkah,10011426,Unclassified/Other,Active,291775
kunuz alrahma Establishment Hotel,مؤسسة كنوز الرحمة الفندقية,Makkah,10011425,Unclassified/Other,Active,291982
In Taiba Hotel Apartments,مؤسسة إن طيبة للشقق المخدومة,Madinah,10009664,2-Star,Active,244536
Arjwan Almadina Hotel,شركة فندق ارجوان المدينة الفندقية,Madinah,10008931,1-Star,Active,232235
SEBAL,فندق سبال الفندقية,Madinah,10009022,1-Star,Active,227702
Karam Taibah Almasi Hotel,فندق كرم طيبة الماسي الفندقية,Madinah,10009021,1-Star,Active,222035
Diyar Al Salam Hotel,فندق ديار السلام,Madinah,10009018,1-Star,Active,221958
Manazel Alzahraa Hotel,شركة منازل الزهراء للايواء السياحي,Madinah,10009010,1-Star,Active,240531
Diyar Al Medina Hotel,فندق ديار المدينة,Madinah,10009005,1-Star,Active,230416
ABRAJ ALARAB SERVICED APARTMENT,مؤسسة أبراج العرب للشقق المخدومة,Madinah,10007707,2-Star,Active,259144
Bait Salsabil,بيت سلسبيل,Madinah,10007706,1-Star,Active,238697
Sama Alkhair Hotel,فندق سما الخير الفندقية,Madinah,10007701,1-Star,Active,259495
Rama Al Madinah Hotel Services Company,شركة راما المدينة للخدمات الفندقية,Madinah,10007858,1-Star,Active,223240
Ruh Taiba Hotel,فندق روح طيبة الفندقية,Madinah,10009992,1-Star,Active,256495
Elite AL Hijra Hotel,شركة إليت لتشغيل الفنادق,Madinah,10009812,Unclassified/Other,Active,291416
BASHAYIR TAYIBA SERVICED APARTMENTS,شقق بشاير طيبة,Madinah,10009240,2-Star,Active,235819
Sama Al-Masi Hotel Company,شركة سما الماسي الفندقية,Madinah,10008104,1-Star,Active,225243
MADEN Taiba Hotel,شركة مادن طيبة,Madinah,10008600,Unclassified/Other,Active,235806
RUA ALKHAIR,شركة رؤى الخير الفندقية,Madinah,10007764,1-Star,Active,224829
AlBaidaa Wings Serviced Apartments,اجنحة البيداء للشقق المخدومة,Madinah,10007842,2-Star,Active,258955
DORAAT ELSHARK SERVED APARTMENT,شقق درة الشرق للشقق المخدومة,Madinah,10007850,2-Star,Active,260468
Azar Apartments,شقق ازار للشقق المخدومة,Madinah,10007826,2-Star,Active,255035
Ajnahat Al-Baidaa Serviced Apartments Company,شركة اجنحة البيداء للشقق المخدومة,Madinah,10010778,1-Star,Active,271495
Arjwan Rose Hotel,فندق ارجوان روز,Madinah,10002575,Unclassified/Other,Active,235802
Asrar West Jad Hotel Operating Company,شركة اسرار الغربية اجياد لتشغيل الفنادق,Makkah,10010788,1-Star,Active,269057
Sulaiman Bin Musa AlOlayan Hotel Company one per,شركة سليمان بن موسى العليان الفندقية شخص واحد,Makkah,10010785,1-Star,Active,259359
ROYA AL ANDALUS COMPANY,شركة رؤيا الأندلس لتشغيل الفنادق,Madinah,10010781,1-Star,Active,259376
Rabwa Al Safwa Hotel 7,فندق ربوة الصفوة,Madinah,10010791,1-Star,Active,271475
Delma One Youth Hotel Est.,مؤسسة فندق شباب دلما واحد الفندقية,Makkah,10010800,1-Star,Active,269795
Alyasmeen,شركة الياسمين الأبيض للخدمات الفندقية شخص واحد,Madinah,10010799,1-Star,Active,269047
Al Safwa Royal Orchid Hotel,فندق الصفوة رويال أوركيد الفندقية,Makkah,10010798,1-Star,Active,269134
Loaloat Al Tayseer Hotel Est,مؤسسة لؤلؤة التيسير الفندقية,Makkah,10011139,1-Star,Active,289915
Afaq Almasi To operate hotels Company,شركة افاق الماسي لتشغيل الفنادق ,Madinah,10011138,1-Star,Active,292191
Moro Company Global lilshqq walfanadiq sharikat sh,شركة مورو العالمية للشقق والفنادق شركة شخص واحد,Makkah,10011137,1-Star,Active,289955
SAHAR AL SMIT HOTELFOR TOURIST,فندق سحر السيمت للايواء السياحي,Makkah,10011135,Unclassified/Other,Active,290157
Ilaf International Investment Company,شركة إيلاف للاستثمار الدولي ,Makkah,10011133,1-Star,Active,289655
diwan batal Hostel For tourist lodges,نزل ديوان بتال للنزل السياحيه,Makkah,10011407,Unclassified/Other,Active,291983
Park House Hotels,شركة بارك هاوس الفندقية,Makkah,10011406,1-Star,Active,290795
Aali alqimma Exhibition For Cars,معرض أعالي القمة للسيارات,Makkah,10011405,Unclassified/Other,Active,291916
BANDAR MOHAMMAD ALHAMAZANI Establishment,مؤسسة بندر بن محمد الهمزاني,Makkah,10011404,Unclassified/Other,Active,291196
Modern Signs Maintenance and Finishing Establishme,مؤسسة علامات الحديثه للصيانة والتشطيب,Makkah,10011403,Unclassified/Other,Active,290899
BELLANTE HOTEL FOR HOTEL SERVICES,فندق بلانتي للخدمات الفندقيه,Madinah,10007691,1-Star,Active,254595
Zawaya almasia Hotel,مؤسسة فندق زوايا الماسية للايواء السياحي,Madinah,10010406,1-Star,Active,244455
AFAQ ELIMAN,شركة حياة الايمان للتشغيل والصيانة,Madinah,10009618,1-Star,Active,253177
ROYA AL ANDALUS COMPANY,شركة رؤيا الأندلس لتشغيل الفنادق شخص واحد,Madinah,10009611,1-Star,Active,230488
AL ZAHABI GOLDEN TULIP,الذهبي جولدن توليب,Madinah,10009560,3-Star,Active,230431
HOTEL AL-ANDALUS DAR AL-SALAAM,فندق الأندلس دار السلام,Madinah,10008894,1-Star,Active,228531
LUXURY CITY SERVICED APRTMENTS,شقق فخامة المدينة المخدومة,Madinah,10008996,2-Star,Active,258875
Manazel Alhassan Hotel,شركة منازل الحسن للايواء السياحي,Madinah,10008762,1-Star,Active,239994
Bar AIman Hotel,فندق بر الإيمان,Madinah,10008908,1-Star,Active,241175
Amjad Al Gharra Hotel,فندق امجاد الغراء,Madinah,10008907,1-Star,Active,235923
Saraya Harmony Hotel (c),فندق سراياهارموني(ج),Madinah,10007823,1-Star,Active,235809
Nozol Royal Inn Hotel,فندق نزل رويال,Madinah,10009956,3-Star,Active,239121
Ajyal Almadinah Hotel 3,فندق اجيال المدينة 3,Madinah,10009952,1-Star,Active,235873
DOYOF COMPANY FOR TOURIST ACCOMMODATION,شركة ضيوف للايواء السياحي,Madinah,10009802,2-Star,Active,288055
Hayat Al Madin Hotel,فندق حياه المدينة الفندقية,Madinah,10009932,1-Star,Active,235891
Rose Holiday Hotel (1),فندق روزهوليداي (1),Madinah,10009236,1-Star,Active,235752
AL MADENA ANASAT HOTEL,فندق المدينة آنست للخدمات الفندقيه,Madinah,10008980,1-Star,Active,247764
Saba Ohud Serviced Apartments,شقق صبا احد للشقق المخدومة,Madinah,10008446,2-Star,Active,287715
Dan Pelatinum Hotel,فندق دان البلاتيني الفندقية,Madinah,10008443,1-Star,Active,259055
Zaha Al Munawara Hotel,فندق زها المنورة,Madinah,10008569,1-Star,Active,235778
Mahabbat Al Akhawin Hotel,فندق محبة الاخوين الفندقية,Makkah,10010829,1-Star,Active,271897
Rest Inn Hotel for tourist accommodation,مؤسسة فندق ريست إن للايواء السياحي,Madinah,10010827,1-Star,Active,292495
Arak Al Shariah Hotel,مؤسسة فندق آراك الشريعة الفندقية,Makkah,10010835,4-Star,Active,289895
Dhaif Alazizia Hotel Est,مؤسسة فندق ضيف العزيزية الفندقية,Makkah,10010834,1-Star,Active,288135
hikmah global,شركة الحكمة غلوبل ليميتد المحدودة,Makkah,10010840,1-Star,Active,271441
ROYA ALANDALUS Hotel Operation Company,شركة رؤيا الأندلس لتشغيل الفنادق,Madinah,10010838,1-Star,Active,287877
Mubarak Al Majed Hotel Services Company,شركة فندق مبارك الماجد للخدمات الفندقية,Makkah,10010851,1-Star,Active,271756
Emaar Al Khair Almasi Hotel for Tourism,فندق اعمار الخير الماسي للضيافة السياحي,Makkah,10010845,1-Star,Active,271875
Mazer Al Iman General Contracting Company,شركة مآزر الايمان للمقاولات العامة,Makkah,10010881,1-Star,Active,275812
Lujain AlDhahabi Hotel Est,مؤسسة فندق لجين الذهبي الفندقية,Madinah,10010880,1-Star,Active,271778
Abdulhamed ahmad saqr hotel,مؤسسة فندق عبدالحميد احمد صقر الفندقية,Madinah,10010692,Unclassified/Other,Active,254875
Sadaf Al Khair Serviced Apartments Company,شركة صدف الخير للخدمات الفندقية,Makkah,10010689,2-Star,Active,259142
KHALED MAHMOUD S QATTAN Establishment,مؤسسة خالد محمود صالح قطان,Makkah,10011402,Unclassified/Other,Active,294015
HUSSAIN ALI ALQURASHI Establishment,مؤسسة حسين بن علي القرشي,Makkah,10011401,Unclassified/Other,Active,294265
tamaz alsawfa,مؤسسة تميز الصفوة للخدمات الفندقيه,Makkah,10011457,Unclassified/Other,Active,291617
nukhbat alusus almumtazih Company,شركة نخبة الأسس المتميزة,Makkah,10011456,Unclassified/Other,Active,291778
Majmouat Marai bin Mahfouz Shurakah Musahamah Saud,شركة مجموعة مرعي بن محفوظ وشركاه مساهمة سعودية مقفلة,Makkah,10011455,Unclassified/Other,Active,292176
Abdulkarim Ubaid Thabit Althubaiti Establishment,مؤسسة عبدالكريم عبيد ثابت الثبيتي التجارية,Makkah,10011454,Unclassified/Other,Active,292279
diafat albayt alatiq Establishment,مؤسسة ضيافة البيت العتيق,Makkah,10011453,Unclassified/Other,Active,291255
alkafaa almithaliyah Hostel For tourist lodges,نزل الكفاءة المثاليه للنزل السياحيه,Makkah,10011452,Unclassified/Other,Active,293237
Arjwan AlSaadah Hotel,فندق ارجوان السعادة,Madinah,10008898,1-Star,Active,235822
nasuk alayman hotel,نسك الايمان,Madinah,10008896,1-Star,Active,235739
Kayan Almadina Hotel,فندق كيان المدينة,Madinah,10007667,1-Star,Active,227498
The House of Faith,دار الايمان الحرم ,Madinah,10007660,4-Star,Active,235829
Al-Deem Serviced Apartments,شقق الديم للشقق المخدومة,Madinah,10007656,2-Star,Active,259887
EWAN DAR ALHEJRA HOTEL,شركة إيوان دار الهجرة الفندقية,Madinah,10007648,1-Star,Active,254601
Dua Roz Hotel,شركة فندق دعاء روز الفندقية ,Madinah,10010333,1-Star,Active,224825
Shams Al Madinah Hostel,شركة شمس المدينة المحدودة,Madinah,10009550,Unclassified/Other,Active,226837
AlSanobra Hotel Company,شركة الصنوبره الفندقية,Madinah,10009540,1-Star,Active,288316
HOTEL TALLAQ for Hotel services,فندق تلاق للخدمات الفندقيه,Madinah,10008891,1-Star,Active,258815
Durrat Al Azizia for Serviced Apartments,شقق درة العزيزية للشقق المخدومة,Madinah,10008432,2-Star,Active,271663
MNAZEL EL TEF FOR SERVICED APARTMENTS,شركة منازل الطيف للشقق المخدومة شركة شخص واحد,Madinah,10008557,Code 27,Active,298695
Rehab Harmony Hotel,فندق رحاب هارموني,Madinah,10008089,1-Star,Active,235762
MANAZEL ALAZIZIYAH FOR SERVICED APARTMENTS,شقق منازل العزيزية للشقق المخدومة,Madinah,10008423,Code 27,Active,302015
Lviv ALmumayazah Hotel,شركة لفيف المميزة الفندقية,Madinah,10007820,1-Star,Active,288315
Byt Almadina serviced arartmint,شقق بيت المدينة للشقق المخدومة,Madinah,10007818,2-Star,Active,255095
Gacine hotel,فندق غسن الفندقية,Madinah,10007808,1-Star,Active,254695
Dan Golden Hotel,شركة دان الذهبي الفندقية,Madinah,10007800,1-Star,Active,258755
Tamanina Hotel Company,شركة طمأنينة الفندقية,Madinah,10009901,2-Star,Active,287501
Safa Taiba Hotel Operation Company,شركة صفا طيبه لتشغيل الفنادق,Madinah,10009199,1-Star,Active,251045
Abdul Malik Hotel,مؤسسة عبدالملك بن مصلح بن عيظه الفهمي لتشغيل الفنادق,Makkah,10010879,1-Star,Active,271815
Matouk bin Muzand Salem ALQarhi Hotel Service Est,مؤسسة فندق معتوق بن مزند بن سالم القارحي للخدمات الفندقيه,Makkah,10010878,1-Star,Active,288555
Rua Al Dhiyafa Hotel,رؤى الضيافة ,Madinah,10010887,1-Star,Active,271835
Park Plaza Hotel,فندق بارك بلازا الفندقية,Makkah,10010953,3-Star,Active,288475
ALMOWHDEEN ALMASIH HOTEL,فندق الموحدين الماسية الفندقية,Makkah,10010952,1-Star,Active,287957
PARK ELIAS HOTEL,فندق بارك الياس للضيافة السياحي,Makkah,10010959,1-Star,Active,296175
Diyar Al Safa Hotel Services Company,شركة ديار الصفا للخدمات الفندقية شخص واحد,Madinah,10011026,Unclassified/Other,Active,288735
Rahma Alfarida Company Limited,شركة رحمة الفريدة المحدودة,Makkah,10011035,1-Star,Active,289715
Manazil Al Izz Hotel Hotel,فندق منازل العز الفندقية,Makkah,10011258,Unclassified/Other,Active,290699
Almustahdith lilmuqawalat,شركة المستحدث للمقاولات شركة ذات المسؤولية المحدودة من,Makkah,10011256,Unclassified/Other,Active,293140
riyadat alamakin Company For investment,شركة ريادة الأماكن للاستثمار,Makkah,10011253,1-Star,Active,290335
karam alwifadah Establishment,مؤسسة كرم الوفادة,Makkah,10011251,Unclassified/Other,Active,291375
Qawasem Alkhayrat Hostel For tourist lodges,نزل قواسم الخيرات للنزل السياحيه,Makkah,10011451,Unclassified/Other,Active,291476
alamoudu est,مؤسسة محمد احمد العمودي التجارية,Makkah,10011447,Unclassified/Other,Active,291484
Osama Saad Sunki General Contracting Establishment,مؤسسة أسامه سعد بن حامد سنكى للمقاولات العامة,Makkah,10011444,Unclassified/Other,Active,292715
Mubarak Al Barakati Hotel,فندق مبارك بن عبدالله بن سالم البركاتي الفندقية,Makkah,10011441,1-Star,Active,292076
Ajial Taiba,أجيال طيبة,Madinah,10011460,Unclassified/Other,Active,291402
ABDULMAJEEDALI SAEED ALZAHRANI EST,مؤسسة عبدالمجيد علي سعيد الزهراني لنقل الحجاج والمعتمرين,Makkah,10011459,Unclassified/Other,Active,291399
BURJ ALMARJAN ALALAMI HOTEL,شركة برج المرجان العالمي للخدمات الفندقيه,Madinah,10008758,1-Star,Active,227846
roaya alandalus,شركة رؤيا الأندلس لتشغيل الفنادق,Madinah,10008878,2-Star,Active,259459
Sama Golden Hotel,فندق سما الذهبي الفندقية,Madinah,10008755,1-Star,Active,225269
Grand Zowar hotel,فندق جراند زوار للضيافة السياحي,Madinah,10008871,1-Star,Active,230686
Salsabil AlDhahabi Renewed Company,شركة سلسبيل الذهبي المتجدد للخدمات الفندقيه,Madinah,10008870,1-Star,Active,235811
SPALL PIUS HOTEL,فندق سبال بلس الفندقية,Madinah,10008861,1-Star,Active,227416
Diyar Al Nakheel Hotel,فندق ديار النخيل الفندقية,Madinah,10008860,1-Star,Active,235632
shaqaq filfit almakhduma,شقق المخملية المخدومة,Madinah,10007685,2-Star,Active,259175
Al-Muna Kareem Hotel for Tourist Accommodation,فندق المنى كريم للايواء السياحي,Madinah,10009201,3-Star,Active,221992
Al Manakha Rotana Hotel,المناخة روتانا,Madinah,10008380,Unclassified/Other,Active,235832
Hotel NAWAH ALAZIZIA Hotel,فندق نواة العزيزية الفندقية,Madinah,10008047,1-Star,Active,271635
AYID MAGBOL ALGHARNI Hotel Commercial,فندق عايض مقبول القرني التجارية,Madinah,10007798,1-Star,Active,288815
Mamoun Abdulghani Bri Hotel,فندق مأمون عبدالغني مأمون بري الفندقية,Madinah,10007788,1-Star,Active,251178
almanzil aalmasi for serviced apartments,شقق المنزل الماسي للشقق المخدومة,Madinah,10007786,2-Star,Active,271616
Luma Hotel,فندق لوما الفندقية,Madinah,10007768,1-Star,Active,259923
Dar Al Iman Intercontinental Hotel,شركة مساكن الايمان للخدمات الفندقيه,Madinah,10009871,Unclassified/Other,Active,288095
Diyar Al Salam Al Fidhi Hotel,فندق ديار السلام الفضي,Madinah,10009102,1-Star,Active,228022
Dhyafat Alzaer hotel,فندق ضيافة الزائر,Madinah,10009101,1-Star,Active,235886
maydan albayt Company Hotel shakhs wahid,شركة ميدان البيت الفندقية شخص واحد,Makkah,10011050,1-Star,Active,289156
Rehab Al Madain Tourist Lodges Company,شركة رحاب المدائن للنزل السياحيه,Madinah,10011046,Unclassified/Other,Active,288935
MEEZAB ALRAWDAH HOTEL,شركة ميزاب الفندقية شركة شخص واحد,Makkah,10011044,1-Star,Active,293980
Company Hotel ALTALAAYIE,شركة الطلائع الفندقية,Makkah,10011043,1-Star,Active,288995
Company To operate hotels shakhs wahid,شركة فرسان الغد لتشغيل الفنادق شخص واحد,Madinah,10011041,Unclassified/Other,Active,288975
Abdulhamid Ahmed Saqr Hotel Hotel Establishment,مؤسسة فندق عبدالحميد احمد صقر الفندقية,Madinah,10011082,Unclassified/Other,Active,289315
Immigration One Hotel Company,شركة الهجرة واحد الفندقية,Makkah,10011115,1-Star,Active,296655
Fayez Ali Bin Mohammed BujayriHotel for Tourist Ac,مؤسسة فندق فايز على بن محمد بجيرى للايواء السياحي,Makkah,10011122,1-Star,Active,290659
Moro Company Global lilshqq walfanadiq sharikat sh,شركة مورو العالمية للشقق والفنادق شركة شخص واحد,Makkah,10011119,1-Star,Active,290158
Al Rayyan Hospitality Company for Hotel Management,شركة الريان الضيافة لأدارة وتشغيل الفنادق,Makkah,10010962,1-Star,Active,287995
Establishment iwaa almatl,مؤسسة إيواء المطل,Madinah,10011335,Code 27,Active,301155
dar almashair alawla Company Ltd.,شركة دار المشاعر الأولى المحدودة,Makkah,10011334,Unclassified/Other,Active,291477
najmat rawat alkhayl alfunduqiah Establishment,مؤسسة نجمة روعة الخليل الفندقية,Makkah,10011333,1-Star,Active,292435
Kurat alMashair Hotel Hotel,فندق كرة المشاعر الفندقية,Makkah,10011331,1-Star,Active,292475
Aaliyah AlDawadiyah Hotel Hotel,فندق عالية الدوادية الفندقية,Madinah,10011330,1-Star,Active,290678
Bayt Yel Hotel Management Corporation,مؤسسة بيوت يل لتشغيل الفنادق,Makkah,10011329,Unclassified/Other,Active,290982
alshahba almaskia Company,شركة الشهباء الماسية,Makkah,10011328,1-Star,Active,292577
Diyafat Al Naseem Al Mumayyaz Establishment For re,مؤسسة ضيافة النسيم المميز للوحدات السكنية,Makkah,10011327,Unclassified/Other,Active,291339
Ahda alamakin Establishment For furnished apartmen,مؤسسة أهدى الأماكن للشقق المفروشة,Makkah,10011326,Unclassified/Other,Active,291337
Hotel RASIA Hotel,فندق راسيا الفندقية,Madinah,10007682,1-Star,Active,271760
Al Shohadaa ALFAKHIR  Hotel Apartments,شقق الشهداء الفاخر للشقق المخدومة,Madinah,10007680,2-Star,Active,259095
Al Fakhama Diamond Serviced Apartments,شقق الفخامة الماسية للشقق المخدومة,Madinah,10007678,2-Star,Active,221921
Golden Jasmine Hotel,فندق الياسمين الذهبي الفندقية,Madinah,10007674,1-Star,Active,241471
Elite Haven,مؤسسة إيلايت هافن,Madinah,10010310,Unclassified/Other,Active,256834
ANAF HOTEL,مؤسسة فندق أناف للايواء السياحي,Madinah,10010309,1-Star,Active,254675
Maghreb Hotel for Tourist Hospitality,شركة فندق المغاربي للضيافة السياحي,Madinah,10010199,1-Star,Active,241256
Sina Serviced Apartments Company One Person,شركة سينا للشقق المخدومة شخص واحد,Madinah,10010198,2-Star,Active,256415
Rabwa Al Safwa Hotel 8,فندق ربوة الصفوة,Madinah,10010188,1-Star,Active,269875
HOTEL ALBARAKA KARIM TOURISM HOSPITALITY COMPANY,فندق شركة البركة كريم للضيافة السياحي,Madinah,10009519,1-Star,Active,235926
Company Diyar wahat alnazzil Hotel,شركة ديار واحة النزيل للخدمات الفندقيه,Madinah,10008963,1-Star,Active,239155
ALSHAHBA,الشهباء,Madinah,10009098,1-Star,Active,235833
Muna Alsalaam,المنى السلام,Madinah,10008959,1-Star,Active,235892
AJENHA ALFIA ALMADINAH,أجنحة ألفيه المدينة,Madinah,10008347,1-Star,Active,235872
ZAHA ALMADINA HOTEL,فندق زها المدينة,Madinah,10008033,1-Star,Active,235795
PROVINCE ALSHAM HOTEL,فندق الشام الاقليمية,Madinah,10008032,1-Star,Active,230422
ASTONEAST TAIBA HOTEL,فندق اسنونيست طيبة,Madinah,10008030,1-Star,Active,244175
Al Mokhtara Tower Hotel,شركة فندق برج المختاره الفندقية,Madinah,10010297,1-Star,Active,224932
Shaza Al Hijra Hotel Establishment for Tourism Hos,مؤسسة فندق شذا الهجرة للضيافة السياحي,Madinah,10010580,Unclassified/Other,Active,221993
HELLA TAYBA hotel,فندق هلا طيبة الفندقية,Madinah,10010290,1-Star,Active,287977
diof altawhid company,شركة ضيوف التوحيد المحدودة,Makkah,10011177,1-Star,Active,290135
Lujain Al Dhahabi Company Ltd.,شركة لجين الذهبي المحدودة,Madinah,10011175,1-Star,Active,289936
Benon Alhadithah Company Hotel,شركة بينون الحديثة المحدودة,Makkah,10011173,1-Star,Active,290143
awtad alimtiaz Company Hotel,شركة أوتاد الامتياز الفندقية,Makkah,10011172,1-Star,Active,290295
alsafa albaraka Company Ltd.,شركة الصفا البركة المحدودة,Madinah,10011192,1-Star,Active,289995
jawharat almanshia,فندق جوهرة المنشية,Makkah,10011190,1-Star,Active,290597
Wisam Al Madinah Company for hotels managemnets,شركة وسام المدينة لتشغيل الفنادق شركة شخص واحد,Madinah,10011186,1-Star,Active,290015
Safwat al Abrar Hotel For Tourist Accommodation,فندق صفوة الابرار للايواء السياحي,Makkah,10011224,Unclassified/Other,Active,291557
dar almashair alawla Company Ltd,شركة دار المشاعر الأولى المحدودة,Makkah,10011243,Unclassified/Other,Active,290696
Stone Square Hotel Foundation,مؤسسة ساحة الحجارة الفندقية,Makkah,10011500,1-Star,Active,291575
aldhayafa almasiya Company,شركة الضيافة الماسية المحدودة شركة شخص واحد,Makkah,10011499,1-Star,Active,293458
hasan bin muhammad shaykh jamal allayl charitable,وقف حسن بن محمد شيخ جمل الليل,Makkah,10011498,Unclassified/Other,Active,294124
awtad alfadhila Company,شركة اوتاد الفضيلة,Makkah,10011496,Unclassified/Other,Active,292278
Funduq Athraa Alaziziyah Company Hotel,شركة فندق أثراء العزيزية الفندقية,Makkah,10011490,Unclassified/Other,Active,291836
n,مؤسسة مشعل بن مساعد بن مطلق الشريف التجارية,Makkah,10011489,Unclassified/Other,Active,294341
Abdulkarim Ubaid Thabit Althubaiti Establishment,مؤسسة عبدالكريم عبيد ثابت الثبيتي التجارية,Makkah,10011488,Unclassified/Other,Active,292515
MANSOUR WASLALLAH AL THOBAITI Establishment,مؤسسة منصور وصل الله الثبيتي,Makkah,10011487,Unclassified/Other,Active,292578
Abdulrahman Nasser Bin Ali Al-Ghafees General Cont,مؤسسة عبدالرحمن ناصر بن علي الغفيص للمقاولات المعمارية العامة,Makkah,10011486,Unclassified/Other,Active,292095
MANSOUR WASLALLAH AL THOBAITI Establishment,مؤسسة منصور وصل الله الثبيتي,Makkah,10011485,Unclassified/Other,Active,292797
Hotel Zahrat sita,فندق زهرة ستة,Madinah,10009514,1-Star,Active,230693
Hotel Dorra EL Manabar,فندق درة المنابر الفندقية,Madinah,10009379,1-Star,Active,301495
Anwar Albaraka Hotel,فندق انوار البركة الفندقية,Madinah,10009502,1-Star,Active,244215
Diyar Alnoor Motel,نزل ديار النور للضيافة السياحي,Madinah,10009496,Unclassified/Other,Active,232437
Rowdah Almokhtara hotel,فندق روضة المختارة,Madinah,10008858,1-Star,Active,231387
Diyafat Almokhtara hotel,فندق شركة ضيافة المختارة للخدمات الفندقيه,Madinah,10008854,1-Star,Active,234559
Hotel AL-RAYYAN FADI For Hotel Services,فندق الريان الفضي للخدمات الفندقيه,Madinah,10008853,1-Star,Active,227385
Kayan International Hotel,شركة كيان العالمي للخدمات الفندقيه,Madinah,10008851,1-Star,Active,227043
Taibah hills company,شركة طيبة هيلز,Madinah,10008845,1-Star,Active,225066
"""Sedra International Hotel and Hospitality Service",شركة فندق سدرة العالمي للخدمات الفندقيه,Madinah,10010287,1-Star,Active,223391
Funduq Surur Taib Aldhahabiat Alfunduqiafunduq,شركة فندق سرور طيبة الذهبية الفندقية,Madinah,10010559,1-Star,Active,244535
Rahaba Al Bait Hotel Company,شركة رحابة البيت الفندقية,Madinah,10010280,1-Star,Active,254456
Manazel Alsafiyah Hotel,شركة منازل الصافية لتشغيل الفنادق,Madinah,10010275,1-Star,Active,239515
jawharat alkarawan,مؤسسة جوهرة الكروان للشقق المخدومة,Madinah,10010577,Code 27,Active,298255
Marjan Rose Hotel Company One Person,شركة مرجان روز الفندقية شخص واحد,Madinah,10009769,1-Star,Active,239368
DEEM ALMADINAH HOTEL,شركة ديم المدينة الفندقية,Madinah,10009600,1-Star,Active,244635
Zahrat Three Hotel,فندق زهرة ثلاثة,Madinah,10009753,1-Star,Active,228562
Durrat Balensia Hotel,فندق درة بلنسية الفندقية,Madinah,10006704,1-Star,Active,254815
Grand Plaza Badr Al Maqam,جراند بلازا بدر المقام,Madinah,10007247,2-Star,Active,221922
Rawabi Salam Hotel,شركة روابي سلام لتشغيل الفنادق,Makkah,10010653,1-Star,Active,250222
KARAM MEDYAF HOTEL,فندق كرم مضياف الفندقية,Makkah,10010654,1-Star,Active,246550
Dufla Ithnan Hotel for hospitality tourism,فندق دفلى اثنان للضيافة السياحي,Makkah,10011067,1-Star,Active,289977
Jawharat Ohod Hotels,شركة جوهرة أحد الفندقية,Madinah,10011064,Unclassified/Other,Active,300755
arafat aldhahabiya Company Hotel,شركة عرفات الذهبية,Makkah,10011060,1-Star,Active,289157
Safwat al Abrar Hotel For Tourist Accommodation,فندق صفوة الابرار للايواء السياحي,Makkah,10011242,Unclassified/Other,Active,291915
Manazil Qurban Hotel For Hotel Apartments,فندق منازل قربان للشقق الفندقية,Madinah,10011240,1-Star,Active,290395
HOTE AL SHAAB GOLDEN,فندق الشعب الذهبي الفندقية,Makkah,10011239,1-Star,Active,299705
Kunuz AlTaqwa Hotel Hotel,فندق كنوز التقوي الفندقية,Madinah,10011238,1-Star,Active,290275
Safwat al Abrar Hotel For Tourist Accommodation,فندق صفوة الابرار للايواء السياحي,Makkah,10011237,Unclassified/Other,Active,291777
Diamond Tower Hotel Apartments,فندق البرج الماسي للشقق الفندقية,Makkah,10011098,Unclassified/Other,Active,297015
ALI HUSSAIN ALQURASHI Hostel For tourist lodges,نزل على بن حسين القرشي للنزل السياحيه,Makkah,10011484,Unclassified/Other,Active,292342
Establishment For General Contracting,مؤسسة حمدي بن محمد بن حمدي القرشي للمقاولات العامة,Makkah,10011530,Unclassified/Other,Active,291957
Al Izz Al Aam Establishment For Trading,مؤسسة العز العام للتجارة,Makkah,10011529,Unclassified/Other,Active,292215
Osama Saad Sunki General Contracting Establishment,مؤسسة أسامه سعد بن حامد سنكى للمقاولات العامة,Makkah,10011528,Unclassified/Other,Active,291965
Luluat Saltanah Hostel For Tourist Lodges,نزل لؤلؤة سلطانة للنزل السياحية,Madinah,10011527,Unclassified/Other,Active,291856
Diyafat Al Naseem Al Mumayyaz Establishment,مؤسسة ضيافة النسيم المميز للوحدات السكنية,Makkah,10011526,Unclassified/Other,Active,292737
Bayt al Hajjij2 Hotel,فندق بيت الحجيج,Makkah,10011525,1-Star,Active,299900
hasan bin muhammad shaykh jamal allayl charitable,وقف حسن بن محمد شيخ جمل الليل,Makkah,10011524,Unclassified/Other,Active,293962
Durat Tabah Hotel,درة طابة الفندقية,Madinah,10008841,Unclassified/Other,Active,235917
Durrat AlIman Hotel Company,شركة درة الإيمان الفندقية,Madinah,10008838,1-Star,Active,230873
MERCAN MEDINE Golden  Hotel,فندق مرجان المدينة الذهبي,Madinah,10008837,1-Star,Active,235882
tamkeen hotel company,شركة فندق تمكين الفندقية شركة شخص واحد,Madinah,10008006,1-Star,Active,271661
Wrdt Alrayan Hotel,وردة الريان,Madinah,10008206,1-Star,Active,235783
Gulnar Taiba hotel,فندق جلنار طيبة,Madinah,10008193,1-Star,Active,235898
Saraya Harmony Hotel B,فندق سراياهارموني(ب),Madinah,10008191,1-Star,Active,235753
Kinan Almadina,كنان المدينة,Madinah,10008188,1-Star,Active,235741
Jiwar Almadina Hotel,فندق جوار المدينة الفندقية,Madinah,10007240,1-Star,Active,227663
MANAZIL ALOUROBA FOR FUMISHED,شقق منازل العروبة للشقق المخدومة,Madinah,10007232,2-Star,Active,271575
park plus serviced APARTMENT,شقق بارك بلس للشقق المخدومة,Madinah,10007269,2-Star,Active,259460
nusuk hotel campany,شركة نسك الهجرة للخدمات الفندقيه,Madinah,10006600,2-Star,Active,235773
zaha taiba hotel,فندق زها طيبة الفندقية,Madinah,10006193,1-Star,Active,235808
Emaar Taibah,فندق اعمار طيبة الفندقية,Madinah,10006586,1-Star,Active,235840
The Biltmore Almadinah Hotel,فندق ذا بيلتمور المدينة,Madinah,10007189,Unclassified/Other,Active,235740
Maien Taiba,معين طيبة الفندقية,Madinah,10007188,1-Star,Active,235780
alsahabat Hotel Establishment,فندق السحابات الفندقية,Madinah,10007176,1-Star,Active,271440
AL MANAZEL WADIYAR AL MADINAH HOTEL,فندق المنازل وديار المدينة الفندقية,Madinah,10007174,1-Star,Active,222930
